;D315_S4;D316_S5;D317_S6;D321_S10;D322_S11;D323_S12;D327_S16;D328_S17;D329_S18;D333_S22;D334_S23;D335_S24;D339_S28;D340_S29;D341_S30;D345_S34;D346_S35;D347_S36;D351_S40;D352_S41;D353_S42;D358_S45;D359_S46
____Hydrogenedentes;0,01810847;0,012365355;0,018544982;0,009406895;0,01045947;0,012536715;0;0,017729676;0,009317928;0,023469148;0,010640436;0;0;0,013984617;0,015400964;0;0,00823113;0,014814147;0;0;0,005932254;0,008744535;0,010795639
___028H05-P-BN-P5_Planctomycetes;0;0;0;0;0;0;0;0;0;0;0;0;0,01223049;0;0;0;0;0;0;0;0;0;0
___ARKICE-90_Proteobacteria;0,029174757;0;0,01636322;0,012542527;0,038849458;0,016118633;0;0,01541711;0,01677227;0,014285569;0,020098601;0,023787898;0,013977706;0;0,009240578;0;0,00823113;0,070206174;0,022197558;0;0,069868765;0;0,076244197
___Elev-16S-509_Proteobacteria;0;0;0;0;0;0;0;0;0;0;0;0;0;0;0;0;0;0;0;0;0;0;0
___JG30-KF-CM66_Chloroflexi;0;0;0;0;0;0;0;0;0;0;0;0;0;0;0;0;0;0;0;0;0;0;0
___ML635J-21_Cyanobacteria;0;0;0;0;0;0;0;0;0;0;0;0;0;0;0;0;0;0;0;0;0;0;0
___OM190_Planctomycetes;0,35613324;0,17311497;0,32617352;0,27750341;0,25102727;0,33132746;0,40057611;0,2597783;0,28233321;0,17244722;0,23290732;0,16651529;0,27081805;0,25172311;0,28491784;0,18476892;0,19260844;0,31109708;0,05976266;0,19746075;0,22278908;0,13866333;0,13427075
___SPOTSOCT00m83_Proteobacteria;0,020120522;0,037096065;0,031635558;0,031356318;0,023907359;0,019700552;0,040507696;0,010021121;0,008386135;0,024489546;0,016551789;0,018381558;0;0,037958246;0,024641543;0,009414977;0,023047164;0,0289842;0,010245027;0,013055256;0,012523647;0,009993754;0,016193458
___TA18_Proteobacteria;0;0;0;0;0;0;0;0;0;0;0;0;0;0;0;0;0;0;0;0;0;0;0
__42095_Bacilli_Firmicutes;0;0;0;0;0;0;0;0;0;0;0;0;0;0;0;0;0;0;0;0;0;0;0
__B38_Gammaproteobacteria_Proteobacteria;0;0;0;0;0;0;0;0;0;0;0;0;0;0;0;0;0;0;0;0;0;0;0
__E6aD10_Alphaproteobacteria_Proteobacteria;0;0;0;0;0;0;0;0;0;0;0;0;0;0;0;0;0;0;0;0;0;0;0
__Hot-Creek-32_Betaproteobacteria_Proteobacteria;0;0;0;0;0;0;0;0;0;0;0;0;0;0;0;0;0;0,003220467;0;0;0;0;0,003373637
__oca12_Betaproteobacteria_Proteobacteria;0;0;0;0;0;0;0;0;0;0;0;0;0;0;0;0;0;0;0;0;0;0;0
__OCS116-clade_Alphaproteobacteria_Proteobacteria;0;0;0;0;0;0;0;0;0;0;0;0;0;0;0;0;0;0;0;0;0;0;0,004723092
_AKIW852_Sphingomonadales_Alphaproteobacteria_Proteobacteria;0;0;0;0;0;0;0;0;0;0;0;0;0;0;0;0;0;0,033492854;0;0;0,005932254;0;0,011470366
_alphaI-cluster_Rhizobiales_Alphaproteobacteria_Proteobacteria;0;0;0;0;0;0;0;0;0;0;0;0;0;0;0;0;0;0;0;0;0;0;0
_AT-s3-44_Rhodospirillales_Alphaproteobacteria_Proteobacteria;0;0;0;0;0;0;0;0;0;0;0;0;0;0;0;0;0;0;0;0;0;0;0
_BIgi5_Order-III_Cytophagia_Bacteroidetes;0,006036157;0;0,006545288;0,007839079;0,022413149;0,010745755;0,022504276;0,011562832;0,004658964;0,012244773;0;0,006487609;0;0;0;0,007061233;0,00823113;0,006440933;0;0;0,004613975;0;0,006072547
_Blfdi19_Myxococcales_Deltaproteobacteria_Proteobacteria;0;0;0;0;0;0;0;0;0;0;0;0;0;0;0;0;0;0;0;0;0;0;0
_C2U_Rhizobiales_Alphaproteobacteria_Proteobacteria;0;0;0;0;0;0;0;0;0;0;0;0;0;0;0;0;0;0;0;0;0;0;0
_Comamonadaceae_Burkholderiales_Betaproteobacteria_Proteobacteria;0;0;0;0;0;0;0;0;0;0;0;0;0;0;0;0;0;0;0;0;0;0;0
_ctg-CGOF202_Sphingomonadales_Alphaproteobacteria_Proteobacteria;0;0;0;0;0;0;0;0;0;0;0;0;0;0;0;0;0;0;0;0;0,1107354;0;0
_D05-2_Rhizobiales_Alphaproteobacteria_Proteobacteria;0;0;0;0;0;0;0;0;0;0;0;0;0;0;0;0;0;0,00386456;0;0;0;0;0
_DA111_Rhodospirillales_Alphaproteobacteria_Proteobacteria;0;0;0;0;0;0;0;0;0;0;0;0;0;0;0;0;0;0;0;0;0;0;0
_DEV007_Verrucomicrobiales_Verrucomicrobiae_Verrucomicrobia;0,077464009;0,060452847;0,065452879;0,059577003;0,040343668;0,044773981;0,054010262;0,02389652;0,02702199;0,014285569;0,022463143;0,021625362;0,024460985;0,067925282;0,010780675;0,010591849;0;0,037357414;0,008537522;0,035901955;0,012523647;0;0,010795639
_DSSF69_Sphingomonadales_Alphaproteobacteria_Proteobacteria;0,008048209;0;0;0;0;0;0;0;0;0;0;0;0;0;0;0;0;0;0;0;0;0;0
_GR-WP33-58_Desulfuromonadales_Deltaproteobacteria_Proteobacteria;0,097584531;0,067322488;0,04145349;0,04546666;0,050803138;0,041192062;0,1305248;0,095586081;0,054975773;0,101019377;0,026009955;0,067038623;0,059405249;0,145839576;0,03850241;0,048251756;0,088896205;0,039933787;0,018782549;0,042429583;0,067232208;0,034978139;0,034411098
_JG34-KF-161_Sphingomonadales_Alphaproteobacteria_Proteobacteria;0;0;0;0;0;0;0;0;0;0;0;0;0;0;0;0;0;0;0;0;0;0;0
_JG34-KF-361_Rhizobiales_Alphaproteobacteria_Proteobacteria;0;0;0;0;0;0;0;0;0;0;0;0;0;0;0;0;0;0;0;0;0;0;0
_MND8_Rhodospirillales_Alphaproteobacteria_Proteobacteria;0;0;0;0;0;0;0;0;0;0;0;0;0;0;0;0;0;0;0;0;0;0;0
_MNG7_Rhizobiales_Alphaproteobacteria_Proteobacteria;0;0;0;0;0;0;0;0;0;0;0;0;0;0;0;0;0;0;0;0;0;0;0
_NS11-12-marine-group_Sphingobacteriales_Sphingobacteriia_Bacteroidetes;0,231386002;0,215706749;0,154905148;0,126993086;0,162868883;0,218497027;0,081015393;0,40392828;0,127655609;0,073468638;0,152512916;0,182734311;0,281301324;0,069923085;0,101646363;0,112979722;0,085603753;0,124310015;0,076837702;0,110969679;0,2247665;0,106183635;0,205117133
_NS7-marine-group_Flavobacteriales_Flavobacteriia_Bacteroidetes;0,029174757;0,031600352;0,007636169;0,007839079;0,016436309;0,025073429;0;0,067835284;0,021431234;0,011224375;0,031921308;0,024869167;0,029702624;0;0;0,014122465;0;0,00386456;0;0,008159535;0,00922795;0,011242973;0,005397819
_NS9-marine-group_Flavobacteriales_Flavobacteriia_Bacteroidetes;0;0;0;0;0;0;0;0;0;0;0;0;0;0;0;0;0;0;0;0;0;0;0
_OPB56_Chlorobiales_Chlorobia_Chlorobi;0,066397722;0,037096065;0,029453796;0,034491949;0,062756817;0,06984741;0;0,063981006;0,032612747;0,046938297;0,014187248;0,045413261;0,026208198;0,04994506;0,013860868;0,029421803;0,047740555;0,014814147;0;0,033454094;0,054708562;0,017489069;0,014844003
_Phyllobacteriaceae_Rhizobiales_Alphaproteobacteria_Proteobacteria;0;0;0;0;0,011953679;0;0;0;0;0;0;0;0;0;0;0;0;0;0;0;0;0;0,010120911
_Rhodobacteraceae_Rhodobacterales_Alphaproteobacteria_Proteobacteria;0;0,009617498;0;0,009406895;0;0,012536715;0;0,023125665;0,019567648;0,020407955;0,018916331;0,006487609;0,013977706;0;0,055443471;0,029421803;0,011523582;0,02318736;0,008537522;0,035086002;0,020433318;0;0,004048364
_Rhodobiaceae_Rhizobiales_Alphaproteobacteria_Proteobacteria;0;0;0;0;0;0;0;0;0;0;0,007093624;0;0;0;0;0;0;0;0;0;0;0;0
_Rhodospirillaceae_Rhodospirillales_Alphaproteobacteria_Proteobacteria;0;0;0;0;0;0;0;0;0;0;0;0;0;0;0;0;0;0;0;0;0;0;0
_SAR116-clade_Rickettsiales_Alphaproteobacteria_Proteobacteria;0;0;0;0;0;0;0;0;0;0;0;0;0;0;0;0;0;0;0;0;0;0;0
_SHWN-night2_Rickettsiales_Alphaproteobacteria_Proteobacteria;0,010060261;0,020608925;0,017454101;0,021949422;0,01045947;0;0,027005131;0,006937699;0,013976892;0,005101989;0,009458165;0;0,012230492;0;0,009240578;0;0,011523582;0,006440933;0,008537522;0,006527628;0,00922795;0,013741412;0,010120911
_Sphingomonadaceae_Sphingomonadales_Alphaproteobacteria_Proteobacteria;0;0;0;0;0;0;0;0;0;0;0;0;0;0;0;0;0;0;0;0;0;0;0
_T9d_Rickettsiales_Alphaproteobacteria_Proteobacteria;0;0;0;0;0;0;0;0;0;0;0;0;0;0;0;0;0;0;0;0;0;0;0
_TM146_Solirubrobacterales_Thermoleophilia_Actinobacteria;0;0;0;0;0;0;0;0;0;0;0;0;0;0;0;0;0;0;0;0;0;0;0
_uncultured_Gaiellales_Thermoleophilia_Actinobacteria;0,016096418;0,030226423;0,023999389;0,034491949;0,025401569;0,04656494;0,036006841;0,04625133;0,038203504;0,068366649;0,022463143;0,070282427;0,110074431;0,085905504;0,084705303;0,154170246;0,131698082;0,190007536;0,08366772;0,124024936;0,094256919;0,112429731;0,143042211
_uncultured_Rhizobiales_Alphaproteobacteria_Proteobacteria;0;0,006869642;0;0;0,00747105;0;0;0;0;0;0;0,049738333;0;0;0;0;0;0,044442441;0;0;0,044821472;0,008744535;0,003373637
_uncultured_Sphingomonadales_Alphaproteobacteria_Proteobacteria;0;0;0;0;0;0;0;0;0;0;0;0;0;0;0;0;0;0;0;0;0;0;0
_Verrucomicrobiaceae_Verrucomicrobiales_Verrucomicrobiae_Verrucomicrobia;0,01810847;0,019234997;0,021817626;0,014110343;0,011953679;0;0,022504276;0,011562832;0,013976892;0,005101989;0;0,010812681;0,010483279;0;0,009240578;0;0,013169808;0,009017307;0;0,004895721;0,005273114;0,008744535;0,006072547
_WCHB1-69_Sphingobacteriales_Sphingobacteriia_Bacteroidetes;0;0;0;0;0;0;0;0;0;0;0;0;0;0;0;0;0;0;0;0;0;0;0
_WW2-159_Sphingomonadales_Alphaproteobacteria_Proteobacteria;0;0;0;0;0;0;0;0;0;0;0;0;0;0;0;0;0;0;0;0;0;0;0
_Xanthobacteraceae_Rhizobiales_Alphaproteobacteria_Proteobacteria;0;0;0;0;0;0;0;0;0;0;0;0;0;0;0;0;0;0;0;0;0,003295696;0;0
Achromobacter_Alcaligenaceae_Burkholderiales_Betaproteobacteria_Proteobacteria;0,016096418;0,006869642;0,008727051;0,007839079;0,023907359;0,008954796;0;0,004625133;0,014908684;0,012244773;0,009458165;0;0,031449838;0;0,020021253;0,008238105;0;0,044442441;0,017075045;0,025294559;0,050094586;0,031230481;0,058701285
Acidovorax_Comamonadaceae_Burkholderiales_Betaproteobacteria_Proteobacteria;0,022132574;0,023356782;0,029453796;0,010974711;0,020918939;0;0;0,007708555;0,009317928;0,00918358;0,005911353;0,008650145;0,012230492;0,013984617;0,016941061;0,010591849;0,011523582;0,023831454;0,022197558;0,017135024;0,025047293;0,013741412;0,038459462
Acinetobacter_Moraxellaceae_Pseudomonadales_Gammaproteobacteria_Proteobacteria;0,016096418;0,021982853;0;0,02665287;0;0,017909592;0;0,004625133;0,004658964;0,006122387;0;0;0,020966558;0;0;0,010591849;0;0,010305493;0,008537522;0;0,021092457;0,007495315;0,008096729
Actibacterium_Rhodobacteraceae_Rhodobacterales_Alphaproteobacteria_Proteobacteria;0;0;0;0;0,00896526;0;0;0;0;0;0;0;0;0;0;0;0;0;0;0;0;0;0
Aequorivita_Flavobacteriaceae_Flavobacteriales_Flavobacteriia_Bacteroidetes;0,407440569;0,368212794;0,369808769;0,371572363;0,47814718;0,361773766;0,801152219;0,437845921;0,506895266;0,475505352;0,483548704;0,430344708;0,719851836;0,659274798;0,525172876;0,523708089;0,548193267;0,747148277;0,512251345;0,697640262;1,375623711;0,515927545;1,111276044
Aeromicrobium_Nocardioidaceae_Propionibacteriales_Actinobacteria_Actinobacteria;0;0;0;0;0;0;0;0,004625133;0;0;0;0;0;0;0;0;0;0,003220467;0;0;0;0;0
Aeromonas_Aeromonadaceae_Aeromonadales_Gammaproteobacteria_Proteobacteria;0,024144626;0,019234997;0,029453796;0,043898845;0,037355248;0;0;0,014646254;0,013976892;0,022448751;0,005911353;0,006487609;0;0,013984617;0,027721735;0,008238105;0,018108486;0,014170054;0;0,014687163;0,0184559;0,009993754;0,012819821
Aestuariivita_Rhodobacteraceae_Rhodobacterales_Alphaproteobacteria_Proteobacteria;0,007042183;0;0,007636169;0;0,01045947;0;0;0,003854277;0;0,00918358;0,010640436;0;0;0,009989012;0;0,014122465;0;0,016746427;0;0;0;0;0
Afifella_Rhodobiaceae_Rhizobiales_Alphaproteobacteria_Proteobacteria;0;0;0;0;0;0;0;0;0;0;0;0;0;0;0;0;0;0,006440933;0;0;0;0;0
Afipia_Bradyrhizobiaceae_Rhizobiales_Alphaproteobacteria_Proteobacteria;0;0;0;0;0;0;0;0;0;0;0;0;0;0;0;0;0;0;0;0;0;0;0,006747274
Agrococcus_Microbacteriaceae_Micrococcales_Actinobacteria_Actinobacteria;0;0;0;0;0;0;0;0;0;0;0;0;0;0;0;0;0;0;0;0,004079768;0;0;0
Ahrensia_Phyllobacteriaceae_Rhizobiales_Alphaproteobacteria_Proteobacteria;1,157936037;1,174708727;0,681800827;0,719627487;0,856182294;0,841750842;0,625618868;0,507993771;0,563734625;0,460199386;0,517834553;0,383850179;0,42107838;0,393567076;0,297238607;0,216544468;0,342415014;0,24475547;0,249295654;0,283135873;0,220811664;0,214865709;0,192297312
Albidiferax_Comamonadaceae_Burkholderiales_Betaproteobacteria_Proteobacteria;0;0;0;0;0;0;0;0;0,024226612;0;0;0;0;0;0;0;0;0;0;0;0;0;0
Algoriphagus_Cyclobacteriaceae_Cytophagales_Cytophagia_Bacteroidetes;0,011066287;0,021982853;0,020726745;0;0,013447889;0,028655348;0;0,019271387;0,012113306;0;0,016551789;0,005406341;0,015724919;0;0;0;0,011523582;0,01739052;0;0,004895721;0,011205368;0;0,006072547
Aliihoeflea_Phyllobacteriaceae_Rhizobiales_Alphaproteobacteria_Proteobacteria;0;0;0;0;0;0;0;0;0;0;0;0;0;0;0;0;0;0;0;0;0;0;0
Alkanindiges_Moraxellaceae_Pseudomonadales_Gammaproteobacteria_Proteobacteria;0;0;0;0;0;0;0;0;0;0;0;0;0;0;0;0,012945593;0;0;0;0;0;0;0
Altererythrobacter_Erythrobacteraceae_Sphingomonadales_Alphaproteobacteria_Proteobacteria;0;0;0;0;0;0;0;0;0;0;0;0,044331993;0;0;0;0;0;0,03284876;0;0,004079768;0;0;0
Alteromonas_Alteromonadaceae_Alteromonadales_Gammaproteobacteria_Proteobacteria;0,00503013;0;0;0;0;0;0;0;0;0;0;0;0;0;0;0;0;0;0;0;0,003295696;0;0
Aminobacter_Phyllobacteriaceae_Rhizobiales_Alphaproteobacteria_Proteobacteria;0;0;0;0;0;0;0;0;0;0;0;0;0;0;0;0,06119735;0;0,0096614;0;0;0;0;0,004723092
Amorphus_Caulobacteraceae_Caulobacterales_Alphaproteobacteria_Proteobacteria;0;0;0;0;0;0;0;0;0;0;0;0;0;0;0;0;0;0;0,008537522;0;0,003295696;0;0,006072547
Ancylobacter_Xanthobacteraceae_Rhizobiales_Alphaproteobacteria_Proteobacteria;0;0;0;0;0;0;0;0,004625133;0;0;0;0;0;0;0;0;0;0,00386456;0;0;0,005273114;0;0
Antarctobacter_Rhodobacteraceae_Rhodobacterales_Alphaproteobacteria_Proteobacteria;0,103620688;0,097548912;0,092724912;0,144239061;0,097123646;0,075220288;0,117022234;0,075543839;0,054043981;0,05918307;0,048473097;0,091907789;0,085613447;0,071920887;0,077004821;0,06708171;0,087249979;0,048307001;0,037565099;0,070172003;0,02834299;0,023735166;0,022940732
Aquabacterium_Comamonadaceae_Burkholderiales_Betaproteobacteria_Proteobacteria;0;0;0;0;0;0;0;0;0;0;0;0;0;0;0;0;0;0;0;0;0;0;0
Aquamicrobium_Phyllobacteriaceae_Rhizobiales_Alphaproteobacteria_Proteobacteria;0,009054235;0;0;0;0;0;0;0;0;0;0;0;0;0;0;0;0;0,027696014;0;0;0;0;0,014169276
Aquimonas_Xanthomonadaceae_Xanthomonadales_Gammaproteobacteria_Proteobacteria;0,011066287;0,013739283;0,009817932;0;0,016436309;0,012536715;0;0,003854277;0,009317928;0,005101989;0,005911353;0;0;0;0;0;0;0;0;0;0,003295696;0;0
Arcobacter_Campylobacteraceae_Campylobacterales_Epsilonproteobacteria_Proteobacteria;0,006036157;0,012365355;0,027272033;0,007839079;0,01045947;0;0;0;0;0,020407955;0,007093624;0,014056485;0;0,009989012;0,007700482;0;0;0,009017307;0;0;0;0;0,003373637
Arenibacter_Flavobacteriaceae_Flavobacteriales_Flavobacteriia_Bacteroidetes;0,103620688;0,151132117;0,170177486;0,12542527;0,179305192;0,179095924;0,202538482;0,161879654;0,132314573;0,078570627;0,12295615;0,148133731;0,078624594;0,073918689;0,118587424;0,075319815;0,097127336;0,162311522;0,035857594;0,03019028;0,087006387;0,103685197;0,089738746
Arthrobacter_Micrococcaceae_Micrococcales_Actinobacteria_Actinobacteria;0,01810847;0,010991427;0,011999695;0,007839079;0;0;0;0,003854277;0,013976892;0;0;0,005406341;0;0;0;0;0;0;0;0,004079768;0,003295696;0;0
Aureimonas_Aurantimonadaceae_Rhizobiales_Alphaproteobacteria_Proteobacteria;0;0;0;0;0;0;0;0;0;0;0;0;0;0;0;0;0;0;0;0;0;0;0
Azoarcus_Rhodocyclaceae_Rhodocyclales_Betaproteobacteria_Proteobacteria;0;0;0;0;0;0;0;0;0;0;0;0;0;0;0;0;0;0;0;0;0;0;0
Bacillus_Bacillaceae_Bacillales_Bacilli_Firmicutes;0;0;0;0;0;0;0;0;0;0;0;0;0;0;0;0;0;0;0;0;0;0;0
Bacteriovorax_Bacteriovoracaceae_Bdellovibrionales_Deltaproteobacteria_Proteobacteria;0;0;0;0;0;0;0;0;0;0;0;0;0;0;0;0;0;0;0;0;0;0;0
BAL58-marine-group_Comamonadaceae_Burkholderiales_Betaproteobacteria_Proteobacteria;0,011066287;0,017861068;0,007636169;0,014110343;0,025401569;0;0,031505986;0,010021121;0,015840477;0,007142784;0,007093624;0,016219022;0,019219345;0,009989012;0,009240578;0;0,00823113;0,012237773;0;0,013055256;0,012523647;0;0,006747274
Balneola_Unknown-Family_Order-III_Cytophagia_Bacteroidetes;0,017102444;0,01648714;0;0,017245975;0,014942099;0;0;0,003854277;0,013976892;0;0;0;0;0;0;0;0;0,006440933;0;0;0;0;0,004723092
Bartonella_Bartonellaceae_Rhizobiales_Alphaproteobacteria_Proteobacteria;0;0;0;0;0;0;0;0;0;0;0;0;0;0;0;0;0;0,00386456;0;0;0;0;0
Bauldia_Rhizobiales-Incertae-Sedis_Rhizobiales_Alphaproteobacteria_Proteobacteria;0,008048209;0;0;0;0;0;0;0;0;0;0;0;0;0;0;0;0;0;0;0;0,004613975;0;0
BD1-7-clade_Spongiibacteraceae_Cellvibrionales_Gammaproteobacteria_Proteobacteria;0;0;0;0;0;0;0;0;0;0;0;0;0;0;0;0;0;0;0;0;0;0;0
Blastomonas_Sphingomonadaceae_Sphingomonadales_Alphaproteobacteria_Proteobacteria;10,2201313;3,1790425;4,2797868;9,2427296;3,6890708;4,2226373;15,316847;5,3110091;5,6087446;9,8655394;7,9050214;6,3487935;22,7811917;9,3685572;9,5814604;26,6315516;10,2740935;7,3075973;24,4073;6,7224451;8,9224518;22,0835536;11,2542161
Blastopirellula_Planctomycetaceae_Planctomycetales_Planctomycetacia_Planctomycetes;0,010060261;0,006869642;0,007636169;0,010974711;0;0;0;0;0;0;0,011822707;0;0;0;0;0;0;0,00579684;0;0,014687163;0,004613975;0;0,003373637
Bosea_Bradyrhizobiaceae_Rhizobiales_Alphaproteobacteria_Proteobacteria;0;0;0,013090576;0;0;0;0;0;0;0;0;0;0;0;0;0,007061233;0;0;0;0;0;0;0
Boseongicola_Rhodobacteraceae_Rhodobacterales_Alphaproteobacteria_Proteobacteria;0;0;0;0;0;0;0;0;0,006522549;0;0;0;0;0;0;0;0;0,024475547;0;0;0,027024711;0;0
Bradyrhizobium_Bradyrhizobiaceae_Rhizobiales_Alphaproteobacteria_Proteobacteria;0,017102444;0,03297428;0,015272339;0,023517238;0,00747105;0,050146859;0,022504276;0,020042243;0,022363026;0,008163182;0,021280872;0,014056485;0;0;0,015400964;0,010591849;0;0,012881867;0;0,020398838;0,023069875;0,01623985;0,014169276
Brevundimonas_Caulobacteraceae_Caulobacterales_Alphaproteobacteria_Proteobacteria;0,083500166;0,068696417;0,080725218;0,094068953;0,038849458;0,044773981;0,067512827;0,04625133;0,039135296;0,036734319;0,036650391;0,029194239;0,054163609;0,047947258;0,044662796;0,024714314;0,034570747;0,083088041;0,023905063;0,046509351;0,042844054;0,022485946;0,043182554
Brucella_Brucellaceae_Rhizobiales_Alphaproteobacteria_Proteobacteria;0;0;0;0;0;0;0;0;0;0;0;0;0;0;0;0;0;0;0;0;0;0;0
Burkholderia_Burkholderiaceae_Burkholderiales_Betaproteobacteria_Proteobacteria;0;0;0;0;0;0;0;0;0;0;0;0;0;0;0;0;0;0;0;0;0;0;0
Caenimonas_Comamonadaceae_Burkholderiales_Betaproteobacteria_Proteobacteria;0;0;0;0;0;0;0;0;0;0;0;0;0;0;0;0;0;0;0;0;0;0;0
Candidatus-Aquiluna_Microbacteriaceae_Micrococcales_Actinobacteria_Actinobacteria;0;0;0;0,007839079;0,00896526;0;0;0;0;0;0;0;0;0;0;0;0;0;0;0;0;0;0
Caulobacter_Caulobacteraceae_Caulobacterales_Alphaproteobacteria_Proteobacteria;1,992937697;1,755880413;1,629776697;2,227866359;2,375793799;1,823196504;2,36294896;1,82076068;2,11982855;2,2234467;2,52769469;1,806799014;2,175280428;2,331435421;1,315242334;1,27219875;2,624084287;4,710898703;1,594809186;2,16309279;3,130911656;2,122423485;4,880303357
CB31G03_Microbacteriaceae_Micrococcales_Actinobacteria_Actinobacteria;0;0;0;0;0,00747105;0;0;0;0;0;0;0;0,008736066;0;0;0;0;0;0;0;0;0;0
Celeribacter_Rhodobacteraceae_Rhodobacterales_Alphaproteobacteria_Proteobacteria;0;0;0;0;0;0;0;0;0;0;0;0;0;0;0;0;0;0;0;0;0;0;0
Chelativorans_Phyllobacteriaceae_Rhizobiales_Alphaproteobacteria_Proteobacteria;0;0;0;0;0;0;0;0;0;0;0;0;0;0;0;0;0;0;0;0;0;0;0
Chlorochromatium_Comamonadaceae_Burkholderiales_Betaproteobacteria_Proteobacteria;0;0;0;0;0;0;0;0;0;0;0;0;0;0;0;0;0;0;0;0;0;0;0
Christensenellaceae-R-7-group_Christensenellaceae_Clostridiales_Clostridia_Firmicutes;0;0;0;0;0;0;0;0;0;0;0;0;0;0;0;0;0;0;0;0;0;0;0
Citreicella_Rhodobacteraceae_Rhodobacterales_Alphaproteobacteria_Proteobacteria;0,015090391;0,006869642;0,005454407;0,012542527;0,00896526;0,010745755;0;0,007708555;0,004658964;0;0,011822707;0;0,008736066;0;0;0;0,00823113;0,0096614;0;0,014687163;0;0,007495315;0
Cloacibacterium_Flavobacteriaceae_Flavobacteriales_Flavobacteriia_Bacteroidetes;0;0;0;0;0;0;0;0;0;0;0;0;0;0;0;0;0;0;0;0;0;0;0
Clostridium-sensu-stricto-13_Clostridiaceae-1_Clostridiales_Clostridia_Firmicutes;0;0;0;0;0;0;0;0;0;0;0;0;0;0;0;0;0;0;0;0;0;0;0
Cobetia_Halomonadaceae_Oceanospirillales_Gammaproteobacteria_Proteobacteria;0,013078339;0,006869642;0,005454407;0;0,01045947;0;0;0,010021121;0,029817369;0,013265171;0;0,015137754;0;0,029967036;0,013860868;0,01647621;0,018108486;0,016746427;0,008537522;0,009791442;0,005932254;0,017489069;0,014844003
Cohaesibacter_Phyllobacteriaceae_Rhizobiales_Alphaproteobacteria_Proteobacteria;0;0;0;0;0;0;0;0;0;0;0;0;0;0;0;0;0;0;0;0;0;0;0
Colwellia_Colwelliaceae_Alteromonadales_Gammaproteobacteria_Proteobacteria;0;0;0;0;0;0;0;0;0;0;0;0;0;0;0;0;0;0;0;0;0;0;0
Comamonas_Comamonadaceae_Burkholderiales_Betaproteobacteria_Proteobacteria;0,009054235;0,00824357;0,008727051;0,007839079;0,017930519;0;0;0,010021121;0,01024972;0,016326364;0,016551789;0;0,008736066;0;0,007700482;0,008238105;0,014816034;0,008373213;0;0,017950978;0,021092457;0;0,017542913
Crocinitomix_Cryomorphaceae_Flavobacteriales_Flavobacteriia_Bacteroidetes;0,007042183;0,023356782;0,022908508;0;0;0,010745755;0;0;0;0,008163182;0,010640436;0;0;0;0;0;0;0,003220467;0;0;0,004613975;0;0
Cupriavidus_Burkholderiaceae_Burkholderiales_Betaproteobacteria_Proteobacteria;0,16901238;0,19921961;0,2509027;0,24144365;0,39297721;0,24357046;0,04500855;0,15725452;0,28792397;0,14489648;0,11113344;0,11677696;0,14327148;0,15183298;0,35268208;0,09885726;0,14322166;0,1545824;0,09049774;0,07098796;0,26563314;0,06121174;0,12280039
Defluviicoccus_Rhodospirillaceae_Rhodospirillales_Alphaproteobacteria_Proteobacteria;0;0;0;0,009406895;0;0;0;0,005395988;0;0;0;0;0;0;0;0;0;0;0;0;0,003954836;0;0
Defluviimonas_Rhodobacteraceae_Rhodobacterales_Alphaproteobacteria_Proteobacteria;0,065391696;0,035722137;0,03272644;0,029788502;0,047814718;0,010745755;0,036006841;0,049334752;0,063361908;0,039795512;0,01773406;0,117858224;0,024460985;0,017980222;0,035422217;0;0,018108486;0,173905202;0;0;0,055367701;0,017489069;0,061400194
Deinococcus_Deinococcaceae_Deinococcales_Deinococci_Deinococcus-Thermus;0;0;0;0;0;0;0;0;0;0;0;0;0;0;0;0;0;0,00579684;0;0;0,008568811;0;0,016193458
Delftia_Comamonadaceae_Burkholderiales_Betaproteobacteria_Proteobacteria;0;0;0;0;0;0;0;0;0;0;0;0;0;0;0;0;0;0;0;0;0;0;0
Desulfovibrio_Desulfovibrionaceae_Desulfovibrionales_Deltaproteobacteria_Proteobacteria;0;0;0;0;0;0;0;0;0;0;0;0;0;0;0;0;0;0;0;0,005711675;0;0;0
Devosia_Hyphomicrobiaceae_Rhizobiales_Alphaproteobacteria_Proteobacteria;0,06438567;0,042591778;0,052362304;0,054873556;0,049308928;0,051937818;0,040507696;0,043167908;0,031680954;0,047958694;0,034285849;0,038925652;0,04368033;0,103885726;0,053903374;0,049428629;0,02469339;0,063765241;0,087082729;0,068540096;0,092938641;0,047470331;0,064099104
Diplosphaera_Opitutaceae_Opitutales_Opitutae_Verrucomicrobia;0,010060261;0,006869642;0;0;0,011953679;0;0;0,012333688;0;0;0,011822707;0,005406341;0;0;0,010780675;0;0;0;0;0;0,005273114;0;0
Dokdonella_Xanthomonadaceae_Xanthomonadales_Gammaproteobacteria_Proteobacteria;0,067403748;0,071444273;0,092724912;0,07995861;0,092641016;0,123576187;0,067512827;0,087106671;0,120201267;0,238773074;0,121773879;0,153540072;0,223643289;0,293676955;0,260276293;0,321286086;0,260103712;0,486290473;0,614701614;0,283951826;0,394165299;0,727045597;0,790105797
Dokdonia_Flavobacteriaceae_Flavobacteriales_Flavobacteriia_Bacteroidetes;0;0;0;0;0;0;0;0;0;0;0;0;0;0;0;0;0;0;0;0;0,003295696;0;0
Dyadobacter_Cytophagaceae_Cytophagales_Cytophagia_Bacteroidetes;0,020120522;0,017861068;0,011999695;0;0,014942099;0,008954796;0;0,028521653;0,004658964;0;0,013004977;0;0;0;0;0,005884361;0;0,00386456;0;0;0;0,007495315;0,003373637
Endozoicomonas_Hahellaceae_Oceanospirillales_Gammaproteobacteria_Proteobacteria;0;0;0;0;0;0;0;0;0;0;0;0;0;0;0;0;0;0;0;0;0;0;0
Ensifer_Rhizobiaceae_Rhizobiales_Alphaproteobacteria_Proteobacteria;0;0;0;0;0;0;0;0;0;0;0;0;0;0;0;0;0;0,010949587;0;0;0,01911504;0;0
Erythrobacter_Erythrobacteraceae_Sphingomonadales_Alphaproteobacteria_Proteobacteria;0,007042183;0,00824357;0,008727051;0;0,01045947;0;0;0,03083422;0,020499441;0,046938297;0,015369519;0,021625362;0,026208198;0;0,018481157;0,01647621;0,021400938;0,107563588;0,011952531;0,008159535;0,138419252;0,006246096;0,118077297
Escherichia-Shigella_Enterobacteriaceae_Enterobacteriales_Gammaproteobacteria_Proteobacteria;0,034204887;0;0,019635864;0;0,016436309;0;0;0,018500532;0,015840477;0,007142784;0,007093624;0,010812681;0;0;0,009240578;0;0;0,033492854;0;0;0,020433318;0;0,032386916
Exiguobacterium_Family-XII_Bacillales_Bacilli_Firmicutes;0;0;0,006545288;0;0;0;0;0;0,006522549;0;0;0;0;0;0;0;0;0;0;0;0;0;0,004048364
Falsirhodobacter_Rhodobacteraceae_Rhodobacterales_Alphaproteobacteria_Proteobacteria;0,236416133;0,0824357;0,430898123;0,133264349;0,085169966;0,085966043;0,126023945;0,080168972;0,071748043;0,089795002;0,072118511;0,071363695;0,118810497;0,069923085;0,077004821;0,050605501;0,085603753;0,125598202;0,075130197;0,0579327;0,033616104;0,021236727;0,037110008
Ferrovibrio_Rhodospirillaceae_Rhodospirillales_Alphaproteobacteria_Proteobacteria;3,3430247;4,0668279;4,6307912;5,6676544;8,2330967;5,668386;5,7520929;6,566918;7,3891167;6,4325874;6,9411111;6,1978288;4,7104868;6,5188293;9,6256026;3,9001542;5,1197629;6,527886;3,0871681;3,6897418;3,5389189;4,0262336;4,1691407
Ferruginibacter_Chitinophagaceae_Sphingobacteriales_Sphingobacteriia_Bacteroidetes;0;0;0;0;0;0;0;0;0;0;0;0;0;0;0;0;0;0,01867871;0;0;0,0184559;0,04372267;0,03913419
Filomicrobium_Hyphomicrobiaceae_Rhizobiales_Alphaproteobacteria_Proteobacteria;0,00503013;0;0;0;0;0;0;0;0;0;0;0;0;0;0;0;0;0;0;0;0;0;0
Flavobacterium_Flavobacteriaceae_Flavobacteriales_Flavobacteriia_Bacteroidetes;0,068409775;0,120905694;0,059998473;0,112882743;0,101606276;0,078802206;0,058511117;0,107148914;0,07081625;0,038775115;0,066207157;0,049738333;0,052416396;0,021975827;0,015400964;0,029421803;0,049386781;0,086308508;0,022197558;0,02774242;0,063277372;0,021236727;0,031037461
Fluviicola_Cryomorphaceae_Flavobacteriales_Flavobacteriia_Bacteroidetes;1,476846309;1,509947241;0,955612039;0,950096421;0,906985431;0,668027796;0,517598344;0,590475309;0,391352963;0,480607341;0,575765816;0,903940141;0,428067233;0,293676955;0,403505259;0,488401925;0,299613137;0,425101606;0,104157773;0,166454519;0,385596488;0,271080575;0,338038432
Frankia_Frankiaceae_Frankiales_Actinobacteria_Actinobacteria;0;0;0;0;0;0;0;0;0;0;0;0;0;0;0;0;0;0;0;0;0;0;0
Frondihabitans_Microbacteriaceae_Micrococcales_Actinobacteria_Actinobacteria;0;0;0;0;0;0;0;0;0;0;0;0;0;0;0;0;0;0;0;0;0;0;0
Gallaecimonas_Unknown-Family_Gammaproteobacteria-Incertae-Sedis_Gammaproteobacteria_Proteobacteria;0;0,027478567;0,009817932;0;0;0;0,022504276;0,024667376;0,02702199;0,026530342;0,022463143;0,044331993;0,048921969;0,033962641;0,012320771;0,055312989;0,018108486;0,047662907;0,093912747;0,0579327;0,035593522;0,024984385;0,046556191
Gemmobacter_Rhodobacteraceae_Rhodobacterales_Alphaproteobacteria_Proteobacteria;0;0,019234997;0;0;0;0,028655348;0;0;0,029817369;0,011224375;0,008275895;0;0,013977706;0;0;0,007061233;0,051033007;0,047662907;0;0,004079768;0,003954836;0;0,007422002
GKS98-freshwater-group_Alcaligenaceae_Burkholderiales_Betaproteobacteria_Proteobacteria;0,044265148;0,046713563;0,033817321;0,037627581;0,047814718;0,016118633;0;0,030063364;0,032612747;0,014285569;0,029556767;0,031356775;0,020966558;0,031964839;0;0,010591849;0,032924521;0,01159368;0;0,01631907;0,016478482;0,009993754;0,013494548
Gordonia_Nocardiaceae_Corynebacteriales_Actinobacteria_Actinobacteria;0;0;0;0;0;0;0;0;0;0;0;0;0;0;0;0;0;0;0;0;0;0;0
Haematobacter_Rhodobacteraceae_Rhodobacterales_Alphaproteobacteria_Proteobacteria;0,007042183;0;0;0;0;0;0;0,006166844;0;0;0;0;0;0;0;0;0,00823113;0;0;0;0;0;0
Halomonas_Halomonadaceae_Oceanospirillales_Gammaproteobacteria_Proteobacteria;0;0;0;0;0;0;0;0;0;0,005101989;0;0;0;0;0;0;0;0;0;0;0;0;0
Hoeflea_Phyllobacteriaceae_Rhizobiales_Alphaproteobacteria_Proteobacteria;4,4687679;4,7057046;4,9951456;5,8714705;5,2835263;5,4552618;5,1939869;5,1493147;7,4422288;5,3203539;6,3038672;5,7858657;7,4378866;8,6484867;8,8447737;8,7724047;7,2911351;7,3053067;9,8796209;7,9269885;8,3915024;6,0899438;5,4011929
Hydrogenophaga_Comamonadaceae_Burkholderiales_Betaproteobacteria_Proteobacteria;0,142855706;0,114036052;0,112360776;0,094068953;0,097123646;0,121785228;0,036006841;0,089419237;0,103428997;0,076529831;0,079212135;0,098395398;0,080371807;0,059934073;0,053903374;0,035306163;0,049386781;0,081155761;0,01536754;0,020398838;0,042844054;0,026233604;0,035760553
Hyphomicrobium_Hyphomicrobiaceae_Rhizobiales_Alphaproteobacteria_Proteobacteria;0,038228992;0,015113212;0,023999389;0,039195397;0,019424729;0,039401103;0,022504276;0,058585018;0,02702199;0,096937786;0,05320218;0,12002076;0,176468533;0,087903306;0,149389352;0,230666933;0,075726397;0,086308508;0,162212926;0,150951402;0,127873023;0,13116802;0,155862032
Hyphomonas_Hyphomonadaceae_Caulobacterales_Alphaproteobacteria_Proteobacteria;0,238428185;0,287151022;0,256357111;0,180298826;0,24654464;0,231033742;0,198037627;0,26517429;0,238538949;0,23571188;0,238818675;0,263829419;0,270818045;0,301668165;0,198672437;0,209483235;0,159683925;0,144276909;0,095620251;0,213779823;0,141055809;0,124921924;0,126848753
Idiomarina_Idiomarinaceae_Alteromonadales_Gammaproteobacteria_Proteobacteria;0;0,027478567;0,013090576;0;0;0;0;0;0;0;0;0;0;0;0;0;0;0;0;0;0;0;0
Ilumatobacter_Acidimicrobiaceae_Acidimicrobiales_Acidimicrobiia_Actinobacteria;0,091548375;0,083809628;0,091634031;0,061144819;0,053791558;0,060892614;0,027005131;0,07014785;0,075475214;0,034693524;0,066207157;0,032438043;0,069888528;0,023973629;0,047742989;0,04472114;0,060910363;0,068273894;0,013660036;0,018766931;0,073823601;0,014990631;0,034411098
Imperialibacter_Flammeovirgaceae_Cytophagales_Cytophagia_Bacteroidetes;0,033198861;0,02473071;0,021817626;0,037627581;0,026895779;0,016118633;0;0,006937699;0,024226612;0;0,013004977;0,009731413;0;0,009989012;0,009240578;0;0,009877356;0,02318736;0;0;0,012523647;0;0
Jahnella_Polyangiaceae_Myxococcales_Deltaproteobacteria_Proteobacteria;0;0;0;0;0;0;0;0;0;0;0;0;0;0;0;0;0;0;0;0;0;0;0
Jannaschia_Rhodobacteraceae_Rhodobacterales_Alphaproteobacteria_Proteobacteria;0;0;0;0;0;0;0;0;0;0;0;0;0;0;0;0;0;0,003220467;0;0;0;0;0
Jatrophihabitans_Frankiaceae_Frankiales_Actinobacteria_Actinobacteria;0;0;0;0;0;0;0;0;0;0;0;0;0;0;0;0,007061233;0;0,016102334;0;0;0;0;0,008771456
Jhaorihella_Rhodobacteraceae_Rhodobacterales_Alphaproteobacteria_Proteobacteria;0;0;0;0;0,00896526;0;0;0;0;0;0;0;0;0;0;0;0;0;0;0;0;0;0
Kaistia_Rhizobiaceae_Rhizobiales_Alphaproteobacteria_Proteobacteria;0;0;0;0;0;0;0;0;0;0;0;0;0;0;0;0;0;0;0;0;0;0;0
Kerstersia_Alcaligenaceae_Burkholderiales_Betaproteobacteria_Proteobacteria;0;0;0;0;0;0;0;0;0;0;0;0;0;0;0;0;0,011523582;0,032204667;0;0;0;0;0,004048364
Ketogulonicigenium_Rhodobacteraceae_Rhodobacterales_Alphaproteobacteria_Proteobacteria;0,074445931;0,04946142;0,053453185;0,086229873;0,035861038;0,066265492;0,045008552;0,035459353;0,032612747;0,03163233;0,027192225;0,032438043;0,066394101;0,051942863;0,053903374;0,030598675;0,02469339;0,041221974;0,023905063;0,044877444;0,038230079;0,019987508;0,018892367
Kiloniella_Sphingomonadales-Incertae-Sedis_Sphingomonadales_Alphaproteobacteria_Proteobacteria;0;0;0;0;0;0;0;0;0;0;0;0;0;0;0;0;0;0;0;0;0;0;0
Klebsiella_Enterobacteriaceae_Enterobacteriales_Gammaproteobacteria_Proteobacteria;0;0;0;0;0;0;0;0;0;0;0;0;0;0;0;0;0;0;0;0;0;0;0
Kordiimonas_Kordiimonadaceae_Kordiimonadales_Alphaproteobacteria_Proteobacteria;0,017102444;0,015113212;0,019635864;0;0,011953679;0,016118633;0;0,010021121;0,006522549;0;0,011822707;0,015137754;0,012230492;0;0;0;0;0,008373213;0;0;0;0;0
Labrenzia_Rhodobacteraceae_Rhodobacterales_Alphaproteobacteria_Proteobacteria;0;0;0;0;0;0;0;0;0;0;0;0;0;0;0;0;0;0;0;0;0;0;0
Labrys_Xanthobacteraceae_Rhizobiales_Alphaproteobacteria_Proteobacteria;0;0;0;0;0;0;0;0;0;0;0;0;0;0;0;0;0;0;0;0,007343582;0;0;0
Lapillicoccus_Intrasporangiaceae_Micrococcales_Actinobacteria_Actinobacteria;0;0;0;0;0;0;0;0;0;0;0;0;0;0;0;0;0;0,016746427;0;0;0;0;0
Lentibacter_Rhodobacteraceae_Rhodobacterales_Alphaproteobacteria_Proteobacteria;0,016096418;0,028852495;0,026181152;0,020381606;0,026895779;0;0;0;0;0;0,015369519;0,028112971;0,012230492;0,013984617;0,010780675;0;0;0;0;0,004079768;0,007250532;0,009993754;0,012819821
Leptothrix_Comamonadaceae_Burkholderiales_Betaproteobacteria_Proteobacteria;0;0;0;0;0;0;0;0;0;0;0;0;0;0;0;0;0;0;0;0;0;0,024984385;0
Lewinella_Saprospiraceae_Sphingobacteriales_Sphingobacteriia_Bacteroidetes;0,013078339;0,009617498;0,011999695;0;0,013447889;0,012536715;0;0,006166844;0,004658964;0;0,007093624;0;0;0;0;0;0;0;0;0;0;0;0
Limnobacter_Burkholderiaceae_Burkholderiales_Betaproteobacteria_Proteobacteria;0;0;0,008727051;0;0;0;0;0;0;0;0;0;0;0;0;0;0;0,004508653;0;0;0;0;0,005397819
Limnohabitans_Comamonadaceae_Burkholderiales_Betaproteobacteria_Proteobacteria;0;0;0,005454407;0;0;0,157604413;0;0,202734995;0;0;0,17615833;0;0;0,101887923;0,012320771;0,097680385;0;0;0;0,151767355;0,19642351;0,113678951;0,026989096
Loktanella_Rhodobacteraceae_Rhodobacterales_Alphaproteobacteria_Proteobacteria;0,106638766;0,149758189;0,159268673;0,233604565;0,176316773;0,102084677;0,261049599;0,13181629;0,080134178;0,086733809;0,072118511;0,136239782;0,150260335;0,095894516;0,190971955;0,056489861;0,097127336;0,175193389;0,155382908;0,034270048;0,099530034;0,056214866;0,087039836
Luteimonas_Xanthomonadaceae_Xanthomonadales_Gammaproteobacteria_Proteobacteria;0;0;0;0;0;0;0;0;0;0;0;0;0;0;0;0;0;0;0;0;0;0;0
Lutibacter_Flavobacteriaceae_Flavobacteriales_Flavobacteriia_Bacteroidetes;0;0;0;0;0;0;0;0;0;0;0;0;0;0;0;0;0;0;0;0;0;0;0
Magnetospira_Rhodospirillaceae_Rhodospirillales_Alphaproteobacteria_Proteobacteria;0;0;0;0;0;0;0;0;0;0;0;0;0;0;0;0;0;0;0;0;0;0;0
Maricaulis_Hyphomonadaceae_Caulobacterales_Alphaproteobacteria_Proteobacteria;0,056337461;0,046713563;0,043635253;0,032924133;0,040343668;0,064474533;0,031505986;0,031605075;0,013976892;0,008163182;0,022463143;0,035681848;0,013977706;0,023973629;0,030801928;0,014122465;0,026339616;0,014170054;0;0,013055256;0,011864507;0,007495315;0,01821764
Marinicella_Family-Incertae-Sedis_Order-Incertae-Sedis_Gammaproteobacteria_Proteobacteria;0,10563274;0,072818202;0,082906981;0,095636768;0,056779978;0,055519736;0,099018814;0,080939827;0,063361908;0,03163233;0,046108556;0,043250724;0,029702624;0,017980222;0,032342025;0,032952419;0,044448103;0,042510161;0,013660036;0,013055256;0,044162333;0,028732042;0,047230919
Marinobacterium_Oceanospirillaceae_Oceanospirillales_Gammaproteobacteria_Proteobacteria;0,4587479;0,19784568;0,371990531;0,32297007;0,264475159;0,313417867;0,369070123;0,382344326;0,364330973;0,218365119;0,197439202;0,189221919;0,260334766;0,12386375;0,255656004;0,243612527;0,228825418;0,314961644;0,102450269;0,123208982;0,334842762;0,174890693;0,182851128
Marinomonas_Oceanospirillaceae_Oceanospirillales_Gammaproteobacteria_Proteobacteria;0,043259122;0,06594856;0,05781671;0,081526426;0,026895779;0,078802206;0,049509407;0,043938763;0,038203504;0,034693524;0,018916331;0,011893949;0,055910822;0,04994506;0,035422217;0,009414977;0,014816034;0,03284876;0,010245027;0,020398838;0,023069875;0,008744535;0,012819821
Maritalea_Hyphomicrobiaceae_Rhizobiales_Alphaproteobacteria_Proteobacteria;0;0;0,007636169;0;0;0;0;0;0;0;0;0;0;0;0;0;0;0;0;0,004895721;0;0;0
Marivita_Rhodobacteraceae_Rhodobacterales_Alphaproteobacteria_Proteobacteria;0,024144626;0,013739283;0,028362914;0,047034476;0,020918939;0,017909592;0;0,030063364;0,013976892;0,012244773;0,021280872;0,01730029;0,015724919;0;0,020021253;0,023537442;0,019754712;0,012881867;0;0,008159535;0,012523647;0,024984385;0,006072547
Marmoricola_Nocardioidaceae_Propionibacteriales_Actinobacteria_Actinobacteria;0;0;0;0;0;0;0;0;0;0;0;0;0;0;0;0;0;0;0;0;0;0;0
Massilia_Oxalobacteraceae_Burkholderiales_Betaproteobacteria_Proteobacteria;1,451695657;0,913662343;1,345056671;0,896790681;1,346283153;1,246507629;0,904671888;0,959715092;1,133060007;0,809175417;0,961186054;0,646598331;1,462417444;1,056837479;0,700743867;0,569606101;0,544900815;0,521715607;0,399556049;0,478964718;0,953774561;0,599625234;0,717235237
Mesorhizobium_Phyllobacteriaceae_Rhizobiales_Alphaproteobacteria_Proteobacteria;0,27162705;0,34622994;0,33162792;0,28220686;0,35861038;0,35998281;0,25654874;0,34765583;0,28978755;0,3163233;0,3062081;0,35357467;0,33022329;0,31365498;0,2587362;0,36129974;0,27162729;0,27438376;0,37394348;0,31332615;0,66375327;0,39225484;0,56946993
Methylibium_Comamonadaceae_Burkholderiales_Betaproteobacteria_Proteobacteria;1,104616654;1,000219829;0;0;0,528950318;0;0;0,242048626;0,004658964;0;0,009458165;0,682280178;0;0;0;0,483694437;0;0,00386456;0;0;0;0;0
Methylobacterium_Methylobacteriaceae_Rhizobiales_Alphaproteobacteria_Proteobacteria;0,010060261;0;0,015272339;0;0;0;0;0,006166844;0,006522549;0,005101989;0,008275895;0;0,010483279;0,009989012;0,02156135;0;0;0,00772912;0;0,007343582;0,008568811;0;0,004048364
Methyloferula_Beijerinckiaceae_Rhizobiales_Alphaproteobacteria_Proteobacteria;0;0;0;0;0;0;0;0;0;0;0;0;0;0;0;0;0;0,003220467;0;0;0;0;0
Methylosinus_Methylocystaceae_Rhizobiales_Alphaproteobacteria_Proteobacteria;0;0;0;0;0;0;0;0;0;0;0;0;0;0;0;0;0;0;0;0;0;0;0
Methylotenera_Methylophilaceae_Methylophilales_Betaproteobacteria_Proteobacteria;0,549290249;0,484996703;0,48653307;0,691406801;0,661935002;0,496095709;0,544603475;0,528036014;0,520872158;0,30407853;0,469361456;0,33194931;0,445539365;0,325641794;0,423526513;0,198891386;0,241995226;0,519139234;0,268078204;0,22928294;0,241904122;0,171143036;0,267866782
Methylovirgula_Beijerinckiaceae_Rhizobiales_Alphaproteobacteria_Proteobacteria;0;0;0;0;0;0;0;0;0;0;0;0;0;0;0;0;0;0;0;0;0,003954836;0;0
Microbacterium_Microbacteriaceae_Micrococcales_Actinobacteria_Actinobacteria;0,127765314;0,108540339;0,086179625;0,109747111;0,068733657;0,07163837;0,054010262;0,087106671;0,076407007;0,066325854;0,041379473;0,091907789;0,03843869;0,095894516;0,084705303;0,050605501;0,09548111;0,101122655;0,044395117;0,081595352;0,096893476;0,052467208;0,05465292
Micrococcus_Micrococcaceae_Micrococcales_Actinobacteria_Actinobacteria;0,042253096;0,026104638;0,013090576;0,034491949;0,025401569;0,016118633;0;0,013875399;0,007454342;0,008163182;0;0,016219022;0;0,011986815;0;0;0,013169808;0,01545824;0;0;0,007909672;0;0,012145093
Microvirga_Methylobacteriaceae_Rhizobiales_Alphaproteobacteria_Proteobacteria;0;0;0;0;0;0;0;0;0;0;0;0;0;0;0;0;0;0;0;0;0;0;0
Moraxella_Moraxellaceae_Pseudomonadales_Gammaproteobacteria_Proteobacteria;0;0;0;0;0;0;0;0;0;0;0;0;0,010483279;0;0,007700482;0;0,00823113;0,01159368;0;0;0,006591393;0;0
Mycobacterium_Mycobacteriaceae_Corynebacteriales_Actinobacteria_Actinobacteria;0;0;0;0;0;0;0;0;0;0;0;0;0;0;0;0;0;0;0;0;0;0;0
Nakamurella_Nakamurellaceae_Frankiales_Actinobacteria_Actinobacteria;0,010060261;0;0;0,007839079;0;0;0;0,005395988;0;0;0;0;0;0;0;0;0;0,014170054;0,010245027;0;0,004613975;0;0,006747274
Neptunomonas_Oceanospirillaceae_Oceanospirillales_Gammaproteobacteria_Proteobacteria;0,00503013;0;0;0;0;0;0;0,003854277;0;0,006122387;0;0;0;0;0;0;0;0;0;0;0;0;0,003373637
Nesiotobacter_Rhodobacteraceae_Rhodobacterales_Alphaproteobacteria_Proteobacteria;0;0;0;0;0;0;0;0;0;0;0;0;0;0;0;0;0;0;0;0;0;0;0
Nisaea_Rhodospirillaceae_Rhodospirillales_Alphaproteobacteria_Proteobacteria;0;0;0;0;0;0;0;0,003854277;0;0;0;0;0;0;0;0;0;0;0;0;0;0;0,003373637
Nitratireductor_Phyllobacteriaceae_Rhizobiales_Alphaproteobacteria_Proteobacteria;0,080482088;0,063200703;0,065452879;0,108179295;0,068733657;0,089547962;0,027005131;0,074002128;0,078270593;0,070407445;0,066207157;0,069201159;0,089107873;0,061931875;0,086245399;0,118864083;0,049386781;0,109495868;0,075130197;0,066092235;0,72043925;0,109931293;0,120101479
Nocardioides_Nocardioidaceae_Propionibacteriales_Actinobacteria_Actinobacteria;0,010060261;0,00824357;0,017454101;0;0,011953679;0;0;0,01541711;0,013976892;0,011224375;0,011822707;0,005406341;0;0,021975827;0;0;0,013169808;0,010305493;0;0;0,005273114;0,017489069;0,007422002
Noviherbaspirillum_Oxalobacteraceae_Burkholderiales_Betaproteobacteria_Proteobacteria;0;0;0;0;0;0;0;0;0;0;0;0;0;0;0;0;0;0;0;0;0;0;0
Novosphingobium_Sphingomonadaceae_Sphingomonadales_Alphaproteobacteria_Proteobacteria;0,032192835;0,012365355;0,013090576;0,025085054;0,020918939;0,010745755;0;0,011562832;0,01677227;0,007142784;0,011822707;0,021625362;0,048921969;0,019978024;0,02156135;0,017653082;0;0,089528975;0,01536754;0,039165769;0,154897735;0,021236727;0,192972039
Oceanibaculum_Rhodospirillaceae_Rhodospirillales_Alphaproteobacteria_Proteobacteria;0,017102444;0,015113212;0,035999084;0,043898845;0,013447889;0,021491511;0,049509407;0,020813098;0,015840477;0,030611933;0,024827684;0,029194239;0,017472132;0,033962641;0,033882121;0,017653082;0,034570747;0,026407827;0,022197558;0,017950978;0,011864507;0;0,010120911
Oceanibulbus_Rhodobacteraceae_Rhodobacterales_Alphaproteobacteria_Proteobacteria;0,148891862;0,225324247;0;0,07995861;0;0,044773981;0,031505986;0,144920833;0,025158405;0,136733299;0;0,019462826;0,118810497;0,235740685;0,221773883;0;0,108650918;0;0;0;0,042844054;0,133666458;0,099184929
Oceanicola_Rhodobacteraceae_Rhodobacterales_Alphaproteobacteria_Proteobacteria;0;0;0;0,007839079;0;0;0;0;0;0;0,005911353;0;0;0;0;0;0;0,027696014;0;0;0;0;0,016193458
Oceaniovalibus_Rhodobacteraceae_Rhodobacterales_Alphaproteobacteria_Proteobacteria;0;0,014181457;0;0;0,028655348;0;0,010021121;0;0;0,007093624;0,009731413;0;0;0;0;0,00823113;0,010949587;0;0,008159535;0,003954836;0;0;0
Oceanisphaera_Aeromonadaceae_Aeromonadales_Gammaproteobacteria_Proteobacteria;4,238387944;3,631292592;4,719152603;3,101139802;3,5188644;3,517443943;1,683319831;3,643063071;2,945396944;2,219365109;2,573803247;2,309588686;2,31331027;1,660173809;2,28242288;1,499335067;1,229730842;1,920042253;0,850337232;1,055027906;1,610936439;1,008119925;1,26106553
Oceanobacter_Oceanospirillaceae_Oceanospirillales_Gammaproteobacteria_Proteobacteria;0;0;0;0;0;0;0;0;0;0;0;0;0;0;0;0;0;0;0;0;0;0;0
Oceanospirillum_Oceanospirillaceae_Oceanospirillales_Gammaproteobacteria_Proteobacteria;0;0;0;0;0;0;0;0;0;0;0;0;0;0;0;0;0;0;0;0;0;0;0
Ochrobactrum_Brucellaceae_Rhizobiales_Alphaproteobacteria_Proteobacteria;0,030180783;0,021982853;0,029453796;0,02665287;0,014942099;0,016118633;0;0,017729676;0,017704063;0,015305966;0,011822707;0,011893949;0;0,017980222;0,010780675;0,011768721;0;0,00772912;0;0,009791442;0,015819343;0,01623985;0,005397819
OM27-clade_Bdellovibrionaceae_Bdellovibrionales_Deltaproteobacteria_Proteobacteria;0;0;0;0;0;0,01074575;0;0;0;0;0;0;0;0;0;0;0;0;0;0;0;0;0
OM43-clade_Methylophilaceae_Methylophilales_Betaproteobacteria_Proteobacteria;0;0;0;0;0;0;0;0;0,004658964;0;0;0,005406341;0;0;0;0;0;0;0;0;0,003954836;0;0
Opitutus_Opitutaceae_Opitutales_Opitutae_Verrucomicrobia;0;0,00824357;0,009817932;0;0;0;0;0;0;0;0;0;0;0;0;0;0;0,007085027;0;0;0,003954836;0;0
Owenweeksia_Cryomorphaceae_Flavobacteriales_Flavobacteriia_Bacteroidetes;0,025150652;0,017861068;0,009817932;0;0,028389989;0,008954796;0;0,029292509;0,017704063;0,008163182;0;0,009731413;0;0;0,012320771;0;0;0,010305493;0;0,005711675;0;0;0,006747274
Oxalicibacterium_Oxalobacteraceae_Burkholderiales_Betaproteobacteria_Proteobacteria;0;0;0;0;0;0;0;0;0;0;0;0;0;0;0;0;0;0;0;0;0;0;0
Palleronia_Rhodobacteraceae_Rhodobacterales_Alphaproteobacteria_Proteobacteria;0;0;0;0;0;0;0;0;0;0;0;0;0;0;0;0;0;0;0;0;0;0;0
Pannonibacter_Rhodobacteraceae_Rhodobacterales_Alphaproteobacteria_Proteobacteria;0;0;0;0,007839079;0,01045947;0;0;0;0;0;0;0;0;0;0;0;0;0,003220467;0;0;0;0;0
Paracocccus_Rhodobacteraceae_Rhodobacterales_Alphaproteobacteria_Proteobacteria;0,043259122;0,02473071;0,03272644;0,031356318;0,019424729;0,028655348;0,081015393;0,013875399;0,015840477;0,00918358;0,015369519;0,012975217;0,008736066;0,017980222;0,026181639;0;0,018108486;0,063765241;0;0;0,017796761;0,014990631;0,014169276
Paraglaciecola_Alteromonadaceae_Alteromonadales_Gammaproteobacteria_Proteobacteria;0,012072313;0,006869642;0,014181457;0;0,00896526;0,010745755;0;0,004625133;0;0;0;0;0;0;0;0;0;0,005152747;0;0;0;0;0
Parapusillimonas_Alcaligenaceae_Burkholderiales_Betaproteobacteria_Proteobacteria;0;0,006869642;0;0,009406895;0,01045947;0;0;0,010021121;0,005590757;0;0;0;0;0;0;0,005884361;0;0,010949587;0,013660036;0;0,004613975;0;0,006072547
Parasphingopyxis_Sphingomonadaceae_Sphingomonadales_Alphaproteobacteria_Proteobacteria;0;0;0;0;0;0;0;0;0;0;0;0;0;0;0;0;0;0;0;0;0;0;0,007422002
Parvibaculum_Rhodobiaceae_Rhizobiales_Alphaproteobacteria_Proteobacteria;0;0;0;0;0;0;0;0;0;0;0;0;0;0;0;0;0;0;0;0;0;0;0
Patulibacter_Patulibacteraceae_Solirubrobacterales_Thermoleophilia_Actinobacteria;0;0;0;0;0;0;0;0;0;0;0;0;0;0;0;0;0;0;0;0;0;0;0
Paucimonas_Oxalobacteraceae_Burkholderiales_Betaproteobacteria_Proteobacteria;0;0;0;0;0;0;0;0;0;0;0;0;0;0;0;0;0;0;0;0;0;0;0
Pedobacter_Sphingobacteriaceae_Sphingobacteriales_Sphingobacteriia_Bacteroidetes;0;0,00824357;0;0;0;0,017909592;0;0,003854277;0;0,008163182;0;0;0;0;0;0;0;0,00386456;0;0;0;0;0
Pedomicrobium_Hyphomicrobiaceae_Rhizobiales_Alphaproteobacteria_Proteobacteria;0;0;0;0;0;0;0;0;0;0;0;0;0;0;0;0;0;0;0;0;0;0;0
Pelagibacterium_Hyphomicrobiaceae_Rhizobiales_Alphaproteobacteria_Proteobacteria;0;0;0;0;0;0;0;0;0;0;0;0;0;0;0;0;0;0;0;0;0;0;0
Peredibacter_Bacteriovoracaceae_Bdellovibrionales_Deltaproteobacteria_Proteobacteria;0,076457983;0,038469993;0,034908202;0,076822978;0,035861038;0,019700552;0,117022234;0,036230208;0,007454342;0,022448751;0;0,015137754;0,012230492;0,019978024;0,032342025;0;0;0,033492854;0,01536754;0,004079768;0,012523647;0;0,008771456
Perlucidibaca_Moraxellaceae_Pseudomonadales_Gammaproteobacteria_Proteobacteria;0,009054235;0;0,029453796;0;0;0;0;0,003854277;0;0;0;0;0;0;0;0;0;0,007085027;0;0;0;0;0
Phaeobacter_Rhodobacteraceae_Rhodobacterales_Alphaproteobacteria_Proteobacteria;0;0,006869642;0,007636169;0;0;0;0;0;0;0,032652728;0;0;0;0;0;0;0;0;0;0;0;0;0
Phaselicystis_Phaselicystidaceae_Myxococcales_Deltaproteobacteria_Proteobacteria;0,067403748;0,072818202;0,082906981;0,097204584;0,062756817;0,102084677;0,085516248;0,048563896;0,057771152;0,027550739;0,044926285;0,008650145;0,026208198;0;0,012320771;0,020006826;0,00823113;0,039289694;0;0;0,006591393;0,017489069;0,022266005
Phenylobacterium_Caulobacteraceae_Caulobacterales_Alphaproteobacteria_Proteobacteria;0;0;0,008727051;0,007839079;0;0,010745755;0;0,006166844;0,007454342;0;0;0,005406341;0;0,009989012;0;0;0;0,020610987;0;0;0,016478482;0;0,010120911
Phyllobacterium_Phyllobacteriaceae_Rhizobiales_Alphaproteobacteria_Proteobacteria;0;0;0;0,010974711;0;0;0;0;0;0;0;0;0;0;0;0;0;0,0193228;0;0;0,005932254;0;0
Pir4-lineage_Planctomycetaceae_Planctomycetales_Planctomycetacia_Planctomycetes;0;0;0;0;0;0;0;0;0;0;0;0;0;0;0;0;0;0;0;0;0;0;0
Pirellula_Planctomycetaceae_Planctomycetales_Planctomycetacia_Planctomycetes;0,101608636;0,094801055;0,162541317;0,081526426;0,100112066;0,127158106;0,117022234;0,073231272;0,102497205;0,105100968;0,099310736;0,078932572;0,124052137;0,153830786;0,101646363;0,100034129;0,064202815;0,081799854;0,063177666;0,07180391;0,235312729;0,087445347;0,064773831
Planctomyces_Planctomycetaceae_Planctomycetales_Planctomycetacia_Planctomycetes;0,320922325;0,14838426;0,405807852;0,241443645;0,255509899;0,239988538;0,166531641;0,193484729;0,150950429;0,142855685;0,148966104;0,129752173;0,117063284;0,125861552;0,093945881;0,131809676;0,054325459;0,105631308;0,070007684;0,105258005;0,332206205;0,06620862;0,07826838
Planococcus_Planococcaceae_Bacillales_Bacilli_Firmicutes;0,212271506;0,126401407;0,137451047;0,15207814;0,094135226;0,06984741;0,058511117;0,107919769;0,081997764;0,055101479;0,048473097;0,050819601;0,073382954;0,113874738;0,083165206;0,017653082;0,059264137;0,054103841;0;0,011423349;0,042844054;0,047470331;0,042507827
Planomicrobium_Planococcaceae_Bacillales_Bacilli_Firmicutes;0,006036157;0,01648714;0;0,009406895;0,00896526;0;0;0,018500532;0,009317928;0,006122387;0;0;0;0,017980222;0;0;0;0,010305493;0,008537522;0;0,004613975;0;0
Pleomorphomonas_Methylocystaceae_Rhizobiales_Alphaproteobacteria_Proteobacteria;0;0;0;0;0;0;0;0;0;0;0;0;0;0;0;0;0;0;0;0;0;0;0
Polaribacter_Flavobacteriaceae_Flavobacteriales_Flavobacteriia_Bacteroidetes;0,407440569;0,344856012;0,362172599;0,311995359;0,312289877;0,30625403;0,369070123;0,397761436;0,18169959;0,171426822;0,187981036;0,290861122;0,221896076;0,169813205;0,161710123;0,098857257;0,100419788;0,27373967;0,013660036;0,049773165;0,185877281;0,124921924;0,099859657
Polaromonas_Comamonadaceae_Burkholderiales_Betaproteobacteria_Proteobacteria;0;0;0;0;0;0;0;0;0;0;0;0;0;0;0;0;0;0;0;0;0;0;0
Prosthecobacter_Verrucomicrobiaceae_Verrucomicrobiales_Verrucomicrobiae_Verrucomicrobia;0,359151316;0,326994944;0,464715444;0,266528699;0,168845723;0,277598682;0,220541903;0,208901839;0,184494968;0,159182049;0,192710119;0,221659963;0,265576406;0,13185496;0,227934269;0,06119735;0,130051856;0,144276909;0,035857594;0,062012468;0,104144009;0,113678951;0,105932203
Pseudahrensia_Phyllobacteriaceae_Rhizobiales_Alphaproteobacteria_Proteobacteria;0,00503013;0;0;0;0;0;0;0;0,006522549;0;0;0;0;0;0;0;0;0,010949587;0;0;0;0;0
Pseudaminobacter_Phyllobacteriaceae_Rhizobiales_Alphaproteobacteria_Proteobacteria;0;0;0;0;0;0;0;0;0;0;0;0;0;0;0;0;0;0;0;0;0;0;0
Pseudoalteromonas_Pseudoalteromonadaceae_Alteromonadales_Gammaproteobacteria_Proteobacteria;0,142855706;0,217080677;0,22253979;0,137967797;0,144938364;0,123576187;0,076514538;0,091731804;0,035408125;0,056121876;0,049655368;0,059469746;0,047174756;0,073918689;0,067764242;0,031775547;0,021400938;0,027696014;0;0,013055256;0,012523647;0,017489069;0,026989096
Pseudochrobactrum_Brucellaceae_Rhizobiales_Alphaproteobacteria_Proteobacteria;0;0;0,005454407;0;0;0;0;0;0;0;0,005911353;0;0;0;0,007700482;0;0;0;0;0,007343582;0,007909672;0;0
Pseudolabrys_Xanthobacteraceae_Rhizobiales_Alphaproteobacteria_Proteobacteria;0,015090391;0,030226423;0,033817321;0,054873556;0,049308928;0,053728777;0,063011972;0,087877526;0,064293701;0,135712901;0,092217112;0,121102028;0,244609847;0,229747278;0,226394172;0,31775547;0,34406124;0,22156811;0,365405959;0,346780247;0,364504031;0,705808869;0,514142287
Pseudomonas_Pseudomonadaceae_Pseudomonadales_Gammaproteobacteria_Proteobacteria;5,609602;5,830952;6,912915;5,74291;7,248412;5,125725;3,429652;5,124647;6,225307;4,228528;4,232529;3,929328;4,345319;3,256418;4,766598;4,357957;3,919664;5,041319;5,433279;4,324554;4,58695;3,362898;4,496383
Pseudorhodobacter_Rhodobacteraceae_Rhodobacterales_Alphaproteobacteria_Proteobacteria;1,579460971;1,845185755;3,293370714;1,810827336;2,791184161;4,11204241;5,477540733;1,729799732;1,632500932;0,770400302;2,500502465;1,47701224;2,825243736;1,554290281;1,931280898;0,784973697;2,696518232;2,70583613;2,306838555;0,912236039;2,0598103;1,667707683;1,547824679
Pseudospirillum_Oceanospirillaceae_Oceanospirillales_Gammaproteobacteria_Proteobacteria;0,022132574;0,070070345;0,023999389;0,02665287;0,032872619;0,017909592;0;0,028521653;0,027953783;0,005101989;0,027192225;0,03460058;0,013977706;0;0;0;0;0,012237773;0;0,005711675;0,017137622;0,009993754;0,006072547
Pseudoxanthobacter_Xanthobacteraceae_Rhizobiales_Alphaproteobacteria_Proteobacteria;0,0462772;0,015113212;0,01636322;0,015678159;0,092641016;0,087757003;0;0,038542775;0,004658964;0,060203467;0,005911353;0;0,031449838;0,059934073;0,023101446;0,070612327;0,036216973;0,679518476;0;0,008975489;0,017796761;0,027482823;0,035085825
Psychrobacter_Moraxellaceae_Pseudomonadales_Gammaproteobacteria_Proteobacteria;0,008048209;0;0,007636169;0;0;0;0;0;0,004658964;0,005101989;0;0;0;0,009989012;0,015400964;0;0;0,0096614;0;0;0;0;0
Pusillimonas_Alcaligenaceae_Burkholderiales_Betaproteobacteria_Proteobacteria;0;0;0;0;0;0;0;0;0;0;0;0;0;0;0;0;0;0;0;0;0;0;0
Reyranella_Rhodospirillales-Incertae-Sedis_Rhodospirillales_Alphaproteobacteria_Proteobacteria;0,00503013;0,006869642;0,005454407;0;0;0,008954796;0,022504276;0,003854277;0,004658964;0,008163182;0,010640436;0,006487609;0,008736066;0;0;0,005884361;0;0,005152747;0;0;0,003295696;0;0
Rheinheimera_Chromatiaceae_Chromatiales_Gammaproteobacteria_Proteobacteria;0,289735516;0,199219609;0,248720942;0,249282724;0,385506164;0,259689089;0,225042758;0,360760372;0,333581811;0,225507903;0,235271863;0,214091086;0,228884929;0,193786834;0,089325592;0,151816502;0,131698082;0,173261109;0,066592675;0,066092235;0,097552616;0,041224235;0,083666199
Rhizobacter_Comamonadaceae_Burkholderiales_Betaproteobacteria_Proteobacteria;0;0;0;0;0;0;0;0;0;0;0;0;0;0;0;0;0;0;0;0;0;0;0
Rhizobium_Rhizobiaceae_Rhizobiales_Alphaproteobacteria_Proteobacteria;0,068409775;0,034348208;0,100361082;0,092501137;0,088158386;0,078802206;0,085516248;0,096356937;0,16492732;0,190814379;0,180887412;0,237878984;0,323234441;0,29767256;0,363462753;0,071789199;0,222240514;0,310452991;0,385896013;0,243970103;0,334183623;0,13116802;0,19027313
Rhodobacter_Rhodobacteraceae_Rhodobacterales_Alphaproteobacteria_Proteobacteria;2,81687307;2,69152561;1,218514438;4,886882085;2,099364961;0,979654703;1,732829238;1,743675131;2,339731644;1,096927582;0,832318551;1,495393798;0,644721669;1,9838178;1,481572746;1,798260583;0,918594123;1,550332674;0,438828652;1,60498058;0,757351051;0,537164272;0,35962971
Rhodococcus_Nocardiaceae_Corynebacteriales_Actinobacteria_Actinobacteria;0,086518244;0,050835348;0,082906981;0,050170108;0,037355248;0,012536715;0;0,042397052;0,030749161;0,017346762;0,009458165;0,01730029;0;0,013984617;0,009240578;0,009414977;0;0,007085027;0,008537522;0;0,007909672;0;0,010795639
Rhodoferax_Comamonadaceae_Burkholderiales_Betaproteobacteria_Proteobacteria;0;0;0;0;0;0;0;0;0;0;0;0;0;0;0;0;0;0;0;0;0;0;0
Rhodoglobus_Microbacteriaceae_Micrococcales_Actinobacteria_Actinobacteria;0;0;0;0;0;0;0;0;0;0;0;0;0;0;0;0;0;0;0;0;0;0;0
Rhodopirellula_Planctomycetaceae_Planctomycetales_Planctomycetacia_Planctomycetes;0,051307331;0,020608925;0,026181152;0,017245975;0,023907359;0,02328247;0;0,010791977;0,009317928;0,006122387;0,01773406;0,010812681;0;0;0;0,005884361;0;0,007085027;0;0,004079768;0,003295696;0,009993754;0,003373637
Rhodoplanes_Hyphomicrobiaceae_Rhizobiales_Alphaproteobacteria_Proteobacteria;0;0;0;0;0;0;0;0,003854277;0;0;0;0;0;0;0;0;0;0,003220467;0;0;0;0;0,004048364
Rhodovulum_Rhodobacteraceae_Rhodobacterales_Alphaproteobacteria_Proteobacteria;0,006036157;0;0,005454407;0,009406895;0;0;0;0;0;0;0;0;0;0;0,010780675;0;0;0,00386456;0;0;0,007909672;0,011242973;0
Roseicitreum_Rhodobacteraceae_Rhodobacterales_Alphaproteobacteria_Proteobacteria;0;0;0;0;0;0;0;0;0;0;0;0;0;0;0;0;0;0,00386456;0;0;0;0;0
Roseicyclus_Rhodobacteraceae_Rhodobacterales_Alphaproteobacteria_Proteobacteria;0;0;0;0;0;0;0;0,003854277;0;0;0;0;0;0;0;0;0;0;0;0;0;0;0
Roseivirga_Flammeovirgaceae_Cytophagales_Cytophagia_Bacteroidetes;0,022132574;0,013739283;0,011999695;0,017245975;0,00896526;0,017909592;0;0,009250266;0,011181513;0,013265171;0,010640436;0,007568877;0,008736066;0;0;0;0,027985842;0,014170054;0;0,004895721;0,009887089;0;0,005397819
Roseivivax_Rhodobacteraceae_Rhodobacterales_Alphaproteobacteria_Proteobacteria;0;0;0;0;0;0;0;0;0;0;0;0;0;0;0;0;0;0;0;0;0;0;0
Roseobacter-clade-CHAB-I-5-lineage_Rhodobacteraceae_Rhodobacterales_Alphaproteobacteria_Proteobacteria;0;0;0;0;0;0;0;0,012333688;0;0,005101989;0;0;0;0;0;0;0;0;0;0;0;0;0
Roseobacter_Rhodobacteraceae_Rhodobacterales_Alphaproteobacteria_Proteobacteria;0;0;0;0;0;0;0;0;0;0;0;0;0;0;0;0;0;0;0;0;0;0;0
Roseovarius_Rhodobacteraceae_Rhodobacterales_Alphaproteobacteria_Proteobacteria;0;0,010991427;0,007636169;0,010974711;0;0,010745755;0;0;0;0;0;0;0;0;0;0;0;0,003220467;0;0,004895721;0,003295696;0;0
Rubellimicrobium_Rhodobacteraceae_Rhodobacterales_Alphaproteobacteria_Proteobacteria;0;0;0;0;0;0;0;0;0;0;0;0;0;0;0;0;0;0;0;0;0;0;0
Ruegeria_Rhodobacteraceae_Rhodobacterales_Alphaproteobacteria_Proteobacteria;0;0;0;0;0;0;0;0;0;0;0;0;0;0;0;0;0;0;0;0;0;0;0,005397819
Sagittula_Rhodobacteraceae_Rhodobacterales_Alphaproteobacteria_Proteobacteria;0;0;0;0;0;0;0;0;0;0;0;0;0;0;0;0;0;0;0;0;0;0;0
Salinimonas_Alteromonadaceae_Alteromonadales_Gammaproteobacteria_Proteobacteria;0;0;0;0;0;0;0;0;0;0;0;0;0;0;0;0;0;0;0;0;0;0;0
Salinirepens_Cryomorphaceae_Flavobacteriales_Flavobacteriia_Bacteroidetes;0;0;0;0;0;0;0;0;0;0;0;0;0;0;0;0;0;0;0;0;0;0;0
Sandaracinus_Sandaracinaceae_Myxococcales_Deltaproteobacteria_Proteobacteria;0;0;0;0;0;0;0;0;0;0;0;0;0;0;0;0;0;0;0;0;0;0;0
SAR92-clade_Porticoccaceae_Cellvibrionales_Gammaproteobacteria_Proteobacteria;0;0,009617498;0;0,009406895;0,014942099;0;0;0;0,01024972;0;0;0;0;0;0;0;0;0;0;0;0,003954836;0;0
Sedimentitalea_Rhodobacteraceae_Rhodobacterales_Alphaproteobacteria_Proteobacteria;0;0;0;0;0;0;0;0;0;0;0;0;0;0;0;0;0;0;0;0;0;0;0
Sediminibacterium_Chitinophagaceae_Sphingobacteriales_Sphingobacteriia_Bacteroidetes;0;0;0;0;0;0;0;0;0;0,005101989;0;0;0;0;0;0;0;0,00386456;0;0;0;0;0
Sediminicola_Flavobacteriaceae_Flavobacteriales_Flavobacteriia_Bacteroidetes;0,011066287;0;0;0,012542527;0;0;0;0;0,01024972;0;0;0;0;0;0;0;0;0,005152747;0;0,004895721;0,004613975;0;0,006072547
Seohaeicola_Rhodobacteraceae_Rhodobacterales_Alphaproteobacteria_Proteobacteria;0,048289253;0,137392834;0,085088743;0,105043664;0,127007845;0,128949065;0,1305248;0,102523781;0,074543422;0,042856706;0;0,078932572;0,090855086;0,04994506;0,083165206;0;0,087249979;0,116580895;0,037565099;0,046509351;0,06525479;0,04871955;0,050604556
Shewanella_Shewanellaceae_Alteromonadales_Gammaproteobacteria_Proteobacteria;0;0;0,018544982;0;0,011953679;0;0;0,009250266;0;0,007142784;0;0;0;0;0;0;0;0,008373213;0;0;0,007250532;0,006246096;0
Shimia_Rhodobacteraceae_Rhodobacterales_Alphaproteobacteria_Proteobacteria;0;0;0;0;0;0;0;0;0;0;0;0;0;0;0;0;0;0;0;0;0;0;0
Shinella_Rhizobiaceae_Rhizobiales_Alphaproteobacteria_Proteobacteria;0,932586191;0,779017366;0,97306614;0,460937867;0,655958162;0,741457124;0,54910433;0,718437322;0,789228476;0,587749105;0,695175153;0,538471519;0,840409547;0,591349516;0,535953551;0,697885161;0,367108404;0,341369471;0,302228293;0,421032018;0,06591393;0,272329794;0,287433877
Sideroxydans_Gallionellaceae_Nitrosomonadales_Betaproteobacteria_Proteobacteria;0;0;0;0;0;0;0;0;0;0;0;0;0;0;0;0;0;0;0;0;0;0;0
Simiduia_Cellvibrionaceae_Cellvibrionales_Gammaproteobacteria_Proteobacteria;0;0;0;0;0;0;0;0;0;0;0;0;0;0;0;0;0;0;0;0;0;0;0
Simplicispira_Comamonadaceae_Burkholderiales_Betaproteobacteria_Proteobacteria;0,010060261;0;0;0;0;0;0;0;0;0;0;0;0;0;0;0;0;0,00772912;0;0;0,003295696;0;0,003373637
Skermanella_Rhodospirillaceae_Rhodospirillales_Alphaproteobacteria_Proteobacteria;0;0;0;0;0;0;0;0;0;0;0;0;0;0;0;0;0;0;0;0;0;0;0
SM1A02_Phycisphaeraceae_Phycisphaerales_Phycisphaerae_Planctomycetes;0,01810847;0,02473071;0,011999695;0,02665287;0;0,028655348;0;0,007708555;0,014908684;0;0,007093624;0,009731413;0,012230492;0;0;0,005884361;0,019754712;0,012881867;0;0,007343582;0,00922795;0,017489069;0,005397819
Smithella_Syntrophaceae_Syntrophobacterales_Deltaproteobacteria_Proteobacteria;0;0;0;0;0;0;0;0;0;0;0;0;0;0;0;0;0;0;0;0;0;0;0
Sneathiella_Sneathiellaceae_Sneathiellales_Alphaproteobacteria_Proteobacteria;0;0;0;0;0;0;0;0,005395988;0,01024972;0,020407955;0,016551789;0,021625362;0,092602299;0,073918689;0,030801928;0,164762095;0,087249979;0,106275401;0,085375224;0,079963445;0,101507452;0,099937539;0,137644392
Sphingobium_Sphingomonadaceae_Sphingomonadales_Alphaproteobacteria_Proteobacteria;0;0;0;0;0;0;0;0,003854277;0;0;0;0,005406341;0,012230492;0;0,010780675;0;0;0;0;0;0,003295696;0;0
Sphingomonas_Sphingomonadaceae_Sphingomonadales_Alphaproteobacteria_Proteobacteria;0;0;0;0;0;0;0;0,003854277;0;0;0;0;0;0;0;0;0;0,010949587;0;0;0;0;0,016193458
Sphingopyxis_Sphingomonadaceae_Sphingomonadales_Alphaproteobacteria_Proteobacteria;3,060331385;2,837162014;3,779903784;3,886615556;2,846469929;2,980156172;4,16779188;3,077255138;2,961237421;3,422414057;2,867006372;2,941049263;3,349407695;3,815802617;3,974988834;2,820962446;2,467692814;3,012424561;2,29317852;2,598811972;4,078753963;2,677076827;3,528149628
Sphingorhabdus_Sphingomonadaceae_Sphingomonadales_Alphaproteobacteria_Proteobacteria;0,120723132;0,079687843;0,195267757;0,131696534;0,049308928;0,07163837;0,108020524;0,071689561;0,07081625;0,078570627;0,094581654;0,142727391;0,146765908;0,105883528;0,220233787;0,171823328;0,092188658;0,153938309;0,134892854;0,168086426;0,017137622;0,109931293;0,134270755
Stakelama_Sphingomonadaceae_Sphingomonadales_Alphaproteobacteria_Proteobacteria;0;0;0;0;0;0;0;0;0;0;0;0;0;0;0;0;0;0;0;0;0;0;0
Stappia_Rhodobacteraceae_Rhodobacterales_Alphaproteobacteria_Proteobacteria;0,251506524;0,305012091;0,199631282;0,261825251;0,321255136;0,218497027;0,243046179;0,158796232;0,169586284;0,094896991;0,19389239;0,166515289;0,069888528;0,129857157;0,135528484;0,12827906;0,207424479;0,185498882;0,162212926;0,249681778;0,133146138;0,057464085;0,087714563
Stenotrophomonas_Xanthomonadaceae_Xanthomonadales_Gammaproteobacteria_Proteobacteria;0;0;0;0;0;0;0;0;0;0;0;0;0;0;0;0;0;0;0;0;0;0;0
Streptomyces_Streptomycetaceae_Streptomycetales_Actinobacteria_Actinobacteria;0;0;0;0;0;0;0;0;0;0;0;0;0;0;0;0;0;0;0;0;0;0;0
Subsaxibacter_Flavobacteriaceae_Flavobacteriales_Flavobacteriia_Bacteroidetes;0,00503013;0;0,009817932;0;0;0;0;0,007708555;0;0;0;0,011893949;0;0;0,010780675;0;0;0,007085027;0;0;0,003954836;0,006246096;0,004723092
Sufflavibacter_Flavobacteriaceae_Flavobacteriales_Flavobacteriia_Bacteroidetes;0;0;0;0;0;0;0;0;0;0;0;0;0;0;0;0;0;0;0;0;0;0;0
Sulfitobacter_Rhodobacteraceae_Rhodobacterales_Alphaproteobacteria_Proteobacteria;0,08249414;0,009617498;0,345809379;0,22419767;0,189764662;0,137903861;0,382572689;0,016187965;0,095974655;0,007142784;0,143054751;0,193546992;0;0,029967036;0;0,088265408;0;0,110784055;0,095620251;0,106889912;0,073823601;0;0,026314369
Tabrizicola_Rhodobacteraceae_Rhodobacterales_Alphaproteobacteria_Proteobacteria;0;0;0;0;0;0;0;0;0;0;0;0;0;0;0,103186459;0;0;0;0;0;0;0;0
Tateyamaria_Rhodobacteraceae_Rhodobacterales_Alphaproteobacteria_Proteobacteria;0;0;0;0;0;0;0;0;0;0;0;0,007568877;0;0;0;0;0;0;0;0;0;0;0,003373637
Tenacibaculum_Flavobacteriaceae_Flavobacteriales_Flavobacteriia_Bacteroidetes;0;0;0;0;0;0;0;0;0;0;0;0;0;0;0;0;0;0;0;0;0;0;0
Terrabacter_Intrasporangiaceae_Micrococcales_Actinobacteria_Actinobacteria;0,013078339;0,00824357;0,008727051;0,012542527;0,023907359;0,02328247;0;0,020042243;0,038203504;0,007142784;0,016551789;0,010812681;0;0;0,007700482;0,021183698;0,032924521;0,009017307;0;0;0,017137622;0;0,009446184
Terrimonas_Chitinophagaceae_Sphingobacteriales_Sphingobacteriia_Bacteroidetes;0,01810847;0,053583205;0,030544677;0,081526426;0,119536795;0,089547962;0,225042758;0,32684273;0,290719344;0,80305303;0,631332537;0,941784525;3,669147709;1,989811208;1,768030679;4,542726342;2,989546465;5,72792209;7,762315376;5,789190248;10,18897524;7,411617739;14,83455684
Thalassobaculum_Rhodospirillaceae_Rhodospirillales_Alphaproteobacteria_Proteobacteria;0,038228992;0,0824357;0,154905148;0,123857454;0,061262607;0,087757003;0,031505986;0,122566024;0,049385017;0,035713921;0,080394405;0,051900869;0,136282629;0,039956048;0,237174847;0,06119735;0,059264137;0,086952601;0,032442585;0,037533862;0,079096716;0,039975016;0,097835474
Thalassospira_Rhodospirillaceae_Rhodospirillales_Alphaproteobacteria_Proteobacteria;0,058349514;0,04121785;0,079634337;0,047034476;0,035861038;0,025073429;0,036006841;0,037001064;0,027953783;0,019387557;0,026009955;0,02270663;0,022713772;0,027969234;0,02156135;0,008238105;0,02469339;0,039289694;0,008537522;0,007343582;0,008568811;0;0,017542913
Thauera_Rhodocyclaceae_Rhodocyclales_Betaproteobacteria_Proteobacteria;0;0;0;0;0;0;0;0;0;0;0;0;0;0;0;0;0;0;0;0;0;0;0
Thermovum_Phyllobacteriaceae_Rhizobiales_Alphaproteobacteria_Proteobacteria;0;0,026104638;0,051271422;0,084662057;0,01045947;0;0,031505986;0;0,034476332;0,027550739;0,018916331;0,058388478;0;0;0;0;0,021400938;0;0;0;0,118645073;0;0,055327648
Thiobacillus_Hydrogenophilaceae_Hydrogenophilales_Betaproteobacteria_Proteobacteria;0;0;0;0;0;0;0;0;0;0;0;0;0;0;0;0;0;0;0;0;0;0;0
Thiogranum_Ectothiorhodospiraceae_Chromatiales_Gammaproteobacteria_Proteobacteria;0;0;0;0;0;0;0;0;0;0;0;0;0;0;0;0;0;0;0;0;0;0;0
Thiohalocapsa_Chromatiaceae_Chromatiales_Gammaproteobacteria_Proteobacteria;0;0;0;0;0;0;0;0;0;0;0;0;0;0;0;0;0;0;0;0;0;0;0
Tistrella_Rhodospirillaceae_Rhodospirillales_Alphaproteobacteria_Proteobacteria;0;0;0;0;0,00747105;0;0;0,005395988;0;0;0;0;0;0;0;0;0;0,003220467;0;0;0;0;0
Tropicimonas_Rhodobacteraceae_Rhodobacterales_Alphaproteobacteria_Proteobacteria;0;0;0;0;0;0;0;0;0;0;0;0;0;0;0;0;0;0;0;0;0;0;0
Tumebacillus_Alicyclobacillaceae_Bacillales_Bacilli_Firmicutes;0,009054235;0,060452847;0,171268368;0,105043664;0;0,021491511;0,027005131;0;0,005590757;0,023469148;0,008275895;0;0,010483279;0,029967036;0,043122699;0;0;0,0193228;0;0;0,003295696;0,023735166;0,282036057
uncultured_Alcaligenaceae_Burkholderiales_Betaproteobacteria_Proteobacteria;0;0;0;0;0,00896526;0;0;0;0,008386135;0;0,009458165;0;0;0;0,009240578;0;0;0,00579684;0;0;0,012523647;0;0,005397819
uncultured_Aurantimonadaceae_Rhizobiales_Alphaproteobacteria_Proteobacteria;0;0;0;0;0;0;0;0;0;0;0;0;0;0;0;0;0;0;0;0;0;0;0
uncultured_Beijerinckiaceae_Rhizobiales_Alphaproteobacteria_Proteobacteria;0,016096418;0,00824357;0;0;0;0;0;0,004625133;0;0,025509944;0,008275895;0,009731413;0;0;0,007700482;0;0;0,00772912;0;0;0,081074133;0;0,041833099
uncultured_Bradyrhizobiaceae_Rhizobiales_Alphaproteobacteria_Proteobacteria;0;0;0;0;0;0;0;0;0;0;0;0;0;0;0;0;0;0;0;0;0;0;0
uncultured_Brucellaceae_Rhizobiales_Alphaproteobacteria_Proteobacteria;0;0;0;0;0;0;0;0;0;0;0;0;0;0;0;0;0;0;0;0;0;0;0
uncultured_Caulobacteraceae_Caulobacterales_Alphaproteobacteria_Proteobacteria;47,08805746;47,09276764;44,22214707;43,17137795;40,70825551;46,63120567;48,29417589;48,22163637;45,60752889;52,30252753;49,33142594;49,78699018;43,48638921;44,58895215;37,39508093;49,01672335;51,21079924;36,62765608;50,76752326;50,55158458;37,51623131;49,6427233;36,33474576
uncultured_Chitinophagaceae_Sphingobacteriales_Sphingobacteriia_Bacteroidetes;0,006036157;0,006869642;0,007636169;0,009406895;0;0,010745755;0;0,014646254;0,004658964;0,00918358;0,008275895;0,009731413;0,019219345;0,013984617;0,012320771;0,007061233;0;0,097258095;0,008537522;0;0,145010645;0,018738289;0,279337148
uncultured_Colwelliaceae_Alteromonadales_Gammaproteobacteria_Proteobacteria;0;0;0;0;0;0;0;0;0;0;0;0;0;0;0;0;0;0;0;0;0;0;0
uncultured_Comamonadaceae_Burkholderiales_Betaproteobacteria_Proteobacteria;0,357139264;0,252802814;1,261058809;1,158615932;0,4811356;1,287699692;0,54910433;0,528036014;0,708162505;0,865297293;0,631332537;0,216253622;0,84215676;0,811107781;0,987201799;0,030598675;0,525146103;0,714299516;0,370528473;0,45611802;0,364504031;0,338538413;0,507395012
uncultured_Corynebacteriaceae_Corynebacteriales_Actinobacteria_Actinobacteria;0;0;0;0;0;0;0;0;0;0;0;0;0;0;0;0;0;0;0;0;0;0;0
uncultured_Cryomorphaceae_Flavobacteriales_Flavobacteriia_Bacteroidetes;0,153921993;0,18960211;0,129814877;0,130128718;0,146432574;0,121785228;0,081015393;0,218922961;0,143496086;0,055101479;0,100493007;0,05730721;0,136282629;0,021975827;0,046202892;0,021183698;0,080665075;0,082443948;0;0,01387121;0,061299955;0,021236727;0,027663824
uncultured_Cyclobacteriaceae_Cytophagales_Cytophagia_Bacteroidetes;0;0;0;0;0;0;0;0;0;0;0;0;0;0;0;0;0;0;0;0;0;0;0
uncultured_Cytophagaceae_Cytophagales_Cytophagia_Bacteroidetes;0;0;0,006545288;0;0;0;0;0,010791977;0;0;0;0,006487609;0;0,011986815;0,009240578;0;0;0,004508653;0;0;0,005273114;0,006246096;0
uncultured_Erythrobacteraceae_Sphingomonadales_Alphaproteobacteria_Proteobacteria;0,028168731;0,030226423;0,027272033;0,018813791;0,026895779;0,04656494;0;0,043167908;0,020499441;0,020407955;0,011822707;0,025950435;0,020966558;0,013984617;0,027721735;0,007061233;0,02469339;0,019966894;0,008537522;0,023662652;0,022410736;0,006246096;0,004048364
uncultured_Gemmatimonadaceae_Gemmatimonadales_Gemmatimonadetes_Gemmatimonadetes;0;0;0;0;0;0;0;0;0;0;0;0;0;0;0;0;0;0;0;0;0;0;0
uncultured_Geodermatophilaceae_Frankiales_Actinobacteria_Actinobacteria;0;0;0;0;0;0;0;0;0;0;0;0;0;0;0;0;0;0,006440933;0,011952531;0,006527628;0,005932254;0,007495315;0,012819821
uncultured_Holophagaceae_Holophagales_Holophagae_Acidobacteria;0;0;0;0;0;0;0;0;0;0;0;0;0;0;0;0;0;0;0;0;0;0;0
uncultured_Hyphomicrobiaceae_Rhizobiales_Alphaproteobacteria_Proteobacteria;0;0;0;0;0;0;0;0,006166844;0;0;0;0;0,008736066;0;0;0,005884361;0;0,00579684;0;0,004079768;0,006591393;0;0,008771456
uncultured_Hyphomonadaceae_Caulobacterales_Alphaproteobacteria_Proteobacteria;0,026156679;0,056331062;0,034908202;0,036059765;0,014942099;0,050146859;0,031505986;0,03083422;0,019567648;0,008163182;0,008275895;0,019462826;0,012230492;0,025971431;0,018481157;0,011768721;0,021400938;0,025763734;0;0,019582885;0,017137622;0;0,01821764
uncultured_Methylophilaceae_Methylophilales_Betaproteobacteria_Proteobacteria;0;0;0;0;0;0;0;0;0;0;0;0;0;0;0;0;0;0;0;0;0;0;0
uncultured_Micromonosporaceae_Micromonosporales_Actinobacteria_Actinobacteria;0;0;0;0;0;0;0;0;0;0;0;0;0;0;0;0;0;0;0;0;0;0;0
uncultured_Nitrosomonadaceae_Nitrosomonadales_Betaproteobacteria_Proteobacteria;0;0;0;0;0;0;0;0;0;0;0;0;0;0;0;0;0;0;0;0;0;0;0
uncultured_Oceanospirillaceae_Oceanospirillales_Gammaproteobacteria_Proteobacteria;0;0;0;0;0;0;0;0;0;0;0;0;0;0;0;0;0;0;0;0;0;0;0
uncultured_Oxalobacteraceae_Burkholderiales_Betaproteobacteria_Proteobacteria;0;0;0;0;0;0;0;0;0;0;0;0;0;0;0;0;0;0;0;0;0;0;0
uncultured_Phycisphaeraceae_Phycisphaerales_Phycisphaerae_Planctomycetes;0;0;0;0;0;0;0;0;0;0;0;0;0;0;0,03696231;0;0;0;0;0;0;0;0
uncultured_Phyllobacteriaceae_Rhizobiales_Alphaproteobacteria_Proteobacteria;0,015090391;0,028852495;0,007636169;0,015678159;0,016436309;0,017909592;0,040507696;0,006937699;0,01677227;0,01836716;0,041379473;0,011893949;0,045427543;0;0,06006376;0,020006826;0,023047164;0,034136947;0,044395117;0,031006234;0,061299955;0,017489069;0,038459462
uncultured_Pseudomonadaceae_Pseudomonadales_Gammaproteobacteria_Proteobacteria;0;0;0;0;0;0;0;0;0;0;0;0;0;0;0;0;0;0,00386456;0;0;0;0;0,008096729
uncultured_Rhodobacteraceae_Rhodobacterales_Alphaproteobacteria_Proteobacteria;4,67198519;5,07803913;2,74574829;4,95429817;4,7515876;4,08875994;3,02457467;2,96856451;3,88557585;2,04895868;3,00060296;1,97547684;2,24866338;2,2315453;1,91587993;1,3922397;2,54835789;3,01242456;1,13036797;1,29165443;1,69794283;1,17926296;1,18279715
uncultured_Rhodobiaceae_Rhizobiales_Alphaproteobacteria_Proteobacteria;0,009054235;0;0;0;0,014942099;0;0;0;0;0;0;0,010812681;0;0;0;0;0;0,01545824;0;0;0,005273114;0;0,010795639
uncultured_Rhodospirillaceae_Rhodospirillales_Alphaproteobacteria_Proteobacteria;2,4355892;2,5651242;2,4686644;2,1871031;2,8419873;2,5109249;2,7590242;2,1938547;2,2046217;2,0765094;2,2628661;2,2695818;1,8066184;1,9198881;2,4949562;1,2345388;1,6429336;2,2620558;1,2208657;1,7012631;1,239841;1,4790756;1,2603908
uncultured_Saprospiraceae_Sphingobacteriales_Sphingobacteriia_Bacteroidetes;0,00503013;0;0;0;0;0;0;0;0;0;0;0;0;0;0;0;0;0,00579684;0;0;0;0;0
uncultured_Sphingomonadaceae_Sphingomonadales_Alphaproteobacteria_Proteobacteria;0;0;0,005454407;0;0;0;0;0;0;0;0;0;0;0;0;0;0;0;0;0;0;0;0
uncultured_Xanthobacteraceae_Rhizobiales_Alphaproteobacteria_Proteobacteria;0;0;0;0;0;0;0;0;0;0,005101989;0;0;0;0;0;0,071789199;0;0,01159368;0;0;0,106121427;0;0,049255101
uncultured_Xanthomonadaceae_Xanthomonadales_Gammaproteobacteria_Proteobacteria;0,020120522;0,006869642;0;0,012542527;0,026895779;0,010745755;0;0,005395988;0,015840477;0;0,009458165;0;0;0;0;0;0;0,025763734;0;0;0,014501065;0;0,035085825
uncultured_Xanthomonadales-Incertae-Sedis_Xanthomonadales_Gammaproteobacteria_Proteobacteria;0;0;0;0;0;0;0;0;0;0;0;0;0;0;0;0;0;0;0;0;0;0;0
Undibacterium_Oxalobacteraceae_Burkholderiales_Betaproteobacteria_Proteobacteria;0,008048209;0;0;0;0;0,014327674;0;0;0;0;0;0;0;0;0;0;0;0,008373213;0;0;0,00922795;0;0,005397819
Variibacter_Xanthobacteraceae_Rhizobiales_Alphaproteobacteria_Proteobacteria;0;0;0;0;0;0;0;0;0;0;0;0;0;0;0;0;0;0,014170054;0;0;0,003295696;0;0,021591277
Variovorax_Comamonadaceae_Burkholderiales_Betaproteobacteria_Proteobacteria;0,054325409;0,056331062;0,088361387;0,068983899;0,068733657;0,053728777;0;0,089419237;0,079202385;0,022448751;0,089852571;0,04000692;0,062899675;0,055938468;0,020021253;0,01647621;0,085603753;0,03671332;0,032442585;0,015503117;0,083710691;0,021236727;0,024964914
Vitellibacter_Flavobacteriaceae_Flavobacteriales_Flavobacteriia_Bacteroidetes;0;0;0;0;0;0;0;0;0;0;0;0;0;0;0;0;0;0;0;0;0,003295696;0;0
Williamsia_Nocardiaceae_Corynebacteriales_Actinobacteria_Actinobacteria;0;0;0;0;0;0;0;0;0;0;0;0;0;0;0;0;0;0;0;0;0;0;0
Xanthobacter_Xanthobacteraceae_Rhizobiales_Alphaproteobacteria_Proteobacteria;0;0;0;0;0;0;0;0;0;0;0;0;0;0;0;0;0;0;0;0;0;0;0
Xylophilus_Comamonadaceae_Burkholderiales_Betaproteobacteria_Proteobacteria;0;0;0;0;0;0;0;0;0;0;0;0;0;0;0;0;0;0;0;0;0;0;0
Yangia_Rhodobacteraceae_Rhodobacterales_Alphaproteobacteria_Proteobacteria;0;0;0;0;0;0;0;0;0;0;0;0;0;0;0;0;0;0,009017307;0;0;0;0;0
Youngimonas_Rhodobacteraceae_Rhodobacterales_Alphaproteobacteria_Proteobacteria;0,045271174;0;0,01636322;0;0;0;0;0;0;0;0;0;0;0;0;0,011768721;0;0;0;0;0;0;0
