;c22_S4;c23_S5;c24_S6;c28_S10;c29_S11;c30_S12;c34_S16;c35_S17;c36_S18;c40_S22;c41_S23;c42_S24;c46_S28;c47_S29;c48_S30;c52_S34;c53_S35;c54_S36;c59_S40;c60_S41;c63_S44;c64_S45;c66_S47;c70_S51;c71_S52;c72_S53;c76_S57;c77_S58;c78_S59;c82_S63;c83_S64;c84_S65;c88_S69;c89_S70;c90_S71;c94_S75;c95_S76;c96_S77;c100_S80;c101_S81;c102_S82;c106_S86;c107_S87;c108_S88;c112_S92;c113_S93;c114_S94
____Hydrogenedentes;0;0;0;0;0;0;0;0;0;0;0;0;0;0;0;0;0;0;0;0;0;0;0;0;0;0;0;0;0;0;0;0;0;0;0;0;0;0;0;0;0;0;0;0;0;0;0
___028H05-P-BN-P5_Planctomycetes;0;0;0;0;0;0;0;0;0;0;0;0;0;0;0;0;0;0;0;0;0;0;0;0;0;0;0;0;0;0;0;0;0;0;0;0;0;0;0;0;0;0;0;0;0;0;0
___ARKICE-90_Proteobacteria;0,099997917;0,146171762;0,162695609;0,231916249;0,062667035;0,221512615;0,175886662;0,105586783;0,125090258;0,171974145;0,400894115;0,241991624;0,349727697;0,257236432;0,208655332;0,169737643;0,177428367;0,251573619;0,109141813;0,269303528;0,115057145;0,105160662;0,13612554;0,152826018;0,173417398;0,150251857;0,088799964;0,172171115;0,084579369;0,086835356;0,213783493;0,156718906;0,223110126;0,25576561;0,350818762;0,308407097;0,230328685;0,281936227;0,410268714;0,349716268;0,306778531;0,571540192;0,23343403;0,383534158;0,383463442;0,301960704;0,324698752
___Elev-16S-509_Proteobacteria;0;0;0;0;0;0;0;0;0;0;0;0;0;0;0;0;0;0;0;0;0;0;0;0;0;0;0;0;0;0;0;0;0;0;0;0;0;0;0;0;0;0;0;0;0;0;0
___JG30-KF-CM66_Chloroflexi;0;0;0;0;0;0;0;0;0;0;0;0;0;0;0;0;0;0;0;0;0;0;0;0;0,006721605;0;0;0;0;0;0;0;0;0;0;0;0;0;0;0;0;0;0;0;0;0;0
___ML635J-21_Cyanobacteria;0;0;0;0;0;0;0;0;0;0;0;0;0;0;0;0;0;0;0;0;0;0;0;0;0;0;0;0;0;0;0;0;0;0;0;0;0;0;0;0;0;0;0;0;0;0;0
___OM190_Planctomycetes;0;0;0;0;0;0;0;0;0;0;0;0;0;0;0;0;0;0;0;0;0;0;0;0;0;0;0;0;0;0;0;0;0;0;0;0;0;0;0;0;0;0;0;0;0;0;0
___SPOTSOCT00m83_Proteobacteria;0;0,006821349;0,014985122;0;0;0;0;0;0;0;0;0;0;0;0;0;0;0;0;0;0;0;0;0;0;0;0;0;0;0;0;0;0;0;0;0,005006609;0;0;0;0;0;0;0;0;0;0;0
___TA18_Proteobacteria;0;0;0;0;0;0;0;0;0;0;0;0;0;0;0;0;0;0;0;0;0;0;0;0;0;0;0;0;0;0;0;0;0;0;0;0;0;0;0;0;0;0;0;0;0;0;0
__42095_Bacilli_Firmicutes;0;0;0;0;0;0;0;0;0;0;0;0;0;0;0;0;0;0;0;0;0;0;0;0;0;0;0;0;0;0;0;0;0;0;0;0;0;0;0;0;0;0;0;0;0,008072915;0;0,014431056
__B38_Gammaproteobacteria_Proteobacteria;0;0;0;0;0;0;0;0;0;0;0;0;0,010533967;0,019889415;0,027047913;0,006867997;0;0;0;0;0;0;0;0;0;0;0;0;0;0;0;0;0;0;0,00555093;0,008010574;0;0;0,019193858;0,009426314;0,014701847;0,006511217;0,005884892;0;0,004843749;0;0
__E6aD10_Alphaproteobacteria_Proteobacteria;0;0;0;0;0;0;0;0;0;0;0;0;0;0;0;0;0;0;0;0;0;0;0;0;0;0;0;0;0;0;0;0;0;0;0;0;0;0;0;0;0;0;0;0;0;0;0
__Hot-Creek-32_Betaproteobacteria_Proteobacteria;0;0;0;0;0;0;0;0,655259153;0,506462997;0,956729724;0,012148307;0,005524923;0,341300524;0,52242863;0,016743946;0,004905712;0,021565879;0,029778102;0,284717774;0,574954772;0,007670476;0,488153197;0,008712035;0,018945374;0,52831812;0,013547299;0,025853154;0,015080682;0,012082767;1,308588623;0,799708621;0,763587863;0,027706486;0,280797989;0,691645851;0,005006609;0,776062417;0,025811063;0,717370441;1,010500914;0;0,007958155;0,655184589;0,010450522;0,540077984;0,007140963;0,375207446
__oca12_Betaproteobacteria_Proteobacteria;0,009374805;0,015591655;0,008562927;0;0;0;0;0;0;0;0;0;0,005266983;0;0;0;0;0;0;0;0;0;0;0;0;0;0;0;0;0;0;0;0;0;0;0;0;0;0;0;0;0;0;0;0;0;0
__OCS116-clade_Alphaproteobacteria_Proteobacteria;0;0;0;0;0;0;0;0;0;0;0;0;0;0;0;0;0;0;0;0;0;0;0;0;0;0;0;0;0;0;0;0;0;0;0;0;0;0;0;0;0;0;0;0;0;0;0
_AKIW852_Sphingomonadales_Alphaproteobacteria_Proteobacteria;0;0;0;0;0;0;0;0;0;0;0;0;0;0;0;0;0;0;0;0,004956507;0;0;0;0;0;0;0;0;0;0;0;0;0;0;0;0;0;0;0;0;0;0;0;0;0;0;0
_alphaI-cluster_Rhizobiales_Alphaproteobacteria_Proteobacteria;0;0;0;0;0;0;0;0;0;0;0;0;0;0;0;0;0;0;0;0;0;0;0;0;0;0;0;0;0;0;0;0;0;0;0;0;0;0;0;0;0;0;0;0;0;0;0
_AT-s3-44_Rhodospirillales_Alphaproteobacteria_Proteobacteria;0;0;0;0;0;0;0;0;0;0;0;0;0;0;0;0;0;0;0;0;0;0;0;0;0;0;0;0;0;0;0;0;0;0;0;0;0;0;0;0;0;0;0;0;0;0;0
_BIgi5_Order-III_Cytophagia_Bacteroidetes;0;0;0;0;0;0;0;0;0;0;0;0;0;0;0;0;0;0;0;0;0;0;0;0;0;0;0;0;0;0;0;0;0;0;0;0;0;0;0;0;0;0;0;0;0;0;0
_Blfdi19_Myxococcales_Deltaproteobacteria_Proteobacteria;0;0;0;0;0;0;0;0;0;0;0;0;0;0;0;0;0;0;0;0;0;0;0;0;0;0;0;0;0;0;0;0;0;0;0;0;0;0;0;0;0;0;0;0;0;0;0
_C2U_Rhizobiales_Alphaproteobacteria_Proteobacteria;0;0;0;0;0;0;0;0;0;0;0;0,009944861;0;0;0;0;0,008822405;0;0;0;0;0;0;0;0;0;0;0;0;0;0,030088047;0;0;0;0,012212046;0;0;0;0;0;0;0;0;0;0;0;0,007937081
_Comamonadaceae_Burkholderiales_Betaproteobacteria_Proteobacteria;0;0;0;0;0;0;0;0;0;0;0;0;0;0;0;0;0;0;0;0;0;0;0;0;0;0;0;0;0;0;0;0;0;0;0;0;0;0;0;0;0;0;0;0;0;0;0
_ctg-CGOF202_Sphingomonadales_Alphaproteobacteria_Proteobacteria;0;0;0;0;0;0;0;0;0;0;0;0;0;0;0;0;0;0;0;0;0;0;0;0;0;0;0;0;0;0;0;0;0;0;0;0;0;0;0;0;0;0;0;0;0;0;0
_D05-2_Rhizobiales_Alphaproteobacteria_Proteobacteria;0;0,010719263;0;0;0;0;0;0;0;0;0;0;0;0;0;0;0;0;0;0;0;0;0;0;0;0;0;0;0;0;0;0;0;0;0;0;0;0;0;0;0;0;0;0;0;0;0
_DA111_Rhodospirillales_Alphaproteobacteria_Proteobacteria;0;0;0;0;0;0;0;0;0;0;0;0;0;0;0;0;0;0;0;0;0;0;0;0;0;0;0;0;0;0;0;0;0;0;0;0;0;0;0;0;0;0;0;0;0;0;0
_DEV007_Verrucomicrobiales_Verrucomicrobiae_Verrucomicrobia;0;0;0;0;0;0;0;0;0;0;0;0;0;0;0;0;0;0;0;0;0;0;0;0;0;0;0;0;0;0;0;0;0;0;0;0;0;0;0;0;0;0;0;0;0;0;0
_DSSF69_Sphingomonadales_Alphaproteobacteria_Proteobacteria;0;0,009744784;0;0;0;0;0;0;0;0;0;0;0;0;0;0;0,004901336;0;0;0;0;0;0;0;0;0;0;0;0;0;0;0;0;0;0;0;0;0;0;0;0;0,003617343;0;0;0;0;0
_GR-WP33-58_Desulfuromonadales_Deltaproteobacteria_Proteobacteria;0;0;0;0;0;0;0;0;0;0;0;0;0;0;0;0;0;0;0;0;0;0;0;0;0;0;0;0;0;0;0;0;0;0;0;0;0;0;0;0;0;0;0;0;0;0;0
_JG34-KF-161_Sphingomonadales_Alphaproteobacteria_Proteobacteria;0;0;0;0;0;0;0;0;0;0;0;0;0;0;0;0;0;0;0;0;0;0;0;0;0;0;0;0;0;0;0;0;0;0;0;0;0;0;0;0;0;0;0;0;0;0;0
_JG34-KF-361_Rhizobiales_Alphaproteobacteria_Proteobacteria;0;0;0;0;0;0;0;0;0;0;0;0;0;0;0;0;0;0;0;0;0;0;0;0;0;0;0;0;0;0;0,019002977;0;0;0;0;0;0;0;0;0;0,009801231;0;0,004904076;0;0;0;0
_MND8_Rhodospirillales_Alphaproteobacteria_Proteobacteria;0;0;0;0;0;0;0;0;0;0;0;0;0;0;0;0;0;0;0;0;0;0;0;0;0;0;0;0;0;0;0;0;0;0;0;0;0;0;0;0;0;0;0;0;0;0;0
_MNG7_Rhizobiales_Alphaproteobacteria_Proteobacteria;0;0;0;0;0;0;0;0;0;0;0;0;0;0;0;0;0;0;0;0,005782591;0;0;0;0;0;0;0;0;0;0;0;0;0;0;0;0;0;0;0;0;0,005880739;0;0;0;0;0;0
_NS11-12-marine-group_Sphingobacteriales_Sphingobacteriia_Bacteroidetes;0,01458303;0,02436196;0,033181341;0,008166065;0;0;0;0;0;0;0;0,005524923;0;0;0;0;0,004901336;0,010268311;0;0;0,006574694;0,006491399;0;0;0;0;0,039341756;0,018850852;0,030206917;0;0,017419396;0,007780371;0;0;0,00555093;0,008010574;0,005187583;0;0,014395393;0,01319684;0,006860862;0,031832618;0,046098317;0,025081253;0,03309895;0,052027013;0,03896385
_NS7-marine-group_Flavobacteriales_Flavobacteriia_Bacteroidetes;0;0;0;0;0;0;0;0;0;0;0;0;0;0;0;0;0;0;0;0;0;0;0;0;0;0;0;0;0;0;0;0;0;0;0;0;0;0;0;0;0;0;0;0;0;0;0
_NS9-marine-group_Flavobacteriales_Flavobacteriia_Bacteroidetes;0;0;0;0;0;0;0;0;0;0;0;0;0;0;0;0;0;0;0;0;0;0;0;0;0;0;0;0;0;0;0;0;0;0;0;0;0;0;0;0;0;0;0;0;0;0;0
_OPB56_Chlorobiales_Chlorobia_Chlorobi;0,035415929;0,050672877;0,027829512;0;0;0;0;0;0;0;0;0;0;0;0;0,004905712;0;0;0;0;0;0;0;0;0;0;0;0;0;0;0;0;0;0;0;0;0;0;0;0;0;0;0;0;0;0;0
_Phyllobacteriaceae_Rhizobiales_Alphaproteobacteria_Proteobacteria;0;0;0;0;0;0;0;0;0;0;0;0;0;0;0;0;0;0;0;0;0;0;0;0;0;0;0;0,007540341;0;0;0,028504466;0,008891853;0;0,034827658;0;0;0,017637782;0;0;0;0,006860862;0;0;0;0;0;0
_Rhodobacteraceae_Rhodobacterales_Alphaproteobacteria_Proteobacteria;0,061457053;0,004872392;0,034251707;0;0;0;0;0;0;0;0;0;0;0;0;0;0;0;0;0;0;0;0;0;0;0;0;0;0;0;0;0;0;0;0;0;0;0;0;0;0,004900616;0,003617343;0;0,006270313;0,00565104;0;0,004329317
_Rhodobiaceae_Rhizobiales_Alphaproteobacteria_Proteobacteria;0;0;0;0;0;0;0;0;0;0;0;0;0;0;0;0;0;0;0;0;0;0;0;0;0;0;0;0;0;0;0;0;0;0;0;0;0;0;0;0;0;0;0;0;0;0;0
_Rhodospirillaceae_Rhodospirillales_Alphaproteobacteria_Proteobacteria;0;0;0;0;0;0;0;0;0;0;0;0;0;0;0;0;0;0;0;0;0;0;0;0;0;0;0;0;0;0;0;0;0;0;0;0;0;0;0;0;0;0;0;0;0;0;0
_SAR116-clade_Rickettsiales_Alphaproteobacteria_Proteobacteria;0;0;0;0;0;0;0;0;0;0;0;0;0;0;0;0;0;0;0;0;0;0;0;0;0;0;0;0;0;0;0;0;0;0;0;0;0;0;0;0;0;0;0;0;0;0;0
_SHWN-night2_Rickettsiales_Alphaproteobacteria_Proteobacteria;0,035415929;0,006821349;0,01284439;0;0;0;0;0;0;0;0;0;0;0;0;0;0;0;0;0;0;0;0;0;0;0;0;0;0;0;0;0;0;0;0;0;0;0;0;0;0;0;0;0;0;0;0
_Sphingomonadaceae_Sphingomonadales_Alphaproteobacteria_Proteobacteria;0;0;0;0;0;0;0;0;0;0;0;0;0;0;0;0;0;0;0;0;0;0;0;0;0;0;0;0;0;0;0;0;0;0;0;0;0;0;0;0;0;0;0;0;0;0;0
_T9d_Rickettsiales_Alphaproteobacteria_Proteobacteria;0;0;0;0;0;0;0;0;0;0;0;0;0;0;0;0;0;0;0;0;0;0;0;0;0;0;0;0;0;0;0;0;0;0;0;0;0;0;0;0;0;0;0;0;0;0;0
_TM146_Solirubrobacterales_Thermoleophilia_Actinobacteria;0;0;0;0;0;0;0;0;0;0;0;0;0;0;0;0;0,006861871;0;0;0;0,005478912;0;0;0;0;0;0;0;0;0;0;0,00666889;0;0;0;0;0;0;0;0;0;0;0;0;0;0;0
_uncultured_Gaiellales_Thermoleophilia_Actinobacteria;0,063540343;0,040928093;0,03104061;0,039197112;0,036862962;0,043151808;0,050597533;0,086953821;0,091529457;0,080056929;0,136061033;0,109393474;0,060043611;0,064972089;0,050231839;0,085359392;0,084302981;0,063663528;0,033217074;0,054521573;0,074513199;0,05842259;0,064251255;0,151562993;0,122333203;0,129315122;0,092172115;0,104308048;0,141972512;0,347341425;0,597010198;0,300100033;0,037914139;0,054418215;0,15098529;0,030039652;0,042538181;0,027796529;0,124760077;0,023565786;0,09801231;0,073070328;0,111812939;0,082559124;0,018567703;0,030604125;0,020925031
_uncultured_Rhizobiales_Alphaproteobacteria_Proteobacteria;0;0;0;0;0;0;0;0;0;0;0;0;0;0;0;0;0;0;0;0;0;0;0;0;0;0;0;0;0;0;0;0;0;0,010883643;0;0;0;0;0;0;0;0;0;0;0;0;0
_uncultured_Sphingomonadales_Alphaproteobacteria_Proteobacteria;0;0;0;0;0;0;0;0;0;0;0;0;0;0;0;0;0;0;0;0;0;0;0;0;0;0;0;0;0;0;0;0;0;0;0;0;0;0;0;0;0;0;0;0;0;0;0
_Verrucomicrobiaceae_Verrucomicrobiales_Verrucomicrobiae_Verrucomicrobia;0;0;0;0;0;0;0;0;0;0;0;0;0;0;0;0;0;0;0;0;0;0;0;0;0;0;0;0;0;0;0;0;0;0;0;0;0;0;0;0;0;0;0;0;0;0;0
_WCHB1-69_Sphingobacteriales_Sphingobacteriia_Bacteroidetes;0;0;0;0;0;0;0;0;0;0;0;0;0;0;0;0;0;0;0;0;0;0;0;0;0;0;0;0;0;0;0;0;0;0;0;0;0;0;0;0;0;0;0;0;0;0;0
_WW2-159_Sphingomonadales_Alphaproteobacteria_Proteobacteria;0;0;0;0;0;0;0;0;0;0;0;0;0;0;0;0;0;0;0;0;0;0;0;0;0;0;0;0;0;0;0;0;0;0;0;0;0;0;0;0;0;0;0;0;0;0;0
_Xanthobacteraceae_Rhizobiales_Alphaproteobacteria_Proteobacteria;0;0;0;0;0;0;0;0;0;0;0;0;0;0;0;0;0;0;0;0;0;0;0;0;0;0;0;0;0;0;0;0;0;0;0;0;0;0;0;0;0;0;0;0;0;0;0
Achromobacter_Alcaligenaceae_Burkholderiales_Betaproteobacteria_Proteobacteria;0,054165538;0,063341097;0,034251707;0,05389603;0,071882776;0,057535744;0,055416345;0,102481289;0,045764729;0,050406215;0,065600855;0,074033967;0,072684371;0,042430752;0,082431736;0,094189674;0,066658171;0,103709941;0,059316203;0,0743476;0,093141498;0,042843233;0,077319307;0,118724345;0,068560367;0,045568186;0,085427813;0,086713919;0,166138046;0,080777075;0,060176094;0,082249639;0,119575362;0,096864422;0,122120455;0,079104418;0,095451527;0,117142517;0,089971209;0,064098939;0,064688125;0,040514241;0,053944839;0,048072401;0,067812482;0,061208251;0,059888881
Acidovorax_Comamonadaceae_Burkholderiales_Betaproteobacteria_Proteobacteria;0,022916189;0,015591655;0,046025732;0,022864982;0,033176666;0,034521446;0,024094063;0,016562633;0,030509819;0,033604143;0,035230089;0,043094399;0,04424266;0,057016323;0,057959815;0,039245698;0,022546146;0,02772444;0,028471777;0,037999884;0,019724082;0,018175917;0,009801039;0,032838649;0,026886418;0,03817875;0,022481004;0,020107576;0,010572421;0,012116561;0,03325521;0,033344448;0,037914139;0,057683308;0,029975021;0,066087235;0,046688247;0,051622126;0,064779271;0,052787361;0,031363939;0,063665237;0,056887285;0,058522923;0,065390608;0,065288801;0,085864781
Acinetobacter_Moraxellaceae_Pseudomonadales_Gammaproteobacteria_Proteobacteria;0,00624987;0,010719263;0;0;0;0;0;0;0;0;0;0;0;0;0;0;0;0;0;0;0;0;0;0,054310073;0,055117158;0,034484033;0;0;0;0;0;0;0;0;0;0;0;0,065520391;0;0,005655789;0,004900616;0;0;0;0;0;0
Actibacterium_Rhodobacteraceae_Rhodobacterales_Alphaproteobacteria_Proteobacteria;0;0;0;0;0;0;0;0;0;0;0;0;0;0;0;0;0;0;0;0;0;0;0;0;0;0;0;0;0;0;0;0;0;0;0;0;0;0;0;0;0;0;0;0;0;0;0
Aequorivita_Flavobacteriaceae_Flavobacteriales_Flavobacteriia_Bacteroidetes;0;0;0;0;0;0;0;0;0,007118958;0;0;0;0;0;0;0;0;0;0;0;0;0;0;0;0;0;0;0;0;0;0;0,007780371;0;0;0,012212046;0;0;0;0,013195777;0;0,009801231;0,00506428;0;0;0;0;0
Aeromicrobium_Nocardioidaceae_Propionibacteriales_Actinobacteria_Actinobacteria;0;0;0;0;0;0;0;0;0;0,0069185;0,007288984;0,006629908;0;0;0;0;0;0;0;0;0,005478912;0;0;0;0;0;0;0;0;0;0;0;0;0;0;0;0;0;0;0;0;0;0;0,00940547;0;0;0
Aeromonas_Aeromonadaceae_Aeromonadales_Gammaproteobacteria_Proteobacteria;0;0,00584687;0,005351829;0;0,00921574;0;0;0;0;0;0;0;0;0;0;0;0;0;0;0;0;0;0;0;0;0;0;0;0;0;0;0;0;0;0;0;0;0,168764643;0;0,005655789;0;0;0;0;0;0;0
Aestuariivita_Rhodobacteraceae_Rhodobacterales_Alphaproteobacteria_Proteobacteria;0;0;0;0;0;0;0;0;0;0;0;0;0;0;0;0;0;0;0;0;0;0;0;0;0;0;0;0;0;0;0;0;0;0;0;0;0;0;0;0;0;0;0;0;0;0;0
Afifella_Rhodobiaceae_Rhizobiales_Alphaproteobacteria_Proteobacteria;0;0;0;0;0;0;0;0;0;0;0;0;0;0;0;0;0;0;0;0;0;0;0;0;0;0;0;0;0;0;0;0;0;0;0;0;0;0;0;0;0;0;0;0;0;0;0
Afipia_Bradyrhizobiaceae_Rhizobiales_Alphaproteobacteria_Proteobacteria;0;0;0;0;0;0;0;0;0;0;0;0;0;0;0;0;0;0;0;0;0;0;0;0;0;0;0;0;0;0;0;0;0;0;0;0;0;0;0;0;0;0;0;0;0;0;0
Agrococcus_Microbacteriaceae_Micrococcales_Actinobacteria_Actinobacteria;0;0;0;0;0;0;0;0;0;0;0;0;0;0;0;0;0;0;0;0;0;0;0;0;0;0;0;0;0;0;0;0;0;0;0;0;0;0;0;0;0;0;0;0;0;0;0
Ahrensia_Phyllobacteriaceae_Rhizobiales_Alphaproteobacteria_Proteobacteria;0,794775109;1,027100245;0,814548413;0,050629604;0,075569072;0,043151808;0,02650347;0,032090101;0,066104608;0,044476072;0,044948734;0,044199383;0,029495107;0,043756713;0,024471922;0,04022684;0,026467215;0,019509791;0;0,009913013;0,007670476;0,011684518;0,014157056;0;0,010754567;0,012315726;0,021356953;0,013823958;0,012082767;0,016155415;0,025337303;0,046682227;0,024790014;0,021767286;0,024424091;0,024031722;0,011412683;0,017869197;0,028790787;0,022623155;0,030383816;0,013022435;0,01863549;0,016720835;0,028255201;0,040805501;0,020203478
Albidiferax_Comamonadaceae_Burkholderiales_Betaproteobacteria_Proteobacteria;0;0;0;0;0;0,007191968;0;0;0;0,0069185;0;0;0;0;0;0;0;0;0;0,005782591;0;0;0,017424069;0;0,009410246;0;0;0;0;0;0;0;0;0;0;0;0;0;0;0;0;0;0;0;0;0;0,017317267
Algoriphagus_Cyclobacteriaceae_Cytophagales_Cytophagia_Bacteroidetes;0;0;0;0;0;0;0;0;0;0;0;0;0;0;0;0;0;0;0;0;0;0;0;0;0;0;0;0;0;0;0;0;0;0;0;0;0;0;0;0;0;0;0;0;0;0;0
Aliihoeflea_Phyllobacteriaceae_Rhizobiales_Alphaproteobacteria_Proteobacteria;0;0;0;0;0;0;0;0;0;0;0;0;0;0;0;0;0;0;0;0;0;0;0;0;0;0;0;0;0;0;0;0;0;0,009795279;0;0;0;0;0;0;0;0;0;0;0;0;0
Alkanindiges_Moraxellaceae_Pseudomonadales_Gammaproteobacteria_Proteobacteria;0;0;0;0;0;0;0;0;0;0;0,006074153;0;0,00632038;0;0,012879959;0;0,004901336;0,012321973;0;0;0;0;0;0;0,008065925;0;0;0;0;0,020194269;0,009501489;0,00666889;0;0;0;0;0,0062251;0;0,01559501;0;0,006860862;0;0,004904076;0;0;0;0
Altererythrobacter_Erythrobacteraceae_Sphingomonadales_Alphaproteobacteria_Proteobacteria;0;0;0;0;0;0;0;0;0;0;0;0;0;0;0;0;0;0;0;0;0;0;0;0;0;0;0;0;0;0;0;0;0;0;0;0;0;0;0;0;0;0;0;0;0;0;0
Alteromonas_Alteromonadaceae_Alteromonadales_Gammaproteobacteria_Proteobacteria;0;0;0;0;0;0;0;0;0;0;0;0;0;0;0;0;0;0;0;0;0;0;0;0;0;0;0;0;0;0;0;0;0;0;0;0;0;0;0;0;0;0;0;0;0;0;0
Aminobacter_Phyllobacteriaceae_Rhizobiales_Alphaproteobacteria_Proteobacteria;0;0,01851509;0,010703659;0;0;0;0;0;0;0;0;0;0,01580095;0;0;0;0;0,007187818;0;0;0;0;0;0,011367225;0;0;0;0;0;0;0;0;0;0;0;0;0;0;0;0;0;0;0;0;0;0;0
Amorphus_Caulobacteraceae_Caulobacterales_Alphaproteobacteria_Proteobacteria;0;0;0;0;0;0;0;0;0;0;0;0;0;0;0;0;0;0;0;0;0;0;0;0;0;0;0;0;0;0;0;0;0;0;0,01110186;0;0;0;0;0;0;0;0;0;0;0;0
Ancylobacter_Xanthobacteraceae_Rhizobiales_Alphaproteobacteria_Proteobacteria;0;0,004872392;0;0;0;0;0;0;0;0;0;0;0;0;0;0;0;0;0;0;0;0;0;0;0;0;0;0;0;0;0;0;0;0;0;0;0;0;0;0;0;0;0;0;0;0;0
Antarctobacter_Rhodobacteraceae_Rhodobacterales_Alphaproteobacteria_Proteobacteria;0,00624987;0;0;0;0,025804073;0,007191968;0,012047032;0,014492304;0,008135952;0,008895214;0;0,011049846;0;0,018563454;0,015455951;0,014717137;0,018625077;0,007187818;0;0,02230428;0,023011429;0,007789679;0,006534026;0,027786549;0,009410246;0,014778871;0,017984803;0,006283617;0;0;0;0,015560742;0;0;0,007771302;0;0;0;0;0;0;0;0;0;0;0;0,005772422
Aquabacterium_Comamonadaceae_Burkholderiales_Betaproteobacteria_Proteobacteria;0,090623112;0,096473363;0,037462805;0;0;0;0;0,013457139;0;0,007906857;0;0;0;0;0;0;0,010782939;0;0;0;0;0;0;0;0;0;0;0;0;0;0;0;0;0;0;0;0;0;0;0;0;0;0;0;0;0;0
Aquamicrobium_Phyllobacteriaceae_Rhizobiales_Alphaproteobacteria_Proteobacteria;0,009374805;0;0;0;0;0;0,02650347;0;0;0;0;0;0;0;0;0;0;0;0;0;0;0;0;0;0;0;0;0;0;0;0,02217014;0;0;0;0;0;0;0,045665727;0;0;0;0,003617343;0;0;0;0;0,01298795
Aquimonas_Xanthomonadaceae_Xanthomonadales_Gammaproteobacteria_Proteobacteria;0;0;0;0;0;0;0;0;0;0;0;0;0;0;0;0;0;0;0;0;0;0;0;0;0;0;0;0;0;0;0;0;0;0;0;0;0;0;0;0;0;0;0;0;0;0;0
Arcobacter_Campylobacteraceae_Campylobacterales_Epsilonproteobacteria_Proteobacteria;0;0;0;0;0;0;0;0;0;0;0;0;0;0;0;0;0;0;0;0;0;0;0;0;0;0;0;0;0;0;0;0;0;0;0;0;0;0;0;0;0;0;0;0;0;0;0
Arenibacter_Flavobacteriaceae_Flavobacteriales_Flavobacteriia_Bacteroidetes;0;0;0;0;0;0;0;0;0;0;0;0;0;0;0;0;0;0;0;0;0;0;0;0;0;0;0;0;0;0;0;0;0;0;0;0;0;0;0;0;0;0;0;0;0;0;0
Arthrobacter_Micrococcaceae_Micrococcales_Actinobacteria_Actinobacteria;0,080206662;0,048723921;0,042814634;0;0,00921574;0,01582233;0;0;0,008135952;0,0069185;0,014577968;0,005524923;0,01580095;0,006629805;0,011591963;0,011773709;0,004901336;0;0;0,008260844;0,008766259;0;0;0;0,01478753;0,008621008;0,006744301;0,006283617;0;0;0,01108507;0;0;0;0,008881488;0;0;0;0;0;0;0,004340812;0;0;0;0;0
Aureimonas_Aurantimonadaceae_Rhizobiales_Alphaproteobacteria_Proteobacteria;0;0;0;0;0;0;0;0;0;0;0;0;0;0;0;0;0;0;0;0;0;0;0;0;0;0;0;0;0;0;0;0;0;0;0;0;0;0;0;0;0;0;0;0;0;0;0
Azoarcus_Rhodocyclaceae_Rhodocyclales_Betaproteobacteria_Proteobacteria;0;0,00584687;0;0;0;0;0,028912876;0,005175823;0;0,007906857;0;0;0;0;0;0,005886855;0;0,007187818;0;0;0;0;0;0,0101042;0;0;0;0,008797064;0,007551729;0;0;0;0;0;0;0;0;0;0;0;0;0,006511217;0;0,005225261;0;0;0
Bacillus_Bacillaceae_Bacillales_Bacilli_Firmicutes;0;0;0;0;0;0;0;0;0;0;0;0;0;0;0;0;0;0;0;0;0;0;0;0;0;0;0;0;0;0;0;0;0;0;0;0;0;0;0;0;0;0;0;0;0;0;0
Bacteriovorax_Bacteriovoracaceae_Bdellovibrionales_Deltaproteobacteria_Proteobacteria;0;0;0;0;0;0;0;0;0;0;0;0;0;0;0;0;0;0;0;0;0;0;0;0;0;0;0;0;0;0;0;0;0;0;0;0;0;0;0;0;0;0;0;0;0;0;0
BAL58-marine-group_Comamonadaceae_Burkholderiales_Betaproteobacteria_Proteobacteria;0,059373763;0,082830665;0,071714512;0,014698917;0;0;0;0;0;0;0;0,005524923;0;0;0;0;0,008822405;0;0;0;0;0;0;0;0;0;0;0;0;0;0;0;0,008749417;0;0;0;0;0;0;0;0;0;0;0;0;0;0
Balneola_Unknown-Family_Order-III_Cytophagia_Bacteroidetes;0;0;0;0;0;0;0;0;0;0;0;0;0;0;0;0;0;0;0;0;0;0;0;0;0;0;0;0;0;0;0;0;0;0;0;0;0;0;0;0;0;0;0;0;0;0;0
Bartonella_Bartonellaceae_Rhizobiales_Alphaproteobacteria_Proteobacteria;0;0;0;0;0;0;0;0;0;0;0;0;0;0;0;0;0;0;0;0,00743476;0,008766259;0;0;0;0;0;0;0;0;0;0;0;0;0;0;0;0;0;0;0;0;0;0;0;0;0;0
Bauldia_Rhizobiales-Incertae-Sedis_Rhizobiales_Alphaproteobacteria_Proteobacteria;0;0;0;0;0;0;0;0;0;0;0;0;0;0;0;0,00784914;0;0;0;0;0;0;0;0;0;0;0;0,008797064;0,009062075;0;0;0;0;0;0;0;0;0;0;0,00659842;0;0;0;0;0;0;0,006493975
BD1-7-clade_Spongiibacteraceae_Cellvibrionales_Gammaproteobacteria_Proteobacteria;0;0;0;0;0;0;0;0;0;0;0;0;0;0;0;0;0;0;0;0;0;0;0;0;0;0;0;0;0;0;0;0;0;0,011972007;0;0;0;0;0;0;0;0;0;0;0;0;0
Blastomonas_Sphingomonadaceae_Sphingomonadales_Alphaproteobacteria_Proteobacteria;0,208329;0,1549421;0,1776807;0,6663509;0,7612202;0,5926182;1,1661527;1,2308106;0,9193625;0,6414438;0,5503183;0,5690671;0,6994554;0,7915987;0,8114374;0,8496694;0,8028389;0,8276259;0,6453603;0,8880408;1,0563342;1,0412204;1,1913707;0,9156931;0,8859075;1,0320578;1,0790882;1,3987332;1,6704425;1,0541408;1,3270412;1,2337446;0,5337144;0,6943764;0,549542;0,8240878;0,877739;0,6591748;0,9141075;1,3432498;0,7390128;1,0931611;1,0798776;0,8391769;1,0656247;1,1619366;0,9380186
Blastopirellula_Planctomycetaceae_Planctomycetales_Planctomycetacia_Planctomycetes;0;0;0;0;0;0;0;0;0;0;0;0;0;0;0;0;0;0;0;0;0;0;0;0;0;0;0;0;0;0;0;0;0;0;0;0;0;0;0;0;0;0;0;0;0;0;0
Bosea_Bradyrhizobiaceae_Rhizobiales_Alphaproteobacteria_Proteobacteria;0;0;0;0;0;0;0;0;0;0;0;0;0;0;0;0;0;0;0;0;0;0;0;0;0;0;0;0;0;0;0;0;0;0;0;0;0;0;0;0;0;0;0;0;0;0;0
Boseongicola_Rhodobacteraceae_Rhodobacterales_Alphaproteobacteria_Proteobacteria;0,005208225;0,009744784;0,013914756;0;0;0;0;0;0,011186934;0;0,006074153;0;0;0;0;0,013735994;0;0;0,016608537;0,010739098;0,005478912;0;0;0,006315125;0,008065925;0;0;0,013823958;0,007551729;0;0,026920884;0,010003334;0;0;0;0,007009252;0;0;0;0;0,004900616;0;0;0,029261462;0;0,0081611;0,004329317
Bradyrhizobium_Bradyrhizobiaceae_Rhizobiales_Alphaproteobacteria_Proteobacteria;0;0;0;0;0;0;0;0;0;0;0;0;0;0;0;0;0;0;0;0;0;0;0;0;0;0;0;0;0;0;0;0;0;0;0;0;0;0;0;0;0;0;0;0;0;0;0
Brevundimonas_Caulobacteraceae_Caulobacterales_Alphaproteobacteria_Proteobacteria;0,01249974;0,030208831;0,021407317;0;0;0;0;0;0;0;0;0;0,00948057;0;0,006439979;0,00784914;0;0;0;0;0,008766259;0;0,006534026;0;0;0;0;0;0;0,010097134;0;0;0,008749417;0;0;0,007009252;0;0;0;0;0;0;0,006865707;0,007315365;0,007265623;0;0
Brucella_Brucellaceae_Rhizobiales_Alphaproteobacteria_Proteobacteria;0;0;0;0;0;0;0;0;0;0;0;0;0;0;0;0;0;0;0;0;0;0;0;0;0;0;0;0;0;0;0;0;0;0;0;0;0;0;0;0;0;0;0;0;0;0;0
Burkholderia_Burkholderiaceae_Burkholderiales_Betaproteobacteria_Proteobacteria;0;0;0,005351829;0;0;0;0;0;0;0;0;0;0;0,007955766;0;0;0,009802672;0;0;0,004956507;0,008766259;0;0,011979048;0,012630249;0;0,006157863;0,010116452;0,015080682;0;0;0;0;0;0;0,007771302;0;0;0;0;0;0;0;0;0;0;0;0
Caenimonas_Comamonadaceae_Burkholderiales_Betaproteobacteria_Proteobacteria;0;0;0;0;0;0;0;0;0;0;0;0;0;0;0;0;0;0;0;0;0;0;0;0;0;0;0;0;0;0;0;0;0;0;0;0;0;0;0;0;0;0;0;0;0;0;0
Candidatus-Aquiluna_Microbacteriaceae_Micrococcales_Actinobacteria_Actinobacteria;0;0;0;0;0;0;0;0;0;0;0;0;0;0;0;0;0;0;0;0;0;0;0;0;0;0;0;0;0;0;0;0;0;0;0;0;0;0;0;0;0;0;0;0;0;0;0
Caulobacter_Caulobacteraceae_Caulobacterales_Alphaproteobacteria_Proteobacteria;0,305201975;0,270904998;0,331813414;0,076761012;0,02949037;0,07191968;0,130107941;0,090059315;0,269503402;0,133428216;0,134846202;0,100553597;0,084271734;0,110054762;0,079855744;0,069661113;0,182329703;0,10268311;0,030844425;0,047912898;0,090949934;0,106458942;0,074052294;0,056836123;0,036296665;0,071431211;0,176475878;0,204845926;0,273372602;0,034330257;0,131437259;0,202289652;0,080202986;0,060948401;0,10990841;0,0460608;0,061213479;0,059563992;0,148752399;0,055615256;0,079389971;0,050642802;0,09513908;0,089874489;0,100104141;0,136698427;0,080092359
CB31G03_Microbacteriaceae_Micrococcales_Actinobacteria_Actinobacteria;0;0;0;0;0;0;0;0;0;0;0;0;0;0;0;0;0;0;0;0;0;0;0;0;0;0;0;0;0;0;0;0;0;0;0;0;0;0;0;0;0;0;0;0;0;0;0
Celeribacter_Rhodobacteraceae_Rhodobacterales_Alphaproteobacteria_Proteobacteria;0;0;0;0;0;0;0;0;0;0;0;0;0;0;0;0;0;0;0;0;0;0;0;0;0;0;0;0;0;0;0;0;0;0;0;0;0;0;0;0;0;0;0;0;0;0;0
Chelativorans_Phyllobacteriaceae_Rhizobiales_Alphaproteobacteria_Proteobacteria;0;0;0;0;0;0;0;0;0;0;0;0;0;0;0;0;0;0;0;0;0;0;0;0;0;0;0;0;0;0;0;0;0;0;0;0;0;0;0;0;0;0;0;0;0;0;0
Chlorochromatium_Comamonadaceae_Burkholderiales_Betaproteobacteria_Proteobacteria;0;0,007795827;0;0;0;0;0;0;0,00508497;0;0;0;0;0;0;0;0;0;0;0;0;0;0;0,008841175;0;0;0;0,006283617;0;0;0;0;0;0;0;0;0;0,009927332;0,010796545;0;0;0,029662213;0,01863549;0,026126305;0,350364492;0,33256483;0,313153907
Christensenellaceae-R-7-group_Christensenellaceae_Clostridiales_Clostridia_Firmicutes;0;0;0;0;0;0;0;0;0;0;0;0;0;0;0;0;0;0;0;0;0;0;0;0;0;0;0;0;0;0;0;0;0;0;0;0;0;0;0,005998081;0;0;0;0;0;0;0;0
Citreicella_Rhodobacteraceae_Rhodobacterales_Alphaproteobacteria_Proteobacteria;0;0;0;0;0;0;0;0;0;0;0;0;0;0;0;0;0;0;0;0;0;0;0;0;0;0;0;0;0;0;0;0;0;0;0;0;0;0;0;0;0;0;0;0;0;0;0
Cloacibacterium_Flavobacteriaceae_Flavobacteriales_Flavobacteriia_Bacteroidetes;0;0;0;0;0;0;0;0;0;0;0;0;0;0;0;0;0;0;0;0;0;0;0;0;0;0;0;0;0;0;0;0;0;0;0;0;0;0;0;0;0;0;0;0;0;0;0
Clostridium-sensu-stricto-13_Clostridiaceae-1_Clostridiales_Clostridia_Firmicutes;0;0;0;0;0;0;0;0;0;0;0;0;0;0;0;0;0;0;0;0;0;0;0;0;0;0;0;0;0;0;0;0;0;0;0;0;0;0;0;0;0;0;0;0;0;0;0
Cobetia_Halomonadaceae_Oceanospirillales_Gammaproteobacteria_Proteobacteria;0;0;0;0;0;0;0,012047032;0,018632962;0,021356873;0,012848643;0,013363137;0,006629908;0,120087221;0,140551865;0,155847501;0,022566276;0,034309353;0,032858595;0;0,027260787;0;0,009087958;0,011979048;0,021471424;0,012098888;0,019705162;0,010116452;0;0,009062075;0,016155415;0,009501489;0,018895187;0,007291181;0;0,026644463;0,005006609;0,008300133;0,013898265;0,013195777;0;0,008821108;0,015916309;0,027462827;0,031351566;0;0;0
Cohaesibacter_Phyllobacteriaceae_Rhizobiales_Alphaproteobacteria_Proteobacteria;0;0,004872392;0;0;0;0;0;0;0;0;0;0;0;0;0;0;0;0;0;0;0;0;0;0;0;0;0;0;0;0;0;0;0;0;0;0;0;0;0;0;0;0;0;0;0;0;0
Colwellia_Colwelliaceae_Alteromonadales_Gammaproteobacteria_Proteobacteria;0;0;0;0;0;0;0;0;0;0;0;0;0;0;0;0;0;0;0;0;0;0;0;0;0;0;0;0;0;0;0;0;0;0;0;0;0;0;0;0;0;0;0;0;0;0;0
Comamonas_Comamonadaceae_Burkholderiales_Betaproteobacteria_Proteobacteria;0;0;0;0;0;0;0;0;0,00508497;0;0;0;0;0;0;0,006867997;0;0;0;0;0;0,006491399;0;0;0;0;0;0;0;0;0;0,005557408;0;0;0,00555093;0;0;0;0;0;0,010781354;0;0;0;0;0;0
Crocinitomix_Cryomorphaceae_Flavobacteriales_Flavobacteriia_Bacteroidetes;0;0;0;0;0;0;0;0;0;0;0;0;0;0;0;0;0;0;0;0;0;0;0;0;0;0;0;0;0;0;0;0;0;0;0;0;0;0;0;0;0;0;0;0;0;0;0
Cupriavidus_Burkholderiaceae_Burkholderiales_Betaproteobacteria_Proteobacteria;1,3458053;1,59034877;1,48031597;1,1546816;1,11694775;1,30893818;0,50356592;0,88403052;0,52070091;0,92806737;0,92084164;0,7955889;1,03864912;0,88839386;1,25450799;1,10574753;1,12534677;0,86048446;0,97515837;1,21103979;1,18015757;1,00227199;1,50173696;1,40574676;1,50832807;1,49020284;1,78611573;1,8096818;1,96193928;1,36311315;1,46006208;1,33488941;1,07617826;1,1765218;1,18456841;0,86914727;0,91923971;1,08605011;0,70297505;0,8002941;0,68412593;0,62724727;0,63360665;0,58940944;0,48276029;0,51925;0,43365322
Defluviicoccus_Rhodospirillaceae_Rhodospirillales_Alphaproteobacteria_Proteobacteria;0;0;0,006422195;0;0;0;0,019275251;0;0;0;0;0;0;0;0;0;0;0;0;0,00743476;0;0;0;0;0;0;0;0;0;0;0;0;0;0;0;0;0;0;0;0;0;0;0;0;0;0;0
Defluviimonas_Rhodobacteraceae_Rhodobacterales_Alphaproteobacteria_Proteobacteria;0,513530968;0,587610481;0,521268169;0,186186284;0,141922403;0,129455424;0,197571318;0,173907643;0,111869337;0,097847358;0,155498324;0,111603443;0,221213302;0,221435485;0,150695518;0,156001648;0,062737102;0,118085576;0,111514461;0,100782302;0,144643268;0,092177864;0,033759134;0,069466372;0,065871725;0,142862421;0,136010071;0,134469411;0,144993203;0,24637008;0,209032748;0,125597421;0,278523098;0,376574047;0,108798224;0,425561741;0,326817729;0,331572886;0,303502879;0,30541259;0,228368683;0,213423236;0,500215779;0,385624262;0,333411372;0,384591843;0,542607692
Deinococcus_Deinococcaceae_Deinococcales_Deinococci_Deinococcus-Thermus;0;0;0;0;0;0;0;0;0;0;0;0;0,008427173;0,009281727;0;0;0;0;0;0,009913013;0;0,007789679;0,008712035;0,022734449;0;0,006157863;0,007868351;0,013823958;0,022655188;0;0,03325521;0,00666889;0,017498833;0,011972007;0,019983347;0,019025113;0,009337649;0,025811063;0,005998081;0,015082103;0,018622339;0,012298966;0,006865707;0,022991148;0,042786447;0,025503438;0,049065589
Delftia_Comamonadaceae_Burkholderiales_Betaproteobacteria_Proteobacteria;0;0;0;0;0;0;0;0;0;0;0;0;0;0;0;0;0;0;0;0;0;0;0;0;0;0;0;0;0;0;0;0;0;0;0;0;0;0;0;0;0;0;0;0;0;0;0
Desulfovibrio_Desulfovibrionaceae_Desulfovibrionales_Deltaproteobacteria_Proteobacteria;0,015624674;0;0,01284439;0,05389603;0,082941664;0,017260723;0;0,012421974;0,009152946;0,004941786;0;0;0;0;0;0;0,010782939;0;0,026099129;0;0;0,010386238;0,015246061;0;0;0,012315726;0,014612652;0;0,013593113;0,012116561;0;0,005557408;0,008749417;0,009795279;0;0;0;0;0;0,012254209;0,007840985;0;0,005884892;0;0,00565104;0,005100688;0,006493975
Devosia_Hyphomicrobiaceae_Rhizobiales_Alphaproteobacteria_Proteobacteria;0,009374805;0,008770306;0,009633293;0,011432491;0;0;0,016865844;0,01138681;0,016271904;0,022732215;0,034015258;0,01215483;0,01264076;0;0,018031942;0,017660564;0,018625077;0,020536622;0,047452962;0,023130364;0,017532517;0,033755274;0,013068052;0,042942848;0,040329627;0,027094597;0,053954409;0,060322727;0,128379399;0,052505099;0,082346234;0,097810381;0,049580028;0,035916022;0,075492645;0,064084592;0,04876328;0,035738395;0,083973129;0,095205776;0,07252911;0,064388705;0,064733807;0,075243758;0,112213512;0,121396364;0,103182048
Diplosphaera_Opitutaceae_Opitutales_Opitutae_Verrucomicrobia;0;0;0;0;0;0;0;0;0;0;0;0;0;0;0;0;0;0;0;0;0;0;0;0;0;0;0;0;0;0;0;0;0;0;0;0;0;0;0;0;0;0;0;0;0;0;0
Dokdonella_Xanthomonadaceae_Xanthomonadales_Gammaproteobacteria_Proteobacteria;0;0;0;0;0;0;0;0;0;0;0;0;0;0;0;0;0;0;0;0;0;0;0;0;0;0;0;0;0;0;0;0,012226298;0;0;0;0;0;0;0;0;0;0;0,007846522;0;0;0;0,004329317
Dokdonia_Flavobacteriaceae_Flavobacteriales_Flavobacteriia_Bacteroidetes;0;0;0;0;0;0;0;0;0;0;0;0;0;0;0;0;0;0;0;0;0;0;0;0;0;0;0;0;0;0;0;0;0;0;0;0;0;0;0;0;0;0;0;0;0;0;0
Dyadobacter_Cytophagaceae_Cytophagales_Cytophagia_Bacteroidetes;0,01458303;0,045800485;0,033181341;0;0;0;0;0;0;0;0;0;0,005266983;0;0;0;0;0;0;0;0;0;0;0;0;0;0;0;0;0;0;0;0;0;0;0;0;0;0;0;0;0;0;0;0;0;0
Endozoicomonas_Hahellaceae_Oceanospirillales_Gammaproteobacteria_Proteobacteria;0;0;0;0;0;0;0;0;0;0;0;0;0;0;0;0;0;0;0;0;0;0;0;0;0;0;0;0;0;0;0;0;0;0;0;0;0;0;0;0;0;0;0;0;0;0;0
Ensifer_Rhizobiaceae_Rhizobiales_Alphaproteobacteria_Proteobacteria;0;0;0;0;0;0;0,036141095;0,027949443;0,009152946;0,0207555;0,009718645;0,017679753;0,027388314;0,029171142;0,033487893;0,054943977;0,049993628;0,035939088;0,011863241;0,020652111;0,037256599;0,028562155;0,008712035;0,039153773;0,045706911;0,02832617;0,039341756;0,055295833;0,058903489;0,016155415;0,02217014;0,005557408;0;0;0,012212046;0,028037009;0,019712815;0;0;0,014139472;0,009801231;0,003617343;0,015693044;0,014630731;0,05005207;0;0,008658633
Erythrobacter_Erythrobacteraceae_Sphingomonadales_Alphaproteobacteria_Proteobacteria;0,00624987;0;0,008562927;0;0;0,008630362;0;0,010351645;0,007118958;0;0,007288984;0;0,005266983;0,010607688;0,012879959;0,00784914;0,005881603;0,024643946;0;0,015695604;0,03287347;0,006491399;0,021780086;0,020208399;0;0,016010444;0,020232903;0,025134469;0,042289684;0,02625255;0,009501489;0,031121485;0;0,010883643;0,01110186;0,019025113;0,011412683;0,011912798;0,010796545;0,004713157;0;0;0,023539566;0,011495574;0,008880206;0,021422888;0,013709503
Escherichia-Shigella_Enterobacteriaceae_Enterobacteriales_Gammaproteobacteria_Proteobacteria;0,007291515;0;0;0;0,014745185;0;0;0;0;0;0,008503815;0;0,027388314;0,010607688;0,007727975;0;0;0;0;0;0;0;0;0;0;0;0;0;0;0;0;0;0;0;0,006661116;0;0;0,015883731;0,009596929;0,015082103;0,010781354;0;0;0;0;0;0
Exiguobacterium_Family-XII_Bacillales_Bacilli_Firmicutes;0;0;0;0;0;0;0;0;0;0;0;0;0;0;0;0;0;0;0;0;0;0;0;0;0;0;0;0;0;0;0;0;0;0;0;0;0;0;0;0;0;0;0;0;0;0;0
Falsirhodobacter_Rhodobacteraceae_Rhodobacterales_Alphaproteobacteria_Proteobacteria;0,00833316;0;0;0;0;0;0;0,013457139;0;0;0;0;0;0;0;0;0;0;0;0;0;0;0;0;0;0;0;0;0;0;0;0;0;0;0;0;0;0;0;0;0;0;0;0;0;0;0
Ferrovibrio_Rhodospirillaceae_Rhodospirillales_Alphaproteobacteria_Proteobacteria;2,177038;2,1077968;1,9716139;29,4990936;27,6343194;31,5022583;38,9263685;35,099324;38,1901575;32,9083398;35,6832208;37,5175416;34,5429838;31,5671533;32,5747038;33,503071;36,4806446;37,7873844;32,3297032;31,7489034;32,9753778;41,0866602;40,4499766;35,4025892;37,3089384;33,1933446;30,2571827;27,7107525;26,344963;27,4642057;20,293596;27,341336;29,0072329;24,3292955;22,6122675;18,1850042;20,7980578;23,5774133;15,1703455;16,4149841;12,3054456;16,3105995;15,8617443;15,5744129;10,7256743;12,4211944;10,3867523
Ferruginibacter_Chitinophagaceae_Sphingobacteriales_Sphingobacteriia_Bacteroidetes;0;0;0;0;0;0;0;0;0;0;0;0;0;0;0;0;0;0;0;0;0;0;0;0;0;0;0;0;0;0;0;0;0;0;0;0;0;0;0;0;0;0;0;0;0;0;0
Filomicrobium_Hyphomicrobiaceae_Rhizobiales_Alphaproteobacteria_Proteobacteria;0;0;0;0;0;0;0;0;0;0;0;0;0;0;0;0;0;0;0;0;0;0;0;0;0;0;0;0;0;0;0;0;0;0;0;0;0;0;0;0;0,005880739;0;0;0;0;0;0
Flavobacterium_Flavobacteriaceae_Flavobacteriales_Flavobacteriia_Bacteroidetes;0,046874023;0,048723921;0,022477683;0;0;0;0;0;0;0;0;0;0;0;0;0;0;0;0;0;0;0;0;0;0;0;0;0;0;0;0;0;0;0;0,006661116;0;0;0;0;0;0;0;0;0;0;0;0
Fluviicola_Cryomorphaceae_Flavobacteriales_Flavobacteriia_Bacteroidetes;0,16145497;0,222181078;0,149851219;0;0;0,017260723;0;0,005175823;0,033560801;0,015813714;0,008503815;0,022099692;0,008427173;0,007955766;0;0,006867997;0;0,005134155;0,014235889;0,00743476;0,006574694;0;0;0;0;0,006157863;0,007868351;0;0,010572421;0;0,009501489;0,005557408;0;0;0;0;0;0;0,007197697;0,005655789;0,004900616;0,015916309;0,03923261;0,019855992;0,117057261;0,165262277;0,101738942
Frankia_Frankiaceae_Frankiales_Actinobacteria_Actinobacteria;0;0;0;0;0;0;0;0;0;0;0;0;0;0;0;0;0;0;0;0;0;0;0;0;0;0;0;0;0;0;0;0;0;0;0;0;0;0;0;0;0;0;0;0;0;0;0
Frondihabitans_Microbacteriaceae_Micrococcales_Actinobacteria_Actinobacteria;0;0;0;0;0;0;0;0;0;0;0;0;0;0;0;0;0;0;0;0;0;0;0;0;0;0;0;0;0;0;0;0;0;0;0;0;0;0;0;0;0;0;0;0;0;0;0
Gallaecimonas_Unknown-Family_Gammaproteobacteria-Incertae-Sedis_Gammaproteobacteria_Proteobacteria;0,028124414;0,038004658;0,020336951;0,176387006;0,195373698;0,148154541;0,014456438;0,042441746;0,020339879;0,083022001;0,069245347;0,060774152;1,661206561;1,973029953;2,114889232;0,237436471;0,243106271;0,161212482;0,180321257;0,120608329;0,113961363;0,109055501;0,117612467;0,142721819;0,094102464;0,124388832;0,082055663;0,060322727;0,083069023;0,308972314;0,329384937;0,204512615;1,173880075;1,228763292;0,839300583;0,526695238;0,595534529;0,599610849;1,010076775;1,240502988;0,815462422;0,333519024;0,351131861;0,37517374;0,306770753;0,343786342;0,322534093
Gemmobacter_Rhodobacteraceae_Rhodobacterales_Alphaproteobacteria_Proteobacteria;0,085414887;0,045800485;0,050307195;0,035930686;0,103216293;0,066166106;0,079510409;0,041406582;0,022373867;0,021743857;0,040089412;0,02651963;0,040029074;0,014585571;0,051519835;0,043170267;0,021565879;0,020536622;0;0,014043436;0,008766259;0;0,006534026;0;0,025542097;0,009852581;0,012364552;0,013823958;0,031717263;0,014135988;0,007917907;0;0;0,011972007;0,008881488;0,015019826;0,007262616;0;0,014395393;0,023565786;0,010781354;0;0,005884892;0,006270313;0,010494789;0,019382613;0
GKS98-freshwater-group_Alcaligenaceae_Burkholderiales_Betaproteobacteria_Proteobacteria;1,282264953;1,14013974;1,332605485;0,143722746;0,156667588;0,148154541;0,04577872;0,063145037;0,055934668;0,053371286;0,042519073;0,077348921;0,045296057;0,055690362;0,052807831;0,060830831;0,066658171;0,034912257;0,04982561;0,042130307;0,038352382;0,042843233;0,019602078;0;0,030919381;0,044336613;0,011240502;0,045242045;0,039268993;0,016155415;0,009501489;0,012226298;0,01895707;0,0152371;0,032195393;0,012015861;0;0,017869197;0,01559501;0,017909998;0,0127416;0,013745903;0,014712229;0,016720835;0,016145829;0,02040275;0
Gordonia_Nocardiaceae_Corynebacteriales_Actinobacteria_Actinobacteria;0;0;0;0;0;0;0;0;0;0;0;0;0;0;0;0;0;0;0;0;0;0;0;0;0;0;0;0;0;0;0;0;0;0;0;0;0;0;0;0;0;0;0;0;0;0;0
Haematobacter_Rhodobacteraceae_Rhodobacterales_Alphaproteobacteria_Proteobacteria;0;0;0,115599512;0;0;0;0;0;0;0;0;0;0;0,007955766;0;0;0;0;0;0;0;0;0;0;0;0;0;0;0;0;0;0;0;0;0;0;0;0;0;0;0;0;0;0;0;0;0
Halomonas_Halomonadaceae_Oceanospirillales_Gammaproteobacteria_Proteobacteria;0;0;0;0;0;0;0;0;0;0;0;0;0;0,009281727;0,010303967;0;0;0;0;0;0;0;0;0;0;0;0;0;0;0;0;0;0;0;0;0;0;0;0;0;0;0;0;0;0;0;0
Hoeflea_Phyllobacteriaceae_Rhizobiales_Alphaproteobacteria_Proteobacteria;1,6530906;2,0405578;2,0283433;7,8443221;7,3117685;7,3142315;19,4993254;19,6463878;12,7032717;13,111546;14,9825064;10,536028;15,0235434;16,9325219;15,7393096;21,731324;18,9005323;18,2734862;24,1179681;21,3625437;25,976616;19,8026615;21,2105372;24,711083;24,4397543;23,2631748;30,2954004;36,747851;32,1220359;29,3806418;24,4932539;18,3816828;18,5852193;19,2673132;18,2903136;25,7880402;20,7399568;20,8930628;19,1626679;26,0505628;19,2407966;23,8802515;25,1157362;24,6486012;24,9340039;26,8785832;25,3697958
Hydrogenophaga_Comamonadaceae_Burkholderiales_Betaproteobacteria_Proteobacteria;0,054165538;0,043851528;0,042814634;0,009799278;0;0,011507149;0;0,024843949;0,048815711;0,232263931;0,162787307;0,171272611;0,128514395;0,059668245;0,097887687;0,035321128;0,046072559;0,034912257;0,113887109;0,080130191;0,046022858;0,020772476;0,016335065;0,197031891;0,201648137;0,250009237;0,033721505;0,023877746;0,037758647;0,016155415;0,030088047;0,033344448;0,024790014;0,020678922;0,021093533;0,019025113;0,010375166;0,009927332;0,031190019;0;0,023522954;0,011575498;0,015693044;0,017765887;0,017760412;0,019382613;0,018760372
Hyphomicrobium_Hyphomicrobiaceae_Rhizobiales_Alphaproteobacteria_Proteobacteria;0;0;0;0,008166065;0;0;0,031322282;0,049687898;0,07932553;0,123544644;0,07410467;0,091713721;0,060043611;0,03977883;0,05924781;0,147171366;0,136257144;0,124246563;0,045080314;0,08178236;0,105195104;0,105160662;0,118701471;0,088411746;0,05915012;0,068968065;0,283260645;0,282762781;0,368524392;0,074718795;0,32146703;0,18006002;0,156031265;0,171961559;0,238689981;0,051067409;0,108939243;0,073462256;0,347888676;0,131968403;0,283255577;0,455061748;0,507081486;0,450417498;0,068619774;0,116295677;0,080092359
Hyphomonas_Hyphomonadaceae_Caulobacterales_Alphaproteobacteria_Proteobacteria;0,01041645;0,019489568;0,01284439;0;0;0,027329478;0,019275251;0,021738455;0,037628777;0,016802072;0,021866952;0,022099692;0,020014537;0,014585571;0,018031942;0,016679422;0,021565879;0,026697609;0,021353833;0,017347773;0,012053606;0,014281078;0,010890043;0,016419324;0,024197776;0,020936734;0,017984803;0;0;0,046446818;0,012668651;0,032232967;0,010207653;0,005441821;0,008881488;0;0,005187583;0;0,017994242;0;0,010781354;0;0;0;0;0;0
Idiomarina_Idiomarinaceae_Alteromonadales_Gammaproteobacteria_Proteobacteria;0;0;0;0;0;0;0;0;0;0;0;0;0;0;0;0;0;0;0;0,004130422;0;0;0;0;0;0;0;0;0;0;0;0;0;0;0;0;0;0;0;0;0;0;0;0;0;0;0
Ilumatobacter_Acidimicrobiaceae_Acidimicrobiales_Acidimicrobiia_Actinobacteria;0;0;0,008562927;0;0;0;0;0;0;0;0;0;0;0;0;0;0;0;0;0;0;0;0;0;0;0;0;0;0;0;0;0;0;0;0;0;0;0;0;0;0;0;0;0;0;0;0
Imperialibacter_Flammeovirgaceae_Cytophagales_Cytophagia_Bacteroidetes;0;0;0;0;0;0;0;0;0;0,008895214;0;0;0;0;0;0;0;0;0;0;0;0;0;0;0;0;0;0;0;0;0;0;0;0;0;0;0;0;0;0;0;0;0,004904076;0;0;0;0
Jahnella_Polyangiaceae_Myxococcales_Deltaproteobacteria_Proteobacteria;0;0;0;0;0;0;0;0;0;0;0;0;0;0;0;0;0;0;0;0;0;0;0;0;0;0;0;0;0;0;0;0;0;0;0;0;0;0;0;0;0;0;0;0;0;0;0
Jannaschia_Rhodobacteraceae_Rhodobacterales_Alphaproteobacteria_Proteobacteria;0;0;0;0;0;0;0;0;0;0;0;0;0;0;0;0;0;0;0;0;0;0;0;0;0;0;0;0;0;0;0;0;0;0;0;0;0;0;0;0;0;0;0;0;0;0;0
Jatrophihabitans_Frankiaceae_Frankiales_Actinobacteria_Actinobacteria;0;0;0;0;0;0;0;0;0;0;0;0;0;0;0;0;0;0;0;0;0;0;0;0;0;0;0;0;0;0;0;0;0;0;0;0;0;0;0;0;0;0;0;0;0;0;0
Jhaorihella_Rhodobacteraceae_Rhodobacterales_Alphaproteobacteria_Proteobacteria;0,01979125;0;0;0;0;0;0;0;0;0;0;0;0;0;0;0;0;0;0;0;0;0;0;0;0;0;0;0;0;0;0;0;0;0;0;0;0;0;0;0;0;0;0;0;0;0;0
Kaistia_Rhizobiaceae_Rhizobiales_Alphaproteobacteria_Proteobacteria;0;0;0;0;0;0;0;0;0;0;0;0;0;0;0;0;0;0;0;0;0;0;0;0;0;0;0;0;0;0;0;0;0;0;0;0;0;0;0;0;0;0;0;0;0;0;0
Kerstersia_Alcaligenaceae_Burkholderiales_Betaproteobacteria_Proteobacteria;0,029166059;0,064315575;0,122021707;0;0,057137591;0,073358074;0;0,010351645;0,034577795;0,008895214;0;0,007734892;0,017907744;0;0;0,009811424;0;0,006160987;0,023726481;0;0;0;0,021780086;0,032838649;0;0;0,017984803;0;0;0;0;0;0;0;0;0;0;0;0;0;0,011761477;0;0;0;0;0;0,018760372
Ketogulonicigenium_Rhodobacteraceae_Rhodobacterales_Alphaproteobacteria_Proteobacteria;0,067706923;0;0,005351829;0;0;0;0;0;0;0;0;0;0;0;0;0;0;0;0;0;0;0;0;0;0;0;0;0;0;0;0;0,00666889;0;0;0;0;0;0;0;0;0;0;0;0;0;0;0
Kiloniella_Sphingomonadales-Incertae-Sedis_Sphingomonadales_Alphaproteobacteria_Proteobacteria;0;0;0;0;0;0;0;0;0;0;0;0;0;0;0;0;0;0;0;0,004130422;0;0;0;0;0;0;0;0;0;0;0;0;0;0;0;0;0;0;0;0;0;0;0;0;0;0;0
Klebsiella_Enterobacteriaceae_Enterobacteriales_Gammaproteobacteria_Proteobacteria;0;0;0;0;0;0;0;0;0;0;0;0;0;0;0;0;0;0;0;0;0;0;0;0;0;0;0;0;0;0;0;0;0;0;0;0;0;0;0;0;0;0;0;0;0;0;0
Kordiimonas_Kordiimonadaceae_Kordiimonadales_Alphaproteobacteria_Proteobacteria;0,015624674;0,021438525;0,014985122;0;0;0;0;0;0;0;0;0;0;0;0;0;0;0;0;0;0;0;0;0;0;0;0;0;0;0;0;0;0;0;0;0;0;0;0;0;0;0;0;0;0;0;0
Labrenzia_Rhodobacteraceae_Rhodobacterales_Alphaproteobacteria_Proteobacteria;0;0;0;0;0;0;0;0;0;0;0;0;0;0;0;0;0;0;0;0;0;0;0;0;0;0;0;0;0;0;0;0;0;0;0;0;0;0;0;0;0;0;0;0;0;0;0
Labrys_Xanthobacteraceae_Rhizobiales_Alphaproteobacteria_Proteobacteria;0;0;0;0;0;0;0;0;0;0;0;0;0;0;0;0;0;0;0;0;0;0;0;0;0;0;0;0;0;0;0,009501489;0,005557408;0;0;0,00555093;0;0;0;0;0;0;0;0;0;0;0;0
Lapillicoccus_Intrasporangiaceae_Micrococcales_Actinobacteria_Actinobacteria;0;0;0;0;0;0;0;0;0;0,0069185;0;0;0;0;0,007727975;0,008830282;0,004901336;0;0;0,004956507;0,006574694;0;0,005445022;0,00757815;0,008065925;0;0;0,015080682;0,007551729;0,012116561;0,028504466;0,013337779;0;0;0,017762975;0;0;0;0,013195777;0;0,009801231;0,007234686;0,010788968;0,005225261;0,004843749;0;0
Lentibacter_Rhodobacteraceae_Rhodobacterales_Alphaproteobacteria_Proteobacteria;0;0;0;0;0;0;0;0;0;0;0;0;0;0;0;0;0;0;0;0;0;0;0;0;0;0;0;0;0;0;0;0;0;0;0;0;0;0;0;0;0;0;0;0;0;0;0
Leptothrix_Comamonadaceae_Burkholderiales_Betaproteobacteria_Proteobacteria;0;0;0;0;0;0;0;0;0;0;0;0;0;0;0;0;0;0;0;0;0;0;0;0;0;0;0;0;0;0;0;0;0;0;0;0;0;0;0;0;0;0;0;0;0;0;0
Lewinella_Saprospiraceae_Sphingobacteriales_Sphingobacteriia_Bacteroidetes;0;0;0;0;0;0;0;0;0;0;0;0;0;0;0;0;0;0;0;0;0;0;0;0;0;0;0;0;0;0;0;0;0;0;0;0;0;0;0;0;0;0;0;0;0;0;0
Limnobacter_Burkholderiaceae_Burkholderiales_Betaproteobacteria_Proteobacteria;0,011458095;0,030208831;0,02568878;0,008166065;0,016588333;0;0;0;0;0,009883572;0;0;0,013694157;0;0;0,009811424;0;0;0;0,008260844;0,005478912;0;0;0,012630249;0,010754567;0;0,026977204;0,006283617;0;0;0;0;0,007291181;0,010883643;0;0;0,013487716;0,015883731;0;0;0,006860862;0,005787749;0,005884892;0,007315365;0;0;0
Limnohabitans_Comamonadaceae_Burkholderiales_Betaproteobacteria_Proteobacteria;0,032290994;0,044826007;0,03104061;0,374005782;0,379688508;0,438710049;0,407189668;0,306408704;0,229840637;0,026685643;0,943923417;0,846418192;0,753178624;0,33414217;0,999484802;0,661290006;1,494907512;1,127460544;0,685695305;0,197434182;1,0234607;0,798442064;1,5616322;1,658351752;1,146705742;1,291919652;1,538824693;1,550796763;1,448421689;0,500817868;0,373725217;0,36012004;1,121383574;0,771650287;0,271995559;0,075099131;0,507345618;0,07147679;1,38915547;0,609882548;1,145763908;1,781179688;1,087724116;1,606245232;1,252109049;1,623038786;0,975539361
Loktanella_Rhodobacteraceae_Rhodobacterales_Alphaproteobacteria_Proteobacteria;0,019791254;0,068213489;0,046025732;0;0,011058889;0;0;0;0;0;0;0,006629908;0;0;0;0,010792567;0,019605344;0,021563453;0;0,00743476;0,009862041;0,006491399;0;0,006315125;0;0,006157863;0;0;0;0;0;0;0;0,005441821;0,01110186;0;0;0;0;0;0;0;0;0;0;0,009181238;0
Luteimonas_Xanthomonadaceae_Xanthomonadales_Gammaproteobacteria_Proteobacteria;0;0;0;0;0;0;0;0;0;0;0;0;0;0;0;0;0;0;0;0;0,008766259;0;0;0;0;0;0;0;0;0;0;0;0;0;0;0;0;0;0;0;0;0;0;0;0;0;0
Lutibacter_Flavobacteriaceae_Flavobacteriales_Flavobacteriia_Bacteroidetes;0;0;0;0;0;0;0;0;0;0;0;0;0;0;0;0;0;0;0;0;0;0;0;0;0;0;0;0;0;0;0;0;0;0;0;0;0;0;0;0;0;0;0;0;0;0;0
Magnetospira_Rhodospirillaceae_Rhodospirillales_Alphaproteobacteria_Proteobacteria;0,005208225;0;0;0;0;0;0;0;0;0;0;0;0;0;0;0;0;0;0;0;0;0;0;0;0;0;0;0;0;0;0;0;0;0;0;0;0;0;0;0;0;0;0;0;0;0;0
Maricaulis_Hyphomonadaceae_Caulobacterales_Alphaproteobacteria_Proteobacteria;0;0,020464047;0,008562927;0;0;0;0;0;0;0;0;0;0;0;0;0;0;0;0;0;0;0;0;0;0;0;0;0;0;0;0;0;0;0;0;0;0;0;0;0;0;0;0;0;0;0;0
Marinicella_Family-Incertae-Sedis_Order-Incertae-Sedis_Gammaproteobacteria_Proteobacteria;0;0;0;0;0;0;0;0;0;0;0;0;0;0;0;0;0;0;0;0;0;0;0;0;0;0;0;0;0;0;0;0;0;0;0;0;0;0;0;0;0;0;0;0;0;0;0
Marinobacterium_Oceanospirillaceae_Oceanospirillales_Gammaproteobacteria_Proteobacteria;0;0;0;0;0;0;0;0;0;0;0;0;0;0;0;0;0;0;0;0;0;0;0;0;0;0;0;0;0;0;0;0;0;0;0;0;0;0;0;0;0;0;0;0;0;0;0
Marinomonas_Oceanospirillaceae_Oceanospirillales_Gammaproteobacteria_Proteobacteria;0;0,00584687;0;0;0;0;0;0;0;0;0;0;0;0;0;0;0;0;0;0;0;0;0;0;0;0;0;0;0;0;0;0;0;0;0;0;0;0,015883731;0;0;0;0;0;0;0;0;0
Maritalea_Hyphomicrobiaceae_Rhizobiales_Alphaproteobacteria_Proteobacteria;0;0;0;0;0;0;0;0;0;0;0;0;0;0;0;0;0;0;0;0;0;0;0;0;0;0;0;0;0;0;0;0;0;0;0;0;0;0;0;0;0;0;0;0;0;0;0
Marivita_Rhodobacteraceae_Rhodobacterales_Alphaproteobacteria_Proteobacteria;0;0;0;0;0;0;0;0;0;0;0;0;0;0;0;0;0;0;0;0;0;0;0;0;0;0;0;0;0;0;0;0;0;0;0;0;0;0;0;0;0;0;0;0;0;0;0
Marmoricola_Nocardioidaceae_Propionibacteriales_Actinobacteria_Actinobacteria;0;0;0;0;0;0;0;0;0;0;0;0;0;0;0;0;0;0;0;0;0;0;0;0;0;0;0;0;0;0;0;0;0;0;0;0;0;0;0;0;0;0;0;0;0;0;0,004329317
Massilia_Oxalobacteraceae_Burkholderiales_Betaproteobacteria_Proteobacteria;1,758296702;1,432483263;1,461049387;1,40619641;1,339968666;1,648399068;0,997494217;1,239091954;1,040384831;1,133645654;0,998590796;0,983436281;0,964911357;0,799554477;0,875837197;1,121445812;0,995951496;1,01142863;0,813818303;1,087127126;0,795537974;0,894514768;0,904962593;0,798231765;0,811969833;0,907669003;0,664313655;0,696224803;0,771786739;0,474565318;0,414898334;0,444592642;0,384974335;0,451671183;0,445184568;0,545720351;0,51564575;0,514235794;0,373080614;0,427012047;0,456737366;0,391396511;0,357997568;0,355317748;0,410911351;0,462122294;0,447362725
Mesorhizobium_Phyllobacteriaceae_Rhizobiales_Alphaproteobacteria_Proteobacteria;0,05833212;0,07406036;0,0845589;0,09145993;0,07925537;0,06472771;0,07951041;0,13767688;0,10983535;0,09092886;0,15428349;0,11160344;0,16643668;0,07292785;0,17130345;0,2403799;0,13331634;0,13348804;0,13761359;0,05204332;0,13916436;0,07140539;0,18948675;0,18440164;0,04301827;0,11330468;0,12814172;0,11184839;0,08608971;0,14337931;0,0934313;0,10225631;0,08603593;0,11863171;0,0788232;0,05407137;0,04876328;0,06552039;0,0743762;0,11123051;0,07056886;0,13311822;0,09121582;0,19751487;0,09768227;0,10201375;0,09524497
Methylibium_Comamonadaceae_Burkholderiales_Betaproteobacteria_Proteobacteria;0;0;0,081347805;0;0;0;0;0;0;0;0;0;0;0;0;0;0;0;0;0;0;0;0;0;0;0;0;0;0;0;0;0;0;0;0;0;0;0;0;0;0,066648371;0;0;0;0;0;0
Methylobacterium_Methylobacteriaceae_Rhizobiales_Alphaproteobacteria_Proteobacteria;0;0;0;0;0;0;0;0;0;0;0;0;0;0;0;0;0;0;0;0;0;0;0;0;0;0;0;0;0;0;0;0;0;0;0;0;0;0;0;0;0;0;0;0;0;0;0
Methyloferula_Beijerinckiaceae_Rhizobiales_Alphaproteobacteria_Proteobacteria;0;0;0;0;0;0;0;0;0;0;0;0;0;0;0;0;0;0;0;0;0;0;0;0;0;0;0;0;0;0;0;0;0;0;0;0;0;0;0;0;0;0;0;0;0;0;0
Methylosinus_Methylocystaceae_Rhizobiales_Alphaproteobacteria_Proteobacteria;0;0;0;0;0;0;0;0;0;0;0;0;0;0;0;0;0;0;0;0;0;0;0;0;0;0;0;0;0;0;0;0,00666889;0;0;0,008881488;0;0;0;0;0;0;0;0;0;0;0;0
Methylotenera_Methylophilaceae_Methylophilales_Betaproteobacteria_Proteobacteria;0,346867774;0,410255411;0,394964999;1,38986428;1,535342365;1,340582837;0,708365459;0,734966823;0,681385959;0,903358438;0,694883133;1,00001105;0,709989361;0,649720885;0,741885626;0,470948372;0,479350671;0,485691109;0,467411678;0,302346906;0,253125719;0,193443687;0,245025973;0,242500789;0,233911839;0,26109339;0,138258172;0,164630775;0,188793234;0,133282175;0,158358143;0,120040013;0,100618292;0,09359933;0,128781571;0,098129531;0,145252324;0,085375055;0,116362764;0,068812096;0,083310464;0,053536676;0,054925654;0,050162506;0,050859362;0,074470039;0,057724223
Methylovirgula_Beijerinckiaceae_Rhizobiales_Alphaproteobacteria_Proteobacteria;0;0;0;0;0;0;0;0;0;0;0;0;0;0;0;0;0;0;0;0;0;0;0;0;0;0;0;0;0;0;0;0;0;0;0;0;0;0;0;0;0;0;0;0;0;0;0
Microbacterium_Microbacteriaceae_Micrococcales_Actinobacteria_Actinobacteria;0,017707964;0,006821349;0,009633293;0;0;0,008630362;0;0;0,009152946;0,007906857;0,010933476;0;0,008427173;0,007955766;0;0;0;0;0;0;0;0;0;0;0;0;0;0;0;0;0;0,008891853;0;0;0,006661116;0;0;0;0;0;0;0;0;0;0;0;0
Micrococcus_Micrococcaceae_Micrococcales_Actinobacteria_Actinobacteria;0;0;0;0;0;0,007191968;0;0;0,019322885;0,024708929;0,015792798;0,005524923;0;0;0;0;0,005881603;0;0;0;0;0;0;0;0;0;0;0;0;0;0,007917907;0,007780371;0;0;0;0;0;0;0,005998081;0;0;0;0;0;0;0;0
Microvirga_Methylobacteriaceae_Rhizobiales_Alphaproteobacteria_Proteobacteria;0;0;0;0;0;0;0;0;0;0;0;0;0;0;0;0;0;0;0;0;0;0;0;0;0;0;0;0;0;0;0;0;0;0;0;0;0;0;0;0;0;0;0;0;0;0;0
Moraxella_Moraxellaceae_Pseudomonadales_Gammaproteobacteria_Proteobacteria;0;0;0;0;0;0;0;0;0;0;0;0;0;0;0;0;0;0;0;0;0;0;0;0,12503947;0,145186659;0,136704558;0,005620251;0;0,012082767;0;0;0,00666889;0;0;0;0;0;0;0;0;0;0;0;0;0;0;0
Mycobacterium_Mycobacteriaceae_Corynebacteriales_Actinobacteria_Actinobacteria;0;0;0;0;0;0;0;0;0;0;0;0;0,005266983;0;0;0;0;0;0;0,004130422;0;0;0,005445022;0;0;0;0;0;0,007551729;0;0;0,007780371;0;0;0,006661116;0;0;0;0;0;0;0,015916309;0,030405273;0,037621879;0;0;0
Nakamurella_Nakamurellaceae_Frankiales_Actinobacteria_Actinobacteria;0;0,008770306;0,006422195;0;0;0;0;0;0;0,007906857;0,008503815;0;0,005266983;0,007955766;0,007727975;0;0;0;0;0,004130422;0;0,006491399;0;0;0;0;0,020232903;0,006283617;0,013593113;0,010097134;0,03325521;0,013337779;0;0;0,012212046;0;0,016600266;0;0,011996161;0;0,007840985;0,007958155;0,010788968;0;0;0;0
Neptunomonas_Oceanospirillaceae_Oceanospirillales_Gammaproteobacteria_Proteobacteria;0;0;0;0;0;0;0;0;0;0;0;0;0;0;0;0;0;0;0;0;0;0;0;0;0;0;0;0;0;0;0;0;0;0;0;0;0;0;0;0;0;0;0;0;0;0;0
Nesiotobacter_Rhodobacteraceae_Rhodobacterales_Alphaproteobacteria_Proteobacteria;0;0;0;0;0;0;0;0;0;0;0;0;0;0;0;0;0;0;0;0;0;0;0;0;0;0;0;0;0;0;0;0;0;0;0;0;0;0;0;0;0;0;0;0;0;0;0
Nisaea_Rhodospirillaceae_Rhodospirillales_Alphaproteobacteria_Proteobacteria;0,027082769;0,021438525;0,036392439;0,014698917;0;0;0;0;0;0;0;0;0;0;0,007727975;0,008830282;0,005881603;0,006160987;0;0;0,008766259;0;0,010890043;0;0,009410246;0;0;0,006283617;0;0;0,009501489;0;0;0;0;0;0;0;0;0,007541052;0;0;0;0;0;0;0
Nitratireductor_Phyllobacteriaceae_Rhizobiales_Alphaproteobacteria_Proteobacteria;0,040624154;0,071136924;0,055659024;0,011432491;0,073725924;0,024452691;0,043369314;0,067285695;0,043730741;0,033604143;0,029155936;0,02651963;0,020014537;0,05303844;0,042503864;0,057887404;0,046072559;0,036965919;0,03796237;0,073521515;0,064651158;0,019474197;0,04791619;0,150299968;0,055117158;0,039410323;0,120273369;0,15206354;0,152544933;0,09087421;0,159941724;0,121151495;0,129783014;0,11645498;0,09325562;0,087114992;0,088188911;0,111186118;0,131957774;0,113115774;0,067628494;0,062941768;0,093177449;0,093009646;0,075885397;0,115275539;0,057724223
Nocardioides_Nocardioidaceae_Propionibacteriales_Actinobacteria_Actinobacteria;0;0;0;0;0;0;0;0;0;0;0;0;0;0;0;0;0;0;0;0,004956507;0;0;0;0;0;0;0;0;0;0;0;0;0;0;0;0;0;0;0;0;0;0;0;0;0;0;0
Noviherbaspirillum_Oxalobacteraceae_Burkholderiales_Betaproteobacteria_Proteobacteria;0;0;0;0;0;0;0;0;0,00508497;0;0;0;0;0;0;0;0;0;0;0;0;0;0;0;0;0;0;0;0;0;0;0;0;0;0;0;0;0;0;0;0;0;0;0;0;0;0
Novosphingobium_Sphingomonadaceae_Sphingomonadales_Alphaproteobacteria_Proteobacteria;0,032290994;0,074060359;0,080277439;0,034297473;0,046078702;0,030206266;0,04577872;0,026914278;0,037628777;0,049417858;0,032800428;0,034254522;0,045296057;0,022541337;0,051519835;0,035321128;0,040190956;0,026697609;0,016608537;0,038825969;0,041639729;0,010386238;0,029403117;0,023997474;0,01478753;0,018473589;0,031473405;0,041471875;0,060413835;0,020194269;0,061759676;0,031121485;0,059787681;0,059860036;0,036636137;0,08611367;0,052913347;0,07147679;0,032389635;0,073525253;0,061747756;0,052813208;0,051002393;0,155712778;0,068619774;0,117315814;0,098131178
Oceanibaculum_Rhodospirillaceae_Rhodospirillales_Alphaproteobacteria_Proteobacteria;0,047915668;0,052621834;0,041744268;0;0;0;0;0;0;0;0;0;0;0;0;0,004905712;0;0;0;0;0,005478912;0;0;0;0;0;0;0;0;0;0;0;0;0;0;0;0;0;0;0;0;0;0;0;0;0;0
Oceanibulbus_Rhodobacteraceae_Rhodobacterales_Alphaproteobacteria_Proteobacteria;0;0;0;0;0;0;0;0;0;0;0;0;0;0;0;0;0;0;0;0;0;0;0;0;0;0;0;0;0;0;0;0;0;0;0;0;0;0;0;0;0;0;0;0;0;0;0
Oceanicola_Rhodobacteraceae_Rhodobacterales_Alphaproteobacteria_Proteobacteria;0,026041124;0,07990723;0;0;0;0;0;0;0;0;0;0;0;0;0;0;0;0;0;0;0;0;0;0;0;0;0;0;0;0;0;0;0;0;0;0;0;0;0;0;0;0;0;0;0;0;0
Oceaniovalibus_Rhodobacteraceae_Rhodobacterales_Alphaproteobacteria_Proteobacteria;0;0;0;0;0;0;0;0;0;0;0;0;0;0;0;0;0;0;0;0;0;0;0;0;0;0;0;0;0;0;0;0;0;0;0;0;0;0;0;0;0;0;0;0;0;0;0
Oceanisphaera_Aeromonadaceae_Aeromonadales_Gammaproteobacteria_Proteobacteria;0,034374284;0,055545269;0,034251707;0;0;0;0;0;0;0,008895214;0;0;0;0;0;0,005886855;0,004901336;0;0;0;0;0,007789679;0;0;0;0;0,005620251;0;0;0;0,060176094;0,033344448;0;0;0,029975021;0;0;1,024500655;0,023992322;0;0,048026032;0,003617343;0;0;0;0;0
Oceanobacter_Oceanospirillaceae_Oceanospirillales_Gammaproteobacteria_Proteobacteria;0;0;0;0;0;0;0;0;0;0;0;0;0;0;0;0;0;0;0;0;0;0;0;0;0;0;0;0;0;0;0;0;0;0;0;0;0;0;0;0,010368946;0;0;0,004904076;0;0,00565104;0;0
Oceanospirillum_Oceanospirillaceae_Oceanospirillales_Gammaproteobacteria_Proteobacteria;0;0;0;0;0;0;0;0;0;0;0;0;0;0,006629805;0;0;0;0;0;0;0;0;0;0;0;0;0;0;0;0;0;0;0;0;0;0;0;0;0,008397313;0;0;0;0;0;0;0;0
Ochrobactrum_Brucellaceae_Rhizobiales_Alphaproteobacteria_Proteobacteria;0;0;0;0;0;0;0;0,017597797;0;0;0;0,008839877;0;0,01325961;0,025759918;0,004905712;0;0;0;0;0,009862041;0;0,006534026;0;0;0;0;0;0;0;0;0;0;0,010883643;0;0,011014539;0;0;0;0,012254209;0;0;0;0,006270313;0,008880206;0,006120825;0,004329317
OM27-clade_Bdellovibrionaceae_Bdellovibrionales_Deltaproteobacteria_Proteobacteria;0;0;0;0;0;0;0;0;0;0;0;0;0;0;0;0;0;0;0;0;0;0;0;0;0;0;0;0;0;0;0;0;0;0;0;0;0;0;0;0;0;0;0;0;0;0;0
OM43-clade_Methylophilaceae_Methylophilales_Betaproteobacteria_Proteobacteria;0;0,008770306;0;0,03266426;0,055294443;0;0,019275251;0,007246152;0,012203928;0,009883572;0,013363137;0,0143648;0,008427173;0,010607688;0;0,018641706;0,008822405;0;0,011863241;0;0,005478912;0;0,018513073;0;0;0,011084153;0;0;0;0;0;0;0;0;0;0;0;0,009927332;0;0,00659842;0;0,003617343;0;0;0;0;0,003607764
Opitutus_Opitutaceae_Opitutales_Opitutae_Verrucomicrobia;0;0;0;0;0;0;0;0;0;0;0;0;0;0;0;0;0;0;0;0;0;0;0;0;0;0;0;0;0;0;0;0;0;0;0;0;0;0;0;0;0;0;0;0;0;0;0
Owenweeksia_Cryomorphaceae_Flavobacteriales_Flavobacteriia_Bacteroidetes;0,184371159;0,179304028;0,231199024;0;0;0;0;0;0;0;0,006074153;0,011049846;0;0;0;0;0;0;0,014235889;0;0;0;0;0;0;0;0;0;0;0;0;0;0;0;0;0;0;0;0;0;0;0;0;0;0;0;0
Oxalicibacterium_Oxalobacteraceae_Burkholderiales_Betaproteobacteria_Proteobacteria;0;0;0;0;0;0;0;0;0;0;0;0;0;0;0;0;0;0;0;0;0;0;0;0;0;0;0;0;0;0;0;0;0;0;0;0;0;0;0;0;0;0;0;0;0;0;0
Palleronia_Rhodobacteraceae_Rhodobacterales_Alphaproteobacteria_Proteobacteria;0;0,038979136;0,050307195;0;0;0;0;0;0;0;0;0;0;0;0;0;0;0;0;0;0;0;0;0;0;0;0;0;0;0;0;0;0;0;0;0;0;0;0;0;0;0;0;0;0;0;0
Pannonibacter_Rhodobacteraceae_Rhodobacterales_Alphaproteobacteria_Proteobacteria;0;0;0;0;0;0;0;0;0;0;0,007288984;0;0;0;0;0;0;0;0;0;0;0;0;0;0;0;0;0;0;0;0;0;0;0;0;0;0;0;0;0;0;0;0;0;0;0;0
Paracocccus_Rhodobacteraceae_Rhodobacterales_Alphaproteobacteria_Proteobacteria;0,055207183;0,124733237;0,036392439;0;0;0;0;0;0,00508497;0,004941786;0;0,01215483;0,005266983;0,007955766;0,006439979;0,008830282;0;0;0;0;0;0;0;0;0;0;0;0;0;0;0;0;0;0;0;0;0;0,009927332;0;0;0;0;0;0;0;0;0,005050869
Paraglaciecola_Alteromonadaceae_Alteromonadales_Gammaproteobacteria_Proteobacteria;0;0;0;0;0;0;0;0;0;0;0;0;0;0;0;0;0;0;0;0;0;0;0;0;0;0;0;0;0;0;0;0;0;0;0;0;0;0;0;0;0;0;0;0;0;0;0
Parapusillimonas_Alcaligenaceae_Burkholderiales_Betaproteobacteria_Proteobacteria;0,288535656;0,289420088;0,309335731;0,021231769;0,042392406;0,040275021;0;0,026914278;0,009152946;0,009883572;0,031585597;0,029834584;0,026334917;0,015911532;0,015455951;0,023547419;0,018625077;0,019509791;0,026099129;0,018173858;0,005478912;0,022070756;0,014157056;0,015156299;0,006721605;0,012315726;0,010116452;0,011310511;0,007551729;0,022213696;0,017419396;0,008891853;0;0;0,00555093;0,014018504;0,0062251;0,017869197;0,005998081;0,00659842;0,008821108;0,010852029;0;0;0,013723955;0;0,005050869
Parasphingopyxis_Sphingomonadaceae_Sphingomonadales_Alphaproteobacteria_Proteobacteria;0;0;0;0;0;0;0;0;0;0;0;0;0;0;0;0;0;0;0;0;0;0;0;0;0;0;0;0;0;0;0;0;0;0;0;0;0;0;0;0;0;0;0;0;0;0;0
Parvibaculum_Rhodobiaceae_Rhizobiales_Alphaproteobacteria_Proteobacteria;0;0;0;0;0;0;0;0;0;0;0;0;0;0;0;0;0;0;0;0,00743476;0,005478912;0;0,008712035;0;0;0;0;0;0;0,014135988;0;0;0;0;0;0;0;0;0;0;0;0;0;0;0;0,005100688;0
Patulibacter_Patulibacteraceae_Solirubrobacterales_Thermoleophilia_Actinobacteria;0;0;0;0;0;0;0;0;0;0;0;0;0;0;0;0;0;0;0;0;0;0;0;0;0;0;0;0;0;0;0;0;0;0;0;0;0;0;0;0;0;0;0;0;0;0;0
Paucimonas_Oxalobacteraceae_Burkholderiales_Betaproteobacteria_Proteobacteria;0;0;0;0;0;0,007191968;0;0;0;0;0;0;0;0;0;0;0;0;0;0;0;0;0;0;0;0;0;0;0;0;0;0;0;0;0;0;0;0;0;0;0;0;0;0;0;0;0
Pedobacter_Sphingobacteriaceae_Sphingobacteriales_Sphingobacteriia_Bacteroidetes;0;0,004872392;0,005351829;0;0;0;0;0;0;0;0;0;0;0;0;0,004905712;0;0;0;0;0;0;0;0;0;0;0;0;0;0;0;0;0;0;0;0;0;0;0;0;0;0;0;0,005225261;0;0;0
Pedomicrobium_Hyphomicrobiaceae_Rhizobiales_Alphaproteobacteria_Proteobacteria;0;0;0;0;0;0;0;0;0;0;0;0;0;0;0;0;0;0;0;0;0;0;0;0;0;0;0;0;0;0;0;0;0;0;0;0;0;0;0;0;0;0;0;0;0;0;0
Pelagibacterium_Hyphomicrobiaceae_Rhizobiales_Alphaproteobacteria_Proteobacteria;0;0;0;0;0;0;0;0;0;0;0;0;0;0;0;0;0;0;0;0;0;0;0;0;0;0;0;0;0;0;0;0;0;0;0;0;0;0;0;0;0;0;0;0;0;0;0
Peredibacter_Bacteriovoracaceae_Bdellovibrionales_Deltaproteobacteria_Proteobacteria;0;0;0;0;0;0;0;0;0;0;0;0;0;0;0;0;0;0;0;0;0;0;0;0;0;0;0;0;0;0;0;0;0;0;0;0;0;0;0;0;0,004900616;0;0;0;0;0;0
Perlucidibaca_Moraxellaceae_Pseudomonadales_Gammaproteobacteria_Proteobacteria;0,049998958;0,069187967;0,096332927;0;0;0;0;0;0,00508497;0;0,007288984;0,006629908;0;0;0,010303967;0;0;0;0;0;0,010957823;0,006491399;0;0;0;0;0;0;0;0;0;0;0;0;0;0;0;0;0;0;0;0;0;0;0,004843749;0;0,004329317
Phaeobacter_Rhodobacteraceae_Rhodobacterales_Alphaproteobacteria_Proteobacteria;0;0;0;0;0;0;0;0;0;0;0;0;0;0;0;0;0;0;0;0;0;0;0;0,00757815;0;0;0;0;0;0;0;0;0;0;0;0;0;0;0;0;0;0;0;0;0;0;0
Phaselicystis_Phaselicystidaceae_Myxococcales_Deltaproteobacteria_Proteobacteria;0,011458095;0,007795827;0,013914756;0;0;0;0;0;0;0;0;0;0;0;0;0;0;0;0;0;0;0;0;0;0;0;0;0;0;0;0;0,005557408;0;0;0;0;0;0;0;0;0;0;0;0;0;0;0
Phenylobacterium_Caulobacteraceae_Caulobacterales_Alphaproteobacteria_Proteobacteria;0;0;0;0;0;0;0;0,024843949;0;0;0;0;0;0;0;0;0;0;0;0;0;0;0;0;0;0;0;0;0;0;0;0;0;0;0;0;0;0;0;0;0;0;0;0;0;0;0
Phyllobacterium_Phyllobacteriaceae_Rhizobiales_Alphaproteobacteria_Proteobacteria;0;0;0,01284439;0,024498195;0;0;0,04577872;0;0;0,025697286;0,025511444;0,01215483;0,013694157;0,029171142;0,011591963;0;0,029408017;0,007187818;0;0,016521689;0,010957823;0,007789679;0;0,006315125;0;0;0;0,010053788;0,009062075;0;0,009501489;0;0;0;0;0,030039652;0;0,009927332;0,007197697;0;0,005880739;0,004340812;0;0,019855992;0;0,0244833;0,023811242
Pir4-lineage_Planctomycetaceae_Planctomycetales_Planctomycetacia_Planctomycetes;0;0;0;0;0;0;0;0;0;0;0;0;0;0;0;0;0;0;0;0;0;0;0;0;0;0;0;0;0;0;0;0;0;0;0;0;0;0;0;0;0;0;0;0;0;0;0
Pirellula_Planctomycetaceae_Planctomycetales_Planctomycetacia_Planctomycetes;0;0;0;0;0;0;0;0;0;0;0;0;0;0;0;0;0;0;0;0;0;0;0;0;0;0;0;0;0;0;0;0;0;0;0;0;0;0;0;0;0;0;0;0;0;0;0
Planctomyces_Planctomycetaceae_Planctomycetales_Planctomycetacia_Planctomycetes;0;0;0;0;0;0;0;0;0;0;0;0;0;0;0;0;0;0;0;0;0;0;0;0;0;0;0;0;0;0;0;0;0;0;0;0;0;0;0;0;0;0;0;0;0;0;0
Planococcus_Planococcaceae_Bacillales_Bacilli_Firmicutes;0;0,006821349;0;0;0;0;0;0;0;0;0;0;0;0;0;0;0;0;0;0;0;0;0;0;0;0;0;0;0;0;0;0;0;0;0;0;0;0,033752929;0;0;0;0;0;0;0;0;0
Planomicrobium_Planococcaceae_Bacillales_Bacilli_Firmicutes;0;0;0;0;0;0;0;0;0;0;0;0;0;0;0;0;0;0;0;0;0;0;0;0;0;0;0;0;0;0;0;0;0;0;0;0;0;0;0;0;0;0;0;0;0;0;0
Pleomorphomonas_Methylocystaceae_Rhizobiales_Alphaproteobacteria_Proteobacteria;0;0;0;0;0;0;0;0;0;0;0;0;0;0;0;0;0;0;0;0;0;0;0;0;0;0;0;0;0;0;0;0;0;0;0;0;0;0;0;0;0;0;0;0;0;0;0
Polaribacter_Flavobacteriaceae_Flavobacteriales_Flavobacteriia_Bacteroidetes;0,099997917;0,113039496;0,12630317;0,013065704;0;0;0;0;0;0;0;0,006629908;0;0;0;0,005886855;0;0;0;0;0;0;0;0;0;0;0;0;0,007551729;0;0;0;0;0;0;0;0;0;0;0;0;0;0;0;0;0;0
Polaromonas_Comamonadaceae_Burkholderiales_Betaproteobacteria_Proteobacteria;0,007291515;0,008770306;0,008562927;0;0;0;0;0;0;0,004941786;0;0;0;0;0;0;0,004901336;0;0;0;0;0;0;0;0;0;0;0;0;0;0;0;0;0;0;0;0;0;0;0;0;0;0;0;0;0;0
Prosthecobacter_Verrucomicrobiaceae_Verrucomicrobiales_Verrucomicrobiae_Verrucomicrobia;0;0,008770306;0,010703659;0;0;0;0;0;0;0;0;0;0;0;0;0;0;0;0;0;0;0;0;0;0;0;0;0;0;0;0;0;0;0;0;0;0;0;0;0;0;0;0;0;0;0;0
Pseudahrensia_Phyllobacteriaceae_Rhizobiales_Alphaproteobacteria_Proteobacteria;0,01249974;0,00584687;0;0;0;0;0;0;0;0;0;0;0,00948057;0,006629805;0,015455951;0;0;0;0;0,006608676;0;0;0;0;0;0;0;0;0;0;0;0;0;0,008706914;0;0;0;0;0;0;0;0;0;0;0,008072915;0;0
Pseudaminobacter_Phyllobacteriaceae_Rhizobiales_Alphaproteobacteria_Proteobacteria;0;0;0;0,008166065;0;0;0;0;0;0;0;0;0;0;0;0;0;0;0;0;0;0;0;0;0;0;0;0;0;0;0;0;0;0;0;0;0;0;0;0;0;0;0;0;0;0;0
Pseudoalteromonas_Pseudoalteromonadaceae_Alteromonadales_Gammaproteobacteria_Proteobacteria;0;0;0;0;0;0;0;0;0;0;0;0;0;0;0;0;0;0;0;0;0;0;0;0;0;0;0;0;0;0;0;0;0;0;0;0;0;0,009927332;0;0;0;0;0;0;0;0;0
Pseudochrobactrum_Brucellaceae_Rhizobiales_Alphaproteobacteria_Proteobacteria;0;0;0;0;0;0;0;0;0;0;0;0;0;0;0;0;0;0;0;0;0;0;0;0;0;0;0;0;0;0;0;0;0;0;0;0;0;0;0;0;0;0;0;0;0;0;0,007215528
Pseudolabrys_Xanthobacteraceae_Rhizobiales_Alphaproteobacteria_Proteobacteria;0,013541385;0,007795827;0,013914756;0,137189894;0,129020367;0,080550042;0,101195066;0,163555997;0,248146528;0,102789144;0,044948734;0,075138952;0,064257197;0,045082674;0,060535806;0,094189674;0,122533403;0,082146488;0,121005054;0,13382568;0,144643268;0,198636806;0,147015584;0,161667193;0,217779988;0,134241413;0,479969426;0,609510883;0,385138197;0,94711121;0,46557294;0,274535956;0,414139057;0,530033413;0,275326117;0,305403132;0,335117862;0,311718223;0,740163148;0,374224686;0,364605794;0,454338279;0,58064263;0,406525306;0,580442557;0,524350682;0,349231546
Pseudomonas_Pseudomonadaceae_Pseudomonadales_Gammaproteobacteria_Proteobacteria;37,575259;32,949064;40,183675;35,370494;35,487973;32,860102;19,007806;21,149447;20,626672;24,865089;21,568103;22,984784;20,831973;21,084106;21,116692;17,086596;13,453187;16,063746;18,300235;18,111901;11,664603;11,761117;9,915384;12,688349;12,637961;15,328153;13,670698;11,534208;12,683885;17,605364;17,83271;13,769034;30,070287;34,554478;26,494588;35,720151;35,922975;31,749593;25,339491;34,929208;32,08825;36,53227;33,166268;34,988348;39,166552;34,438822;40,558482
Pseudorhodobacter_Rhodobacteraceae_Rhodobacterales_Alphaproteobacteria_Proteobacteria;0,14895523;0,321577875;0,124162439;0,178020219;0,00921574;0,021575904;1,308307633;0,007246152;0,020339879;0,008895214;0,030370766;0,072928983;1,745478295;1,611042603;2,466512107;0,192303919;0,273494555;0,155051496;0,028471777;0,57825911;0,023011429;0,415449529;0,053361212;0,027786549;0,369688252;0,045568186;0,017984803;0,733926507;0,678145295;0,208000969;0,635016153;0,031121485;0,196861876;0,407048247;0,41742992;0,330436176;0,079888778;0,178691975;0,140355086;0,08483683;0,111734034;0,410206695;0,129467613;0,5225261;1,573411049;2,050476404;1,803160401
Pseudospirillum_Oceanospirillaceae_Oceanospirillales_Gammaproteobacteria_Proteobacteria;0,093748047;0,069187967;0,072784878;0;0;0;0;0;0;0;0;0;0;0;0;0;0;0,005134155;0;0;0;0;0;0;0;0;0;0;0;0;0;0;0;0;0;0;0;0;0;0;0;0;0;0;0;0;0
Pseudoxanthobacter_Xanthobacteraceae_Rhizobiales_Alphaproteobacteria_Proteobacteria;0,01458303;0,011693741;0,021407317;0;0;0;0;0;0,021356873;0,052382929;0,044948734;0,008839877;0,01264076;0;0,006439979;0,018641706;0;0;0;0;0;0;0;0,026523524;0;0,933532027;0;0;0,05135176;0;0,050674606;0,030010003;0;0;0,169858451;0;0,011412683;0;0,035988484;0;0,018622339;0;0;0,024036201;0;0;0
Psychrobacter_Moraxellaceae_Pseudomonadales_Gammaproteobacteria_Proteobacteria;0;0,011693741;0,017125854;0;0;0;0;0;0;0;0;0;0,00948057;0;0;0;0;0;0;0;0;0;0;0;0;0;0;0;0;0;0;0;0;0;0;0;0;0,275979828;0;0;0;0;0;0;0;0;0
Pusillimonas_Alcaligenaceae_Burkholderiales_Betaproteobacteria_Proteobacteria;0;0;0;0;0;0;0;0;0;0;0;0;0;0;0;0;0;0;0;0;0;0;0;0;0;0;0;0;0;0;0;0;0;0;0;0;0;0;0;0;0;0;0;0;0;0;0
Reyranella_Rhodospirillales-Incertae-Sedis_Rhodospirillales_Alphaproteobacteria_Proteobacteria;0,013541385;0,016566133;0,008562927;0;0;0;0;0;0,013220922;0,019767143;0,017007629;0,006629908;0,010533967;0,011933649;0,011591963;0,025509703;0,024506681;0,023617115;0,011863241;0;0;0,015579357;0;0,0101042;0,012098888;0,019705162;0,014612652;0,016337405;0;0,020194269;0,01108507;0,025564077;0,037914139;0,023944015;0,033305579;0,048063444;0,086113878;0,051622126;0,025191939;0,01979526;0,025483201;0,049195865;0,01863549;0,031351566;0,022604161;0,023463163;0,033912981
Rheinheimera_Chromatiaceae_Chromatiales_Gammaproteobacteria_Proteobacteria;0;0;0;0;0;0;0;0;0;0;0;0;0;0;0;0;0;0;0;0;0;0;0;0;0;0;0;0;0;0;0;0;0;0;0;0;0;0;0;0;0;0;0;0;0;0;0
Rhizobacter_Comamonadaceae_Burkholderiales_Betaproteobacteria_Proteobacteria;0;0;0;0;0;0;0;0;0;0;0;0;0;0;0;0;0;0;0;0;0;0;0;0;0;0;0;0;0;0;0;0;0;0;0;0;0;0;0;0;0;0;0;0;0;0;0
Rhizobium_Rhizobiaceae_Rhizobiales_Alphaproteobacteria_Proteobacteria;0,045832378;0,049698399;0,021407317;0,187819497;0,204589439;0,181237594;0,566210486;0,612817407;0,398661636;0,70469865;0,715535254;0,582326877;1,330440004;1,027619767;1,299587841;1,535487922;1,959554174;1,782578784;1,637127198;2,042080741;1,616278942;2,23823434;2,242259902;1,844016419;1,68712275;1,986526596;1,561305697;2,302317398;1,986104818;1,16117046;1,209856211;1,596087585;0,752449837;0,853277609;0,885928393;0,767012456;0,745974436;0,706826033;0,367082534;0,524103086;0,394009488;0,366798579;0,426654635;0,293659668;0,218775985;0,317262767;0,22295981
Rhodobacter_Rhodobacteraceae_Rhodobacterales_Alphaproteobacteria_Proteobacteria;6,726943189;7,273506855;6,060411449;6,181711281;8,237028845;6,910042864;2,127505783;3,204869414;2,957418463;1,455850086;1,613295107;1,818804628;1,382056441;1,300767731;0,551262236;1,216616628;1,102800623;1,385195149;0,965667782;0,071043262;0,501868309;0,033755274;0,426889695;0,425639406;0,028230739;0,687217508;0,512566881;0,049012215;0,052862105;0,308972314;0,03325521;0,644659331;0,233317779;0,017413829;0,066611157;0,021027757;0,330967795;0,059563992;0,509836852;0,301642064;0,493982044;0,026768338;0,490407627;0,035531775;0,15499996;0,067329076;0,058445775
Rhodococcus_Nocardiaceae_Corynebacteriales_Actinobacteria_Actinobacteria;0,037499219;0,021438525;0,033181341;0,035930686;0;0,021575904;0,040959907;0,054863721;0,066104608;0,060289786;0,060741533;0,068509044;0,233854062;0,204197992;0,211231324;0,078491395;0,07057924;0,091387968;0,054570907;0,051217235;0,059172246;0,05842259;0,04791619;0,059362172;0,065871725;0,067736493;0,06407086;0,031418087;0,067965564;0,066641087;0,096598467;0,077803712;0,029164722;0,032650929;0,065500971;0,024031722;0,032163015;0,027796529;0,065978887;0,014139472;0,040185047;0,034003024;0,064733807;0,045982297;0,029869784;0,030604125;0,007215528
Rhodoferax_Comamonadaceae_Burkholderiales_Betaproteobacteria_Proteobacteria;0;0;0;0;0;0;0;0;0;0;0;0;0;0;0;0;0;0;0;0,004130422;0;0;0,005445022;0;0;0;0;0;0;0;0;0;0;0;0;0;0;1,409681134;0;0;0;0;0;0;0;0,006120825;0
Rhodoglobus_Microbacteriaceae_Micrococcales_Actinobacteria_Actinobacteria;0;0;0;0;0;0;0;0;0;0;0;0;0;0;0;0;0;0;0;0;0;0;0;0;0;0;0;0;0;0;0;0;0;0;0;0;0;0;0;0;0;0;0;0;0;0;0
Rhodopirellula_Planctomycetaceae_Planctomycetales_Planctomycetacia_Planctomycetes;0;0;0;0;0;0;0;0;0;0;0;0;0;0;0;0;0;0;0;0;0;0;0;0;0;0;0;0;0;0;0;0;0;0;0;0;0;0;0;0;0;0;0;0;0;0;0
Rhodoplanes_Hyphomicrobiaceae_Rhizobiales_Alphaproteobacteria_Proteobacteria;0;0;0;0;0;0;0;0;0;0;0;0;0;0;0;0;0;0;0;0;0;0;0;0;0;0;0;0;0;0;0;0;0;0;0;0;0;0;0;0;0;0;0;0;0;0;0
Rhodovulum_Rhodobacteraceae_Rhodobacterales_Alphaproteobacteria_Proteobacteria;0;0,015591655;0;0;0,018431481;0;0;0;0;0;0;0;0;0;0,018031942;0;0,010782939;0;0;0;0;0;0;0;0;0;0;0;0;0;0;0;0;0;0;0;0;0;0;0;0;0;0;0;0;0;0
Roseicitreum_Rhodobacteraceae_Rhodobacterales_Alphaproteobacteria_Proteobacteria;0,029166059;0,049698399;0,063151585;0;0;0;0;0;0;0;0;0;0;0;0;0;0;0,005134155;0;0;0;0;0;0;0;0;0;0;0;0;0;0;0;0;0;0;0;0;0;0;0;0;0;0;0;0;0
Roseicyclus_Rhodobacteraceae_Rhodobacterales_Alphaproteobacteria_Proteobacteria;0;0;0;0;0;0;0;0;0;0;0;0;0;0;0;0;0;0;0;0;0;0;0;0;0;0;0;0;0;0;0;0;0;0;0;0;0;0;0;0;0;0;0;0;0;0;0
Roseivirga_Flammeovirgaceae_Cytophagales_Cytophagia_Bacteroidetes;0,047915668;0,073085881;0,055659024;0;0;0;0;0;0;0;0;0;0;0;0;0;0;0;0;0;0;0;0;0;0;0;0;0;0;0;0;0;0;0;0;0;0;0;0;0;0;0;0;0;0;0;0
Roseivivax_Rhodobacteraceae_Rhodobacterales_Alphaproteobacteria_Proteobacteria;0,011458095;0,004872392;0;0;0;0;0;0;0;0;0,007288984;0;0;0;0;0;0;0;0;0;0;0;0;0;0;0;0;0;0;0;0;0;0;0;0;0;0;0;0;0;0;0;0;0;0;0;0
Roseobacter-clade-CHAB-I-5-lineage_Rhodobacteraceae_Rhodobacterales_Alphaproteobacteria_Proteobacteria;0,046874023;0,050672877;0,026759146;0;0;0;0;0;0;0;0;0;0;0;0;0;0;0;0;0;0;0;0;0;0;0;0;0;0;0;0;0;0;0;0;0;0;0;0;0;0;0;0;0;0;0;0
Roseobacter_Rhodobacteraceae_Rhodobacterales_Alphaproteobacteria_Proteobacteria;0;0;0;0;0;0;0;0;0;0;0;0;0;0;0;0;0;0;0;0;0;0;0;0;0;0;0;0;0;0;0;0;0;0;0;0;0;0;0;0;0;0;0;0;0;0;0
Roseovarius_Rhodobacteraceae_Rhodobacterales_Alphaproteobacteria_Proteobacteria;0;0;0;0;0;0;0;0;0;0;0;0;0;0;0;0;0;0;0;0;0;0;0;0;0;0;0;0;0;0;0;0;0;0;0;0;0;0;0;0;0;0;0;0;0;0;0
Rubellimicrobium_Rhodobacteraceae_Rhodobacterales_Alphaproteobacteria_Proteobacteria;0;0;0;0;0;0;0;0;0;0;0;0;0;0;0;0;0;0;0;0;0;0;0;0;0;0;0;0;0;0;0;0;0;0;0;0;0;0;0;0;0;0;0;0;0;0;0
Ruegeria_Rhodobacteraceae_Rhodobacterales_Alphaproteobacteria_Proteobacteria;0,011458095;0;0;0;0;0;0;0;0;0;0;0;0,007373777;0;0,009015971;0;0;0;0;0;0;0;0;0;0;0;0;0;0;0;0;0;0;0;0;0;0;0;0;0;0;0;0;0;0;0;0
Sagittula_Rhodobacteraceae_Rhodobacterales_Alphaproteobacteria_Proteobacteria;0;0;0;0;0;0;0;0;0;0;0;0;0;0;0;0;0;0;0;0;0;0;0;0;0;0;0;0;0;0;0;0;0;0;0;0;0;0;0;0;0;0;0;0;0;0;0
Salinimonas_Alteromonadaceae_Alteromonadales_Gammaproteobacteria_Proteobacteria;0;0;0;0;0;0;0;0;0;0;0;0;0;0;0;0;0;0;0;0;0;0;0;0;0;0;0;0;0;0;0;0;0;0;0;0;0;0;0;0,005655789;0;0;0;0;0;0;0
Salinirepens_Cryomorphaceae_Flavobacteriales_Flavobacteriia_Bacteroidetes;0;0;0;0;0;0;0;0;0;0;0;0;0;0;0;0;0;0;0;0;0;0;0;0;0;0;0;0;0;0;0;0;0;0;0;0;0;0;0;0;0;0;0;0;0;0;0
Sandaracinus_Sandaracinaceae_Myxococcales_Deltaproteobacteria_Proteobacteria;0;0;0;0;0;0;0;0;0;0;0;0;0;0;0;0;0;0;0;0;0;0;0;0;0;0;0;0;0;0;0;0;0;0;0;0;0;0;0;0;0;0;0;0;0;0;0
SAR92-clade_Porticoccaceae_Cellvibrionales_Gammaproteobacteria_Proteobacteria;0;0;0,006422195;0;0;0;0;0;0;0;0;0;0;0;0;0;0;0;0;0;0;0;0;0;0;0;0;0;0;0;0;0;0;0;0;0;0;0;0;0;0;0;0;0;0;0;0
Sedimentitalea_Rhodobacteraceae_Rhodobacterales_Alphaproteobacteria_Proteobacteria;0;0;0;0;0;0;0;0;0;0;0;0;0;0;0;0;0;0;0;0;0;0;0;0;0;0;0;0;0;0;0;0;0;0;0;0;0;0;0;0;0;0;0;0;0;0;0
Sediminibacterium_Chitinophagaceae_Sphingobacteriales_Sphingobacteriia_Bacteroidetes;0;0;0;0;0;0;0;0;0;0;0;0;0;0;0;0;0;0;0;0;0;0;0;0;0;0;0;0;0;0;0;0;0;0;0;0;0;0;0;0;0;0;0;0;0;0;0
Sediminicola_Flavobacteriaceae_Flavobacteriales_Flavobacteriia_Bacteroidetes;0;0;0;0;0;0;0;0;0;0;0;0;0;0;0;0;0;0;0;0;0;0;0;0;0;0;0;0;0;0;0;0;0;0;0;0;0;0;0;0;0;0;0;0;0;0;0
Seohaeicola_Rhodobacteraceae_Rhodobacterales_Alphaproteobacteria_Proteobacteria;0,045832378;0,092575449;0,062081219;0;0;0;0;0;0;0;0;0;0;0;0;0;0;0,006160987;0;0;0;0,007789679;0;0;0;0;0;0;0;0;0;0,007780371;0;0,006530186;0,00555093;0;0;0;0;0;0;0;0;0,005225261;0;0;0
Shewanella_Shewanellaceae_Alteromonadales_Gammaproteobacteria_Proteobacteria;0;0;0,006422195;0;0;0;0;0;0;0;0;0;0,014747553;0,017237493;0;0;0;0;0;0;0;0;0;0;0;0;0;0;0;0;0;0;0,024790014;0,02285565;0,009991674;0,022029078;0,007262616;0,037723861;0,010796545;0,022623155;0,014701847;0,01012856;0,012750598;0,008360418;0;0,013261788;0,012266397
Shimia_Rhodobacteraceae_Rhodobacterales_Alphaproteobacteria_Proteobacteria;0;0;0;0;0;0;0;0;0;0;0;0;0;0;0;0;0;0;0;0;0;0;0;0;0;0;0;0;0;0;0;0;0;0;0;0;0;0;0;0;0;0;0;0;0;0;0
Shinella_Rhizobiaceae_Rhizobiales_Alphaproteobacteria_Proteobacteria;0,00833316;0,017540611;0,041744268;0;0;0,010068755;0,021684657;0;0;0,017790429;0,01822246;0,025414645;0,0316019;0,009281727;0,010303967;0,016679422;0,041171223;0,07495867;0;0,071043262;0,066842722;0,031158715;0,054450216;0,020208399;0,118300241;0,045568186;0,050582258;0,064092897;0,013593113;0,040388538;0,030088047;0,022229632;0,014582361;0;0,013322231;0,008010574;0,009337649;0;0,040786948;0,011311577;0,074489356;0,030385681;0,022558751;0,00940547;0,01130208;0,006120825;0,028140558
Sideroxydans_Gallionellaceae_Nitrosomonadales_Betaproteobacteria_Proteobacteria;0;0;0;0;0;0;0;0;0;0;0;0,006629908;0;0;0;0;0,004901336;0;0;0;0;0;0;0;0,006721605;0,006157863;0;0;0;0;0;0;0;0;0;0;0;0;0;0;0;0;0;0;0;0;0
Simiduia_Cellvibrionaceae_Cellvibrionales_Gammaproteobacteria_Proteobacteria;0;0;0;0;0;0;0;0;0;0;0;0;0;0;0,006439979;0;0;0;0;0;0;0;0;0;0;0;0;0;0;0;0;0;0;0;0;0;0;0;0;0;0;0;0;0;0;0;0
Simplicispira_Comamonadaceae_Burkholderiales_Betaproteobacteria_Proteobacteria;0;0;0;0;0,011058889;0;0,014456438;0,012421974;0,009152946;0,012848643;0,010933476;0,007734892;0,014747553;0,014585571;0;0,00784914;0,009802672;0,00924148;0;0,030565124;0,008766259;0,006491399;0,022869091;0,021471424;0,021509135;0,020936734;0,015736702;0,020107576;0,013593113;0,014135988;0,012668651;0;0,017498833;0,019590557;0,031085207;0,016021148;0,033200531;0,037723861;0,040786948;0,033934732;0,01568197;0,035449961;0,036290164;0,030306514;0,040364573;0,0326444;0,03102677
Skermanella_Rhodospirillaceae_Rhodospirillales_Alphaproteobacteria_Proteobacteria;0;0;0;0;0;0;0;0;0;0;0;0;0;0;0;0;0;0;0;0;0;0;0;0;0;0;0;0;0;0;0;0;0;0;0;0;0;0;0;0;0;0;0;0;0;0;0
SM1A02_Phycisphaeraceae_Phycisphaerales_Phycisphaerae_Planctomycetes;0;0;0;0;0;0;0;0;0;0;0;0;0;0;0;0;0;0;0;0;0;0;0;0;0;0;0;0;0;0;0;0;0;0;0;0;0;0;0;0;0;0;0;0;0;0;0
Smithella_Syntrophaceae_Syntrophobacterales_Deltaproteobacteria_Proteobacteria;0;0;0;0;0;0;0;0;0;0;0;0;0;0;0;0;0;0;0;0;0;0;0;0;0;0;0;0;0;0;0;0;0;0;0;0;0;0;0;0;0;0;0;0;0;0;0
Sneathiella_Sneathiellaceae_Sneathiellales_Alphaproteobacteria_Proteobacteria;0;0;0;0;0;0;0;0;0,008135952;0;0;0,007734892;0,00632038;0;0;0,006867997;0,016664543;0,016429298;0;0,008260844;0,029586123;0,027263875;0,010890043;0,013893274;0;0,014778871;0,030349355;0,036444981;0,022655188;0;0,020586559;0,035567411;0,021873542;0,006530186;0,015542603;0,005006609;0,008300133;0,015883731;0,022792706;0,012254209;0;0,032556087;0,016673859;0,008360418;0,010494789;0,009181238;0,018760372
Sphingobium_Sphingomonadaceae_Sphingomonadales_Alphaproteobacteria_Proteobacteria;0;0;0;0;0;0;0;0;0;0;0;0;0;0;0;0;0;0;0;0;0;0;0;0;0;0;0;0;0;0;0;0;0;0;0;0;0;0;0;0;0;0;0;0;0;0;0
Sphingomonas_Sphingomonadaceae_Sphingomonadales_Alphaproteobacteria_Proteobacteria;0;0;0;0,008166065;0,014745185;0,007191968;0;0,007246152;0;0,010871929;0;0;0;0;0;0,006867997;0;0,014375635;0;0;0,007670476;0;0,006534026;0;0;0;0,006744301;0;0,010572421;0;0,012668651;0,011114816;0,007291181;0;0;0,010013217;0;0;0,007197697;0,00659842;0;0,009405092;0,005884892;0,013585679;0,006458332;0,011221513;0,007215528
Sphingopyxis_Sphingomonadaceae_Sphingomonadales_Alphaproteobacteria_Proteobacteria;2,053082227;2,148724895;2,005865605;0,450766794;0,423924062;0,421449325;0,433693138;0,587973458;0,524768888;0,46848129;0,48471743;0,398899435;0,575154586;0,633809353;0,575734158;0,487627794;0,515620558;0,565783934;0,372505754;0,329607692;0,456941233;0,360921779;0,372439479;0,21976634;0,155941226;0,301735286;0,282136595;0,228723672;0,339827821;0,365516266;0,530499778;0,510170057;0,242067196;0,230733231;0,264224258;0,262346297;0,244853918;0,09331692;0,410268714;0,324265219;0,408711334;0,323390463;0,317784142;0,27066852;0,341484286;0,35704813;0,350674652
Sphingorhabdus_Sphingomonadaceae_Sphingomonadales_Alphaproteobacteria_Proteobacteria;0,00833316;0;0;0;0;0;0;0,009316481;0,011186934;0,0345925;0,024296613;0,037569476;0,090592114;0,067624011;0,074703761;0,105963384;0,156842755;0,133488043;0,094905925;0,073521515;0,040543946;0,040246673;0,046827186;0,078307547;0,096791106;0,110841534;0,029225305;0,026391193;0,022655188;0,169631858;0,234370051;0,121151495;0,227484834;0,281886353;0,127671385;0,173228662;0,20127822;0,268037962;0,115163148;0,254510491;0,178382405;0,155545749;0,167719408;0,144217204;0,173567663;0,273396854;0,255429685
Stakelama_Sphingomonadaceae_Sphingomonadales_Alphaproteobacteria_Proteobacteria;0;0;0;0;0;0;0;0;0;0;0;0;0;0;0;0;0;0;0;0,004130422;0,006574694;0;0;0;0;0;0;0,006283617;0;0;0;0;0;0;0,006661116;0;0;0;0;0;0;0,003617343;0;0;0,006458332;0,007140963;0,007215528
Stappia_Rhodobacteraceae_Rhodobacterales_Alphaproteobacteria_Proteobacteria;0,047915668;0,047749442;0,036392439;0,300511196;0,267256474;0,230142976;0,098785659;0,038301088;0,125090258;0,061278143;0,123912727;0,107183505;0,067417387;0,078231698;0,063111798;0,086340535;0,084302981;0,051341555;0,054570907;0,054521573;0,038352382;0,037650114;0,019602078;0,027786549;0,010754567;0,022168307;0,012364552;0,020107576;0,034737955;0,012116561;0,026920884;0,114482605;0,010207653;0;0,031085207;0,025033044;0,019712815;0;0,022792706;0,01319684;0,043125417;0,003617343;0;0,020901044;0,006458332;0,006120825;0
Stenotrophomonas_Xanthomonadaceae_Xanthomonadales_Gammaproteobacteria_Proteobacteria;0;0;0;0;0;0;0;0;0;0;0;0;0;0;0;0;0;0;0;0;0;0;0;0;0;0;0;0;0;0;0;0;0;0;0;0;0;0;0;0;0;0;0;0;0;0;0
Streptomyces_Streptomycetaceae_Streptomycetales_Actinobacteria_Actinobacteria;0;0;0;0;0;0;0;0;0;0;0;0;0;0;0;0;0;0;0;0;0;0;0;0;0;0;0;0;0;0;0;0;0;0;0;0;0;0;0;0;0;0;0;0;0;0;0
Subsaxibacter_Flavobacteriaceae_Flavobacteriales_Flavobacteriia_Bacteroidetes;0;0;0;0;0;0;0;0;0;0;0;0;0;0;0;0;0;0;0;0;0;0;0;0;0;0;0;0;0;0;0;0;0;0;0;0;0;0;0;0;0;0;0;0;0;0;0
Sufflavibacter_Flavobacteriaceae_Flavobacteriales_Flavobacteriia_Bacteroidetes;0;0;0;0;0;0;0;0;0;0;0;0;0;0;0;0;0;0;0;0;0;0;0;0;0;0;0;0;0;0;0;0;0;0;0;0;0;0;0;0;0;0;0;0;0;0;0
Sulfitobacter_Rhodobacteraceae_Rhodobacterales_Alphaproteobacteria_Proteobacteria;0;0;0;0;0;0;0;0;0;0;0;0;0;0;0;0;0;0;0;0;0;0;0;0;0;0;0;0;0;0;0;0;0;0;0;0;0;0;0;0;0;0;0;0;0;0;0
Tabrizicola_Rhodobacteraceae_Rhodobacterales_Alphaproteobacteria_Proteobacteria;0;0;0;0;0;0;0;0;0;0;0;0;0;0;0,007727975;0;0;0;0;0;0;0;0;0;0;0;0;0;0;0;0;0;0;0;0;0;0;0;0;0;0;0;0;0;0;0;0
Tateyamaria_Rhodobacteraceae_Rhodobacterales_Alphaproteobacteria_Proteobacteria;0;0;0;0;0;0;0;0;0;0;0;0;0;0;0;0;0;0;0;0;0;0;0;0;0;0;0;0;0;0;0;0;0;0;0;0;0;0;0;0;0;0;0;0;0;0;0
Tenacibaculum_Flavobacteriaceae_Flavobacteriales_Flavobacteriia_Bacteroidetes;0;0;0;0;0;0;0;0;0;0;0;0;0;0;0;0;0;0;0;0;0;0;0;0;0;0;0;0;0;0;0;0;0;0;0;0;0;0;0;0;0;0;0;0;0;0;0
Terrabacter_Intrasporangiaceae_Micrococcales_Actinobacteria_Actinobacteria;0;0;0;0;0;0;0;0;0;0;0;0;0;0;0;0;0;0;0;0;0;0;0;0;0;0;0;0;0;0;0;0;0;0;0;0;0;0;0;0;0;0;0;0;0;0;0
Terrimonas_Chitinophagaceae_Sphingobacteriales_Sphingobacteriia_Bacteroidetes;0;0;0;0;0,012902037;0;0;0;0;0;0;0,006629908;0;0,006629805;0,006439979;0,014717137;0;0,006160987;0;0,01486952;0,025202994;0,029860435;0,020691082;0,021471424;0,028230739;0,014778871;0,110156917;0,079173579;0,099682827;0,066641087;0,058592513;0,022229632;0,027706486;0,055506579;0,033305579;0,019025113;0,020750332;0;0,038387716;0,033934732;0,023522954;0,053536676;0,080426851;0,073153654;0,029869784;0,052027013;0,05700267
Thalassobaculum_Rhodospirillaceae_Rhodospirillales_Alphaproteobacteria_Proteobacteria;1,411428929;1,529931104;1,252328046;0,138823107;0,180628514;0,228704583;0,125289129;0,262931793;0,085427493;0,17691593;0,198017396;0,262986331;0,135888171;0,129944177;0,136527563;0,183473637;0,142138747;0,133488043;0,173203312;0,099130133;0,111769798;0,151898734;0,125235497;0,131354594;0,056461478;0,098525808;0,071939211;0,047755492;0,110255248;0,052505099;0,030088047;0,057797043;0,032081195;0,021767286;0,025534277;0,035046261;0,023862882;0,02184013;0,022792706;0,022623155;0,022542831;0,021704058;0,021577936;0,010450522;0,045208322;0,014281925;0,011544845
Thalassospira_Rhodospirillaceae_Rhodospirillales_Alphaproteobacteria_Proteobacteria;0,00833316;0,007795827;0,006422195;0;0,025804073;0;0;0;0;0;0;0;0;0;0;0;0;0;0;0,004130422;0;0;0;0;0;0;0;0;0;0;0;0;0;0;0;0;0;0;0;0;0;0;0;0;0;0;0
Thauera_Rhodocyclaceae_Rhodocyclales_Betaproteobacteria_Proteobacteria;0;0;0;0;0;0;0;0;0;0;0;0;0;0;0;0;0;0;0;0;0;0;0;0;0;0;0;0;0;0;0;0;0;0;0;0;0;0;0;0;0;0;0;0;0;0;0
Thermovum_Phyllobacteriaceae_Rhizobiales_Alphaproteobacteria_Proteobacteria;0;0,006821349;0;0;0;0,017260723;0,024094063;0;0,028475831;0;0,007288984;0;0;0,021215376;0,045079856;0;0,029408017;0;0;0,013217351;0;0,023369036;0;0;0;0;0,011240502;0;0;0,010097134;0,112434281;0,116705569;0;0;0,085484319;0,00600793;0;0,023825597;0,182341651;0;0,036264555;0,005787749;0,042175056;0;0,026640618;0;0
Thiobacillus_Hydrogenophilaceae_Hydrogenophilales_Betaproteobacteria_Proteobacteria;0;0;0;0;0;0;0;0;0;0;0;0;0;0;0;0;0;0;0;0;0;0;0;0;0;0;0;0;0;0;0;0;0;0;0;0;0;0;0;0;0;0;0;0;0;0;0
Thiogranum_Ectothiorhodospiraceae_Chromatiales_Gammaproteobacteria_Proteobacteria;0;0;0;0;0;0;0;0;0;0;0;0;0;0;0;0;0;0;0;0;0;0;0;0;0;0;0;0;0;0;0;0;0;0;0;0;0;0;0;0;0;0;0;0;0;0;0
Thiohalocapsa_Chromatiaceae_Chromatiales_Gammaproteobacteria_Proteobacteria;0;0;0;0;0;0;0;0;0;0;0;0;0;0;0;0;0;0;0;0;0;0;0;0;0;0;0;0;0;0;0;0;0;0;0;0;0;0;0;0;0;0;0;0;0;0;0
Tistrella_Rhodospirillaceae_Rhodospirillales_Alphaproteobacteria_Proteobacteria;0,00833316;0,017540611;0,022477683;0,008166065;0,00921574;0;0;0;0;0;0,008503815;0,007734892;0;0;0;0;0,007842138;0,008214649;0;0;0;0,018175917;0,006534026;0;0;0;0;0;0;0;0;0;0;0;0;0;0;0;0;0;0;0;0;0;0;0;0
Tropicimonas_Rhodobacteraceae_Rhodobacterales_Alphaproteobacteria_Proteobacteria;0,005208225;0;0;0;0;0;0;0;0;0;0;0;0;0;0;0;0;0;0;0;0;0;0;0;0;0;0;0;0;0;0;0;0;0;0;0;0;0;0;0;0;0;0;0;0;0;0
Tumebacillus_Alicyclobacillaceae_Bacillales_Bacilli_Firmicutes;0;0;0;0;0;0;0;0;0;0;0;0;0;0;0;0;0;0;0;0;0;0;0;0;0;0;0;0;0;0;0;0;0;0;0;0;0;0;0;0;0;0,028938744;0,040213425;0,04284714;1,105182004;1,313937119;1,443827116
uncultured_Alcaligenaceae_Burkholderiales_Betaproteobacteria_Proteobacteria;0,023957834;0,014617176;0,008562927;0,009799278;0,014745185;0;0;0;0;0;0,041304242;0;0;0,006629805;0;0;0;0;0;0;0;0;0;0;0,006721605;0,007389436;0;0;0;0;0;0,005557408;0;0;0;0;0;0;0;0;0;0;0;0;0;0,009181238;0
uncultured_Aurantimonadaceae_Rhizobiales_Alphaproteobacteria_Proteobacteria;0;0;0;0;0;0;0;0;0;0;0;0;0;0;0;0;0;0;0;0;0;0;0;0;0;0;0;0;0;0;0;0;0;0;0;0;0;0;0;0;0,027443447;0;0;0;0;0;0
uncultured_Beijerinckiaceae_Rhizobiales_Alphaproteobacteria_Proteobacteria;0,029166059;0,034106744;0,019266585;0,034297473;0,00921574;0,011507149;0,108423285;0,072461518;0,037628777;0,141335073;0,133631372;0,109393474;0,087431924;0,135248021;0,078567749;0,020603991;0,099006989;0,04723423;0,07592474;0,175955986;0,317776877;0,014281078;0,103455411;0,047994948;0,11695592;0,129315122;0,012364552;0,015080682;0,093641444;0,153476443;0,087096979;0,067800378;0,07145357;0,026120743;0,112128782;0,058076661;0,034238048;0,027796529;0,088771593;0,05184473;0,039204924;0,081028483;0,121621091;0,111820585;0,061354151;0,051006876;0,080092359
uncultured_Bradyrhizobiaceae_Rhizobiales_Alphaproteobacteria_Proteobacteria;0;0;0;0;0;0;0;0;0;0;0;0;0;0;0;0;0;0;0;0;0;0;0;0;0;0;0;0;0;0;0;0;0;0;0;0;0;0;0;0;0;0;0;0;0;0;0
uncultured_Brucellaceae_Rhizobiales_Alphaproteobacteria_Proteobacteria;0;0;0;0;0;0;0;0;0;0;0;0;0;0;0;0;0;0;0;0;0;0;0,154638614;0;0;0;0;0;0;0;0;0;0;0;0;0;0;0;0;0;0;0;0;0;0,008072915;0;0
uncultured_Caulobacteraceae_Caulobacterales_Alphaproteobacteria_Proteobacteria;5,5134268;6,88663893;5,62798364;2,08561303;1,94820754;2,38485659;1,59261758;1,77841268;7,7230522;5,77398249;4,10248311;4,32380468;1,95826442;1,52750706;1,96290572;2,94440847;3,07705881;2,43975068;2,08793034;1,77608155;1,54066996;1,56832197;1,21206181;1,1544048;0,99345316;0,27094597;0,96443505;0,43733977;2,83945023;1,45398736;12,79692152;18,64176948;0,48705086;0,30909546;13,60865945;0,40153002;1,17135624;0,33554382;19,15067179;1,13492827;20,6178696;4,06734046;4,65593001;4,13527156;0,8694529;0,50802848;0,68547514
uncultured_Chitinophagaceae_Sphingobacteriales_Sphingobacteriia_Bacteroidetes;0;0,004872392;0;0;0;0;0;0;0;0,004941786;0;0;0;0;0;0;0;0;0;0;0;0;0;0;0;0;0;0;0;0;0;0;0;0;0;0;0;0;0;0;0;0;0;0;0;0;0
uncultured_Colwelliaceae_Alteromonadales_Gammaproteobacteria_Proteobacteria;0;0;0,006422195;0;0;0;0;0;0;0;0;0;0,00632038;0,021215376;0,027047913;0;0;0;0;0;0;0;0;0;0;0;0;0;0,009062075;0;0;0;0,023331778;0,0304742;0;0;0;0,017869197;0;0;0,016662093;0;0;0,008360418;0;0,005100688;0
uncultured_Comamonadaceae_Burkholderiales_Betaproteobacteria_Proteobacteria;0,181246224;0,20853838;0,105966219;0,017965343;0,02949037;0;0,024094063;0,03416043;0,065087614;0,0207555;0,03765975;0,022099692;0,026334917;0,023867298;0,016743946;0,234493044;0,043131758;0,035939088;0;0,958257953;0,025202994;0,038948393;0,033759134;0,030312599;0,041673948;0,039410323;0,030349355;0,095510984;0,027186226;0,018174842;0,05542535;0,081138157;0,020415306;0,03809275;0,05772967;1,155525293;0,008300133;0,025811063;0,075575816;0,01319684;0,021562708;0,038343836;0,025501197;0,021946096;0,013723955;0,019382613;0,016595714
uncultured_Corynebacteriaceae_Corynebacteriales_Actinobacteria_Actinobacteria;0;0;0;0;0;0;0;0;0;0;0;0;0;0;0;0;0;0;0;0;0;0;0;0;0;0;0;0;0;0;0;0;0;0;0;0;0;0;0;0;0;0;0;0;0;0;0,01154484
uncultured_Cryomorphaceae_Flavobacteriales_Flavobacteriia_Bacteroidetes;0,015624674;0,016566133;0,011774024;0;0;0;0;0;0;0;0;0;0;0;0;0;0;0;0;0;0;0;0;0;0;0;0;0;0;0;0;0;0;0;0;0;0;0;0;0;0;0;0;0;0;0;0
uncultured_Cyclobacteriaceae_Cytophagales_Cytophagia_Bacteroidetes;0;0;0;0;0;0;0;0;0;0;0;0;0;0;0;0;0;0;0;0;0;0;0;0;0;0;0;0;0;0;0;0;0;0;0;0;0;0;0;0;0;0;0;0;0;0;0
uncultured_Cytophagaceae_Cytophagales_Cytophagia_Bacteroidetes;0;0;0;0;0;0;0;0;0;0;0;0;0;0;0;0;0;0;0;0;0;0;0;0;0;0;0;0;0;0;0;0;0;0;0;0;0;0;0;0;0;0;0;0;0;0;0
uncultured_Erythrobacteraceae_Sphingomonadales_Alphaproteobacteria_Proteobacteria;0;0;0;0;0;0;0;0;0;0;0;0;0;0;0;0;0;0;0;0;0;0;0;0;0;0,008621008;0;0;0;0;0;0;0;0;0;0;0;0;0;0;0;0;0;0;0;0;0
uncultured_Gemmatimonadaceae_Gemmatimonadales_Gemmatimonadetes_Gemmatimonadetes;0;0;0;0;0;0;0;0;0;0;0;0;0;0;0;0;0;0;0;0;0;0;0;0;0;0;0;0;0;0;0;0;0;0;0;0;0;0;0;0;0;0;0;0;0;0;0
uncultured_Geodermatophilaceae_Frankiales_Actinobacteria_Actinobacteria;0;0;0;0;0;0;0;0;0;0;0;0;0;0;0;0;0;0;0;0;0;0;0;0;0;0;0;0;0;0;0;0,005557408;0,007291181;0,00761855;0;0,007009252;0,010375166;0;0,014395393;0,012254209;0,009801231;0,013022435;0,016673859;0,011495574;0,016953121;0,007140963;0,006493975
uncultured_Holophagaceae_Holophagales_Holophagae_Acidobacteria;0;0;0;0;0;0;0;0;0;0;0;0;0;0;0;0;0;0;0;0;0;0;0;0;0;0;0;0;0;0;0;0;0;0;0;0;0;0;0;0;0;0;0;0;0;0;0
uncultured_Hyphomicrobiaceae_Rhizobiales_Alphaproteobacteria_Proteobacteria;0;0,00584687;0;0;0;0;0;0,008281316;0,00508497;0;0;0,022099692;0,00632038;0,017237493;0;0,012754852;0,013723741;0,021563453;0;0,004956507;0,025202994;0,025965596;0,018513073;0,015156299;0,028230739;0,014778871;0,016860753;0,011310511;0,010572421;0,014135988;0,020586559;0,012226298;0,011665889;0,013060372;0,012212046;0,020026435;0,005187583;0,009927332;0,027591171;0;0,022542831;0,010852029;0,017654675;0,030306514;0,022604161;0,0163222;0,013709503
uncultured_Hyphomonadaceae_Caulobacterales_Alphaproteobacteria_Proteobacteria;0,007291515;0,014617176;0,016055488;0;0;0;0;0;0;0;0;0;0;0;0;0;0;0;0;0;0;0;0;0;0;0;0;0;0;0;0;0;0;0;0;0;0;0;0;0;0;0;0;0;0;0;0
uncultured_Methylophilaceae_Methylophilales_Betaproteobacteria_Proteobacteria;0;0;0;0;0;0;0;0;0;0;0;0;0;0;0;0;0;0;0;0;0;0;0;0;0;0;0;0;0;0;0;0;0;0;0;0;0;0;0;0;0;0;0;0;0;0;0
uncultured_Micromonosporaceae_Micromonosporales_Actinobacteria_Actinobacteria;0;0;0;0;0;0;0;0;0;0;0;0;0;0;0;0;0;0;0;0;0;0;0;0;0;0;0;0;0;0;0;0;0;0;0;0;0;0;0,007197697;0;0;0;0;0;0;0;0
uncultured_Nitrosomonadaceae_Nitrosomonadales_Betaproteobacteria_Proteobacteria;0;0;0;0;0;0;0;0;0;0;0;0;0;0;0;0;0;0;0;0;0;0;0;0;0;0;0;0;0;0;0;0;0;0;0;0;0;0;0;0;0;0;0;0;0,007265623;0,01224165;0,009380186
uncultured_Oceanospirillaceae_Oceanospirillales_Gammaproteobacteria_Proteobacteria;0;0;0;0;0;0;0;0;0;0;0;0;0;0;0;0;0;0;0;0;0;0;0;0;0;0;0;0;0;0;0;0;0;0;0;0;0;0;0;0;0;0;0;0;0;0;0
uncultured_Oxalobacteraceae_Burkholderiales_Betaproteobacteria_Proteobacteria;0;0;0;0;0;0;0;0;0;0,004941786;0;0;0;0;0;0;0;0;0;0;0;0;0;0;0;0;0;0;0;0;0;0;0;0;0;0;0;0;0;0;0;0;0;0;0;0;0
uncultured_Phycisphaeraceae_Phycisphaerales_Phycisphaerae_Planctomycetes;0;0;0;0;0;0;0;0;0;0;0;0;0;0;0;0;0;0;0;0;0;0;0;0;0;0;0;0;0;0;0;0;0;0;0;0;0;0;0;0;0;0;0;0;0;0;0
uncultured_Phyllobacteriaceae_Rhizobiales_Alphaproteobacteria_Proteobacteria;0,023957834;0,029234352;0,014985122;0,009799278;0;0;0,024094063;0,016562633;0,00508497;0,0069185;0,015792798;0,011049846;0,007373777;0,022541337;0;0,016679422;0,01764481;0,021563453;0;0,00743476;0,013149388;0,012982798;0,014157056;0,030312599;0,012098888;0,018473589;0,008992401;0,015080682;0,010572421;0;0,095014886;0,02778704;0;0;0,037746323;0;0,012450199;0,017869197;0,007197697;0,008483683;0,036264555;0,019533652;0,019616305;0,031351566;0,014531246;0,006120825;0,026697453
uncultured_Pseudomonadaceae_Pseudomonadales_Gammaproteobacteria_Proteobacteria;0;0,006821349;0,010703659;0,009799278;0;0,008630362;0;0;0;0;0,009718645;0;0,008427173;0,009281727;0,006439979;0;0;0;0;0,009086929;0;0;0;0;0,008065925;0;0;0;0,007551729;0;0;0;0;0;0,00555093;0;0;0;0;0;0;0;0;0;0;0;0
uncultured_Rhodobacteraceae_Rhodobacterales_Alphaproteobacteria_Proteobacteria;26,06612362;26,70363188;23,25476848;0,96686211;1,03769238;0,9666005;0,39273323;0,46685921;0,58883951;0,46057443;0,43369454;0,52486768;0,4740285;0,37922484;0,37351881;0,55728891;0,57639713;0,54832781;0,39385959;0,28004263;0,186283;0,19474197;0,17859671;0,18945374;0,19223789;0,24877766;0,08879996;0,11813201;0,10723456;0,12722389;0,16152531;0,19450928;0,09770182;0,07945059;0,12989176;0,09412424;0,09545153;0,13501171;0,12356046;0,0838942;0,17936253;0,06583564;0,07356114;0,08046902;0,09283852;0,08773183;0,12699329
uncultured_Rhodobiaceae_Rhizobiales_Alphaproteobacteria_Proteobacteria;0;0;0;0;0;0;0;0;0;0;0;0;0;0;0;0;0;0;0;0;0;0;0;0;0;0;0;0;0;0;0;0,012226298;0;0;0,00555093;0;0;0;0;0;0;0,003617343;0;0;0;0;0
uncultured_Rhodospirillaceae_Rhodospirillales_Alphaproteobacteria_Proteobacteria;6,9988125;7,7266393;7,5546422;10,1275539;10,4082573;10,1608124;10,5026022;10,4085794;10,1862116;13,319101;13,5708732;14,6299959;13,3223078;15,601257;14,075219;13,5525206;16,1351985;14,3489377;14,1291195;16,258994;18,4135263;16,338851;16,4733684;15,7006631;14,6934276;16,329421;14,4631536;11,6246921;13,6731612;13,6654617;13,2086527;11,4449261;13,4595194;12,4802734;10,1781848;11,9928305;13,3694389;13,6421395;10,5758157;12,1005599;7,4146313;10,5503426;11,9904665;12,1194704;13,372783;13,8820313;12,1235298
uncultured_Saprospiraceae_Sphingobacteriales_Sphingobacteriia_Bacteroidetes;0;0;0;0;0;0;0;0;0;0;0;0;0;0;0;0;0;0;0;0;0;0;0;0;0;0;0;0;0;0;0;0;0;0;0;0;0;0;0;0;0;0;0;0;0;0;0
uncultured_Sphingomonadaceae_Sphingomonadales_Alphaproteobacteria_Proteobacteria;0;0;0;0;0;0;0;0;0;0;0;0;0;0;0;0;0;0;0;0;0;0;0;0;0;0;0;0;0;0;0;0;0;0;0;0;0;0;0;0;0;0;0;0;0;0;0
uncultured_Xanthobacteraceae_Rhizobiales_Alphaproteobacteria_Proteobacteria;0;0;0;0,011432491;0;0;0;0,005175823;0;0,008895214;0;0;0;0;0;0;0,007842138;0;0,011863241;0,013217351;0;0,009087958;0,008712035;0,006315125;0;0;0,017984803;0,006283617;0,022655188;0,024233123;0,01108507;0,017783706;0,010207653;0,028297472;0,012212046;0,005006609;0;0;0,051583493;0,005655789;0;0,024597932;0,012750598;0,017765887;0,021796869;0,014281925;0,01298795
uncultured_Xanthomonadaceae_Xanthomonadales_Gammaproteobacteria_Proteobacteria;0;0;0;0;0;0;0;0;0;0;0;0;0;0;0;0;0;0;0;0;0;0;0;0;0;0;0;0;0;0;0;0;0;0;0;0;0;0;0;0;0;0;0;0;0;0;0
uncultured_Xanthomonadales-Incertae-Sedis_Xanthomonadales_Gammaproteobacteria_Proteobacteria;0;0;0;0;0;0;0;0;0;0;0;0;0;0;0;0;0;0;0;0;0;0;0;0;0;0;0;0;0;0;0;0;0;0;0;0;0;0;0;0;0;0;0;0;0;0;0
Undibacterium_Oxalobacteraceae_Burkholderiales_Betaproteobacteria_Proteobacteria;0,016666319;0,012668219;0,019266585;0;0,011058889;0;0;0;0;0;0,010933476;0,016574769;0,005266983;0,011933649;0,019319938;0,010792567;0,007842138;0;0;0,031391209;0,010957823;0,011684518;0,006534026;0,017682349;0,020164814;0;0,005620251;0;0,007551729;0,010097134;0;0;0,011665889;0;0;0;0;0;0,009596929;0;0;0;0;0;0,004843749;0;0,006493975
Variibacter_Xanthobacteraceae_Rhizobiales_Alphaproteobacteria_Proteobacteria;0;0;0;0;0;0;0;0;0;0;0;0;0;0;0;0;0;0;0;0;0;0;0;0;0;0;0;0;0;0;0;0;0,014582361;0;0;0;0;0;0;0;0;0;0,004904076;0;0;0;0
Variovorax_Comamonadaceae_Burkholderiales_Betaproteobacteria_Proteobacteria;0;0,012668219;0;0,011432491;0;0;0,040959907;0;0,016271904;0,017790429;0,03765975;0,028729599;0,01896114;0,007955766;0,015455951;0,193285061;0,011763207;0,00924148;0;0,028912955;0,013149388;0,019474197;0,018513073;0;0,067216046;0,016010444;0,006744301;0,007540341;0;0,038369111;0,036422373;0;0,01895707;0,013060372;0,013322231;0,022029078;0,0062251;0,228328634;0,044385797;0,043361047;0,013721723;0,020980589;0,015693044;0,013585679;0,030677075;0,027543713;0,043293167
Vitellibacter_Flavobacteriaceae_Flavobacteriales_Flavobacteriia_Bacteroidetes;0;0;0;0;0;0;0;0;0;0;0;0;0;0;0;0;0;0;0;0;0;0;0;0;0;0;0;0;0;0;0;0;0;0;0;0;0;0;0;0;0;0;0;0;0;0;0
Williamsia_Nocardiaceae_Corynebacteriales_Actinobacteria_Actinobacteria;0;0;0;0;0;0;0;0;0;0;0;0;0;0;0;0;0;0;0;0;0;0;0;0;0;0;0;0;0;0;0;0;0;0;0;0;0;0;0,005998081;0;0;0,016639778;0,011769783;0,015675783;0;0;0
Xanthobacter_Xanthobacteraceae_Rhizobiales_Alphaproteobacteria_Proteobacteria;0;0;0;0;0;0;0;0;0;0;0;0;0;0;0;0;0;0;0;0;0;0;0;0;0;0;0;0;0;0;0;0;0;0;0;0;0;0;0;0;0;0;0;0;0;0;0
Xylophilus_Comamonadaceae_Burkholderiales_Betaproteobacteria_Proteobacteria;0;0;0;0;0;0;0;0;0;0;0;0;0;0;0;0;0;0;0;0;0;0;0;0;0;0;0;0;0;0;0;0;0;0;0;0;0;0;0;0;0;0;0;0;0;0;0
Yangia_Rhodobacteraceae_Rhodobacterales_Alphaproteobacteria_Proteobacteria;0,015624674;0,004872392;0;0;0;0;0;0;0;0;0;0;0;0;0;0;0;0;0;0;0;0;0;0;0;0;0;0;0;0;0;0;0;0;0;0;0;0;0;0;0;0;0;0;0;0;0
Youngimonas_Rhodobacteraceae_Rhodobacterales_Alphaproteobacteria_Proteobacteria;0;0;0;0;0;0;0;0;0;0;0;0;0;0;0;0;0;0;0;0;0;0;0;0;0;0;0;0;0;0;0;0;0;0;0;0;0;0;0;0;0;0;0;0;0;0;0
