;X22_S5;X23_S6;X24_S7;X28_S11;X29_S12;X30_S13;X34_S17;X35_S18;X36_S19;X40_S23;X41_S24;X42_S25;X46_S29;X47_S30;X48_S31;X52_S35;X53_S36;X54_S37;X59_S41;X60_S42;X64_S46;X65_S47;X66_S48;X70_S52;X71_S53;X72_S54;X76_S58;X77_S59;X78_S60;X82_S64;X83_S65;X84_S66;X88_S70;X89_S71;X90_S72;X94_S76;X95_S77;X96_S78;X100_S81;X101_S82;X106_S86;X107_S87;X108_S88;X112_S92;X113_S93;X114_S94
____Hydrogenedentes;0;0;0;0;0;0;0;0;0;0;0;0;0;0;0;0;0;0;0;0;0;0;0;0;0;0;0;0;0;0;0;0;0;0;0;0;0;0;0;0;0;0;0;0;0;0
___028H05-P-BN-P5_Planctomycetes;0;0;0;0;0;0;0;0;0;0;0;0;0;0;0;0;0;0;0;0;0;0;0;0;0;0;0;0;0;0;0;0;0;0;0;0;0;0;0;0;0;0;0;0;0;0
___ARKICE-90_Proteobacteria;0,007694281;0;0,011155378;0,050958299;0,025979424;0,023988137;0,019404288;0,013141612;0,013929905;0,010977809;0,05239689;0,013320218;0,041267745;0,018924758;0,059143842;0,015745304;0,017871939;0,04141953;0,014267516;0,018356915;0,02177881;0,009418635;0,007931921;0,01174743;0,009875011;0,012878669;0;0,011901692;0;0,014877631;0,012136764;0;0,057829347;0,013406024;0,02765159;0,037017741;0,032548905;0,009472687;0,044122716;0,050739259;0,027043472;0,03217799;0,056329514;0,006431873;0,073921971;0,01856288
___Elev-16S-509_Proteobacteria;0;0;0;0;0;0;0;0;0;0;0;0;0;0;0;0;0;0;0;0;0;0;0;0;0;0;0;0;0;0;0;0;0;0;0;0;0;0;0;0;0;0;0;0;0;0
___JG30-KF-CM66_Chloroflexi;0;0;0;0;0;0;0;0;0;0;0;0;0;0;0;0;0;0;0;0;0;0;0;0;0;0;0;0;0;0;0;0;0;0;0;0;0;0;0;0;0;0;0;0;0;0
___ML635J-21_Cyanobacteria;0;0;0;0;0;0;0;0;0;0;0;0;0;0;0;0;0;0;0;0;0;0;0;0;0;0;0;0;0;0;0;0;0;0;0;0;0;0;0;0;0;0;0;0;0;0
___OM190_Planctomycetes;0;0;0,012749;0;0;0;0;0;0;0;0;0;0;0;0;0;0;0;0;0;0;0;0;0;0;0;0;0;0;0;0;0;0;0;0;0;0;0;0;0;0;0;0;0;0;0
___SPOTSOCT00m83_Proteobacteria;0;0;0;0;0;0;0;0;0;0;0;0;0;0;0;0;0;0;0;0;0;0;0;0;0;0;0;0;0;0;0;0;0;0;0;0;0;0;0;0;0;0;0;0;0;0
___TA18_Proteobacteria;0;0;0;0;0;0;0;0;0;0;0;0;0;0;0;0;0;0;0;0;0;0;0;0;0;0;0;0;0;0;0;0;0;0;0;0;0;0;0;0;0;0;0;0;0;0
__42095_Bacilli_Firmicutes;0;0;0;0;0;0;0;0;0;0;0;0;0;0;0;0;0;0;0;0;0;0;0;0;0;0;0;0;0;0;0;0;0;0;0;0;0;0;0;0;0;0;0;0;0;0
__B38_Gammaproteobacteria_Proteobacteria;0;0;0;0;0;0;0;0;0;0;0;0;0;0;0;0;0;0;0;0;0;0;0;0;0;0;0;0;0;0;0;0;0;0;0;0;0;0;0;0;0;0;0;0;0;0
__E6aD10_Alphaproteobacteria_Proteobacteria;0;0;0;0;0;0;0;0;0;0;0;0;0;0;0;0;0;0;0;0;0;0;0;0;0;0;0;0;0;0;0;0;0;0;0;0;0;0;0;0;0;0;0;0;0;0
__Hot-Creek-32_Betaproteobacteria_Proteobacteria;0;0;0;0;0;0,07196441;0,186496771;0;0;0,492433153;0,781676059;0,657813845;0;0,320143828;0;0;0,307072414;0;0,005095541;0,30077099;0,006222517;0,740540159;0,363735255;0,005873715;0;0;0;0,731954059;0,010574625;0;0;0,007024642;0,956982427;0;0,925669893;0;0;0,558888538;1,691830403;1,886792453;0;0,862676596;0;0,011026067;0,622176591;0,01060736
__oca12_Betaproteobacteria_Proteobacteria;0,010259041;0;0,009561753;0;0;0;0;0;0;0;0;0;0;0;0;0;0;0;0;0;0;0;0;0;0;0;0;0;0;0;0;0;0;0;0;0;0;0;0;0;0;0;0;0;0;0
__OCS116-clade_Alphaproteobacteria_Proteobacteria;0;0;0;0;0;0;0;0;0;0;0;0;0;0;0;0;0;0;0;0;0;0;0;0;0;0;0;0;0;0;0;0;0;0;0;0;0;0;0;0;0;0;0;0;0;0
_AKIW852_Sphingomonadales_Alphaproteobacteria_Proteobacteria;0;0;0;0;0;0;0;0;0;0;0;0;0;0;0;0;0;0;0;0;0;0;0;0;0;0;0;0;0;0;0;0;0;0;0;0;0;0;0;0;0;0;0;0;0;0
_alphaI-cluster_Rhizobiales_Alphaproteobacteria_Proteobacteria;0;0;0;0;0;0;0;0;0;0;0;0;0;0;0;0;0;0;0;0;0;0;0;0;0;0;0;0;0;0;0;0;0;0;0;0;0;0;0;0;0;0;0;0;0;0
_AT-s3-44_Rhodospirillales_Alphaproteobacteria_Proteobacteria;0;0;0;0;0;0;0;0;0;0;0;0;0;0;0;0;0;0;0;0;0;0;0;0;0;0;0;0;0;0;0;0;0;0;0;0;0;0;0;0;0;0;0;0;0;0
_BIgi5_Order-III_Cytophagia_Bacteroidetes;0;0;0;0;0;0;0;0;0;0;0;0;0;0;0;0;0;0;0;0;0;0;0;0;0;0;0;0;0;0;0;0;0;0;0;0;0;0;0;0;0;0;0;0;0;0
_Blfdi19_Myxococcales_Deltaproteobacteria_Proteobacteria;0;0;0;0;0;0;0;0;0;0;0;0;0;0;0;0;0;0;0;0;0;0;0;0;0;0;0;0;0;0;0;0;0;0;0;0;0;0;0;0;0;0;0;0;0;0
_C2U_Rhizobiales_Alphaproteobacteria_Proteobacteria;0;0;0;0;0;0;0;0;0;0;0;0;0;0;0;0;0;0;0;0;0;0;0;0;0;0;0;0;0;0;0;0;0;0;0;0;0;0;0;0;0;0;0;0;0;0
_Comamonadaceae_Burkholderiales_Betaproteobacteria_Proteobacteria;0;0;0;0;0;0;0;0;0;0;0;0;0;0;0;0;0;0;0;0;0;0;0;0;0;0;0;0;0;0;0;0;0;0;0;0;0;0;0;0;0;0;0;0;0;0
_ctg-CGOF202_Sphingomonadales_Alphaproteobacteria_Proteobacteria;0;0;0;0;0;0;0;0;0;0;0;0;0;0;0;0;0;0;0;0;0;0;0;0;0;0;0;0;0;0;0;0;0;0;0;0;0;0;0;0;0;0;0;0;0;0
_D05-2_Rhizobiales_Alphaproteobacteria_Proteobacteria;0;0;0;0;0;0;0;0;0;0;0;0;0;0;0;0;0;0;0;0;0;0;0;0;0;0;0;0;0;0;0;0;0;0;0;0;0;0;0;0;0;0;0;0;0;0
_DA111_Rhodospirillales_Alphaproteobacteria_Proteobacteria;0;0;0;0;0;0;0;0;0;0;0;0;0;0;0;0;0;0;0;0;0;0;0;0;0;0;0;0;0;0;0;0;0;0;0;0;0;0;0;0;0;0;0;0;0;0
_DEV007_Verrucomicrobiales_Verrucomicrobiae_Verrucomicrobia;0;0;0;0;0;0;0;0;0;0;0;0;0;0;0;0;0;0;0;0;0;0;0;0;0;0;0;0;0;0;0;0;0;0;0;0;0;0;0;0;0;0;0;0;0;0
_DSSF69_Sphingomonadales_Alphaproteobacteria_Proteobacteria;0;0;0;0;0;0;0;0;0;0;0;0;0;0;0;0;0;0;0;0;0;0;0;0;0;0;0;0;0;0;0;0;0;0;0;0;0;0;0;0;0;0;0;0;0;0
_GR-WP33-58_Desulfuromonadales_Deltaproteobacteria_Proteobacteria;0;0;0;0;0;0;0;0;0;0;0;0;0;0;0;0;0;0;0;0;0;0;0;0;0;0;0;0;0;0;0;0;0;0;0;0;0;0;0;0;0;0;0;0;0;0
_JG34-KF-161_Sphingomonadales_Alphaproteobacteria_Proteobacteria;0;0;0;0;0;0;0;0;0;0;0;0;0;0;0;0;0;0;0;0;0;0;0;0;0;0;0;0;0;0;0;0;0;0;0;0;0;0;0;0;0;0;0;0;0;0
_JG34-KF-361_Rhizobiales_Alphaproteobacteria_Proteobacteria;0;0;0;0;0;0;0;0;0;0;0;0;0;0;0;0;0;0;0;0;0;0;0;0;0;0;0;0;0;0;0;0;0;0;0;0;0;0;0;0;0;0;0;0;0;0
_MND8_Rhodospirillales_Alphaproteobacteria_Proteobacteria;0;0;0;0;0;0;0;0;0;0;0;0;0;0;0;0;0;0;0;0;0;0;0;0;0;0;0;0;0;0;0;0;0;0;0;0;0;0;0;0;0;0;0;0;0;0
_MNG7_Rhizobiales_Alphaproteobacteria_Proteobacteria;0;0;0;0;0;0;0;0;0;0;0;0;0;0;0;0;0;0;0;0;0;0;0;0;0;0;0;0;0;0;0;0;0;0;0;0;0;0;0;0;0;0;0;0;0;0
_NS11-12-marine-group_Sphingobacteriales_Sphingobacteriia_Bacteroidetes;0,811746602;0,927554415;0,879681275;0;0,015587655;0;0;0,008761075;0;0,014114326;0,006415946;0;0;0,012616506;0,020394428;0,022043426;0;0,011597468;0,019363057;0,008472422;0;0;0,007931921;0,007048458;0,011285726;0;0,024484514;0,017852538;0,0169194;0,019836842;0,038144115;0,009834499;0,037309256;0,01638514;0,023701363;0,015081302;0,011392117;0,023681718;0,055153395;0,020059707;0,0794402;0,042903987;0,050833952;0,133231648;0,127310062;0,128172264
_NS7-marine-group_Flavobacteriales_Flavobacteriia_Bacteroidetes;0;0;0;0;0;0;0;0;0;0;0;0;0;0;0;0;0;0;0;0;0;0;0;0;0;0;0;0;0;0;0;0;0;0;0;0;0;0;0;0;0;0;0;0;0;0
_NS9-marine-group_Flavobacteriales_Flavobacteriia_Bacteroidetes;0;0;0;0;0;0;0;0;0;0;0;0;0;0;0;0;0;0;0;0;0;0;0;0;0;0;0;0;0;0;0;0;0;0;0;0;0;0;0;0;0;0;0;0;0;0
_OPB56_Chlorobiales_Chlorobia_Chlorobi;0,026929982;0,033607044;0,033466135;0;0;0;0;0;0;0;0;0;0;0;0;0;0;0;0;0;0;0;0;0;0;0;0;0;0;0;0;0;0;0;0;0;0;0;0;0;0;0;0;0;0;0
_Phyllobacteriaceae_Rhizobiales_Alphaproteobacteria_Proteobacteria;0;0;0;0;0;0;0;0;0;0;0;0;0;0;0;0;0;0;0;0;0;0;0;0;0;0;0;0;0;0;0;0;0;0;0;0;0;0;0;0;0;0;0;0;0;0
_Rhodobacteraceae_Rhodobacterales_Alphaproteobacteria_Proteobacteria;0,116696589;0,017923757;0;0;0;0;0;0;0,018108876;0;0;0;0;0;0;0;0;0;0;0;0;0;0;0;0;0;0;0;0;0;0,020805881;0;0;0;0;0,006855137;0;0;0;0;0;0,022984279;0,009617234;0,011944906;0;0,012375253
_Rhodobiaceae_Rhizobiales_Alphaproteobacteria_Proteobacteria;0;0;0;0;0;0;0;0;0;0;0;0;0;0;0;0;0;0;0;0;0;0;0;0;0;0;0;0;0;0;0;0;0;0;0;0;0;0;0;0;0;0;0;0;0;0
_Rhodospirillaceae_Rhodospirillales_Alphaproteobacteria_Proteobacteria;0;0;0;0;0;0;0;0;0;0;0;0;0;0;0;0;0;0;0;0;0;0;0;0;0;0;0;0;0;0;0;0;0;0;0;0;0;0;0;0;0;0;0;0;0;0
_SAR116-clade_Rickettsiales_Alphaproteobacteria_Proteobacteria;0;0;0;0;0;0;0;0;0;0;0;0;0;0;0;0;0;0;0;0;0;0;0;0;0;0;0;0;0;0;0;0;0;0;0;0;0;0;0;0;0;0;0;0;0;0
_SHWN-night2_Rickettsiales_Alphaproteobacteria_Proteobacteria;0,020518082;0,032486809;0,019123506;0;0;0;0;0;0;0;0;0;0;0;0;0;0;0;0;0;0;0;0;0;0;0;0;0;0;0;0;0;0;0;0;0;0;0;0;0;0;0;0;0;0;0
_Sphingomonadaceae_Sphingomonadales_Alphaproteobacteria_Proteobacteria;0;0;0;0;0;0;0;0;0;0;0;0;0;0;0;0;0;0;0;0;0;0;0;0;0;0;0;0;0;0;0;0;0;0;0;0;0;0;0;0;0;0;0;0;0;0
_T9d_Rickettsiales_Alphaproteobacteria_Proteobacteria;0;0;0;0;0;0;0;0;0;0;0;0;0;0;0;0;0;0;0;0;0;0;0;0;0;0;0;0;0;0;0;0;0;0;0;0;0;0;0;0;0;0;0;0;0;0
_TM146_Solirubrobacterales_Thermoleophilia_Actinobacteria;0;0;0;0;0;0;0;0;0;0;0;0;0;0;0;0;0;0;0;0;0;0;0;0;0;0;0;0;0;0;0;0;0;0;0;0;0;0;0;0;0;0;0;0;0;0
_uncultured_Gaiellales_Thermoleophilia_Actinobacteria;0,052577584;0,043689157;0,068525896;0;0,025979424;0,021807397;0,012936192;0;0,023680838;0,014114326;0,018178513;0,022541907;0;0,011039442;0,020394428;0,022043426;0,012997774;0,011597468;0,010191083;0,016944845;0,009333776;0;0,026062028;0,010572687;0;0;0,012242257;0,011901692;0;0,029755263;0,036410292;0,073056281;0;0;0,015800909;0;0,008137226;0;0,026197863;0,007079897;0,010141302;0;0;0;0;0,004419733
_uncultured_Rhizobiales_Alphaproteobacteria_Proteobacteria;0;0;0;0;0;0;0;0;0;0;0;0;0;0;0;0;0;0;0;0;0;0;0;0;0;0;0;0;0;0;0;0;0;0;0;0;0;0;0;0;0;0;0;0;0;0
_uncultured_Sphingomonadales_Alphaproteobacteria_Proteobacteria;0;0;0;0;0;0;0;0;0;0;0;0;0;0;0;0;0;0;0;0;0;0;0;0;0;0;0;0;0;0;0;0;0;0;0;0;0;0;0;0;0;0;0;0;0;0
_Verrucomicrobiaceae_Verrucomicrobiales_Verrucomicrobiae_Verrucomicrobia;0;0;0;0;0;0;0;0;0;0;0;0;0;0;0;0;0;0;0;0;0;0;0;0;0;0;0;0;0;0;0;0;0;0;0;0;0;0;0;0;0;0;0;0;0;0
_WCHB1-69_Sphingobacteriales_Sphingobacteriia_Bacteroidetes;0;0;0;0;0;0;0;0;0;0;0;0;0;0;0;0;0;0;0;0;0;0;0;0;0;0;0;0;0;0;0;0;0;0;0;0;0;0;0;0;0;0;0;0;0;0
_WW2-159_Sphingomonadales_Alphaproteobacteria_Proteobacteria;0;0;0;0;0;0;0;0;0;0;0;0;0;0;0;0;0;0;0;0;0;0;0;0;0;0;0;0;0;0;0;0;0;0;0;0;0;0;0;0;0;0;0;0;0;0
_Xanthobacteraceae_Rhizobiales_Alphaproteobacteria_Proteobacteria;0;0;0;0;0;0;0;0;0;0;0;0;0;0;0;0;0;0;0;0;0;0;0;0;0;0;0;0;0;0;0;0;0;0;0;0;0;0;0;0;0;0;0;0;0;0
Achromobacter_Alcaligenaceae_Burkholderiales_Betaproteobacteria_Proteobacteria;0,025647602;0,013442818;0,035059761;0,036803216;0,057154733;0,052337753;0,074383105;0,084325343;0,073828495;0,042342978;0,049188918;0,044059183;0,037140971;0,055197212;0,059143842;0,028341547;0,043867488;0,011597468;0,040764331;0,042362111;0,022815896;0,028255904;0,016996975;0,030543319;0,039500042;0,021464448;0,031480089;0,079344613;0,044413426;0,0471125;0,031208822;0,032313355;0,027981942;0,034259839;0,032918559;0,027420549;0,027666569;0,033154405;0,042743881;0,020059707;0,030423906;0,041371702;0,026103921;0,030321686;0,049281314;0,038893652
Acidovorax_Comamonadaceae_Burkholderiales_Betaproteobacteria_Proteobacteria;0;0,011202348;0;0,014155083;0;0;0;0,005475672;0;0,025092135;0,016039864;0,012295586;0;0,007885316;0,010197214;0;0,008123609;0;0,011210191;0,011296563;0,006222517;0;0;0,012922173;0;0;0;0;0;0;0;0,008429571;0,01305824;0,019364257;0,007900454;0,008226165;0,008137226;0,022102937;0,006894174;0,01297981;0,013521736;0,013790567;0,027477812;0,021133296;0,016427105;0,021214719
Acinetobacter_Moraxellaceae_Pseudomonadales_Gammaproteobacteria_Proteobacteria;0,021800462;0,036967748;0,009561753;0;0;0;0;0;0;0;0;0;0;0;0;0;0;0;0;0;0;0;0;0,007048458;0;0,012878669;0;0;0;0;0;0;0;0;0;0;0,016274452;0,012630249;0,006894174;0,005899914;0;0;0;0;0;0,004419733
Actibacterium_Rhodobacteraceae_Rhodobacterales_Alphaproteobacteria_Proteobacteria;0;0;0;0;0;0;0;0;0;0;0;0;0;0;0;0;0;0;0;0;0;0;0;0;0;0;0;0;0;0;0;0;0;0;0;0;0;0;0;0;0;0;0;0;0;0
Aequorivita_Flavobacteriaceae_Flavobacteriales_Flavobacteriia_Bacteroidetes;0;0,005601174;0;0,014155083;0;0;0;0;0,043182705;0;0,00748527;0,006147793;0,010316936;0;0;0;0,012997774;0;0,005095541;0;0;0;0;0;0;0;0;0;0;0;0,024273528;0,063221782;0;0;0,013167424;0;0;0;0,038607377;0;0;0;0;0;0;0
Aeromicrobium_Nocardioidaceae_Propionibacteriales_Actinobacteria_Actinobacteria;0;0;0;0;0;0;0;0;0;0;0;0;0;0;0;0;0;0;0;0;0;0;0;0;0;0;0;0;0;0;0;0;0;0;0;0;0;0;0;0;0;0;0;0;0;0
Aeromonas_Aeromonadaceae_Aeromonadales_Gammaproteobacteria_Proteobacteria;0,066683765;0,066093853;0,039840637;0,036803216;0,018185597;0,019626657;0,020482304;0,016427015;0,032038781;0,028228652;0,012831892;0,024591172;0,012380324;0,007885316;0,016315543;0,011021713;0,016247218;0,011597468;0,013248408;0,011296563;0,012445034;0,009418635;0,01359758;0,016446402;0,01692859;0,008585779;0;0;0;0;0,015604411;0,016859142;0;0,008937349;0,006583712;0;0;0,064730028;0,013788349;0,010619845;0;0,015322853;0,013738906;0,006431873;0;0,01591104
Aestuariivita_Rhodobacteraceae_Rhodobacterales_Alphaproteobacteria_Proteobacteria;0;0;0;0;0;0;0;0;0;0;0;0;0;0;0;0;0;0;0;0;0;0;0;0;0;0;0;0;0;0;0;0;0;0;0;0;0;0;0;0;0;0;0;0;0;0
Afifella_Rhodobiaceae_Rhizobiales_Alphaproteobacteria_Proteobacteria;0;0;0;0;0;0;0;0;0;0;0;0;0;0;0;0;0;0;0;0;0;0;0;0;0;0;0;0;0;0;0;0;0;0;0;0;0;0;0;0;0;0;0;0;0;0
Afipia_Bradyrhizobiaceae_Rhizobiales_Alphaproteobacteria_Proteobacteria;0;0;0;0;0;0;0;0;0;0;0;0;0;0;0;0;0;0;0;0;0;0;0;0;0;0;0,019237832;0;0;0;0;0;0;0;0;0;0;0;0;0;0;0;0;0;0;0
Agrococcus_Microbacteriaceae_Micrococcales_Actinobacteria_Actinobacteria;0;0;0;0;0;0;0;0;0;0;0;0;0;0;0;0;0;0;0;0;0;0;0;0;0;0;0;0;0;0;0;0;0;0;0;0;0;0;0;0;0;0;0;0;0;0
Ahrensia_Phyllobacteriaceae_Rhizobiales_Alphaproteobacteria_Proteobacteria;0,701461913;0,696786046;0,632669323;0,104747615;0,072742388;0,07196441;0,115347714;0,108418298;0,306457904;0,125460676;0,133665537;0,072748883;0,096979201;0,064659591;0,130524341;0,064555746;0,092609141;0,087809404;0,052993631;0,043774182;0,029038414;0,032965222;0,031727686;0,034067548;0,045142906;0,030050227;0,017488938;0,015868923;0,040183575;0,074388157;0,053748526;0,160161848;0,050367496;0,07447791;0,094805451;0,049356988;0,065097809;0,055257341;0,079972423;0,061359104;0,067608681;0,06129141;0,050833952;0,08820854;0,102669405;0,099002024
Albidiferax_Comamonadaceae_Burkholderiales_Betaproteobacteria_Proteobacteria;0;0;0;0;0;0;0;0;0;0;0;0;0;0;0;0,009447182;0;0;0;0;0;0;0;0;0;0;0;0;0;0;0;0;0;0;0;0;0;0;0,008273009;0;0;0;0;0;0;0
Algoriphagus_Cyclobacteriaceae_Cytophagales_Cytophagia_Bacteroidetes;0,048730444;0,061612914;0,046215139;0;0;0;0;0;0,009750933;0;0;0,007172425;0;0;0;0;0;0;0;0;0;0;0;0;0;0;0;0;0;0;0;0;0;0;0;0;0;0;0;0;0;0;0;0;0;0
Aliihoeflea_Phyllobacteriaceae_Rhizobiales_Alphaproteobacteria_Proteobacteria;0;0;0;0;0;0;0;0;0;0;0;0;0;0;0;0;0;0;0;0;0;0;0;0;0;0;0;0;0;0;0;0;0;0;0;0;0;0;0;0;0;0;0;0;0;0
Alkanindiges_Moraxellaceae_Pseudomonadales_Gammaproteobacteria_Proteobacteria;0;0;0;0;0;0;0;0;0;0;0;0;0;0;0;0;0;0;0;0;0;0;0;0;0;0;0;0;0;0;0;0;0;0;0;0;0;0;0;0;0;0;0;0;0;0
Altererythrobacter_Erythrobacteraceae_Sphingomonadales_Alphaproteobacteria_Proteobacteria;0;0;0;0;0;0;0;0;0;0;0;0;0;0;0;0;0;0;0;0;0;0;0;0;0;0;0;0;0;0;0;0;0;0;0;0;0;0;0;0;0;0;0;0;0;0
Alteromonas_Alteromonadaceae_Alteromonadales_Gammaproteobacteria_Proteobacteria;0;0;0;0;0;0;0;0;0;0;0;0;0;0;0;0;0;0;0;0;0;0;0;0;0;0;0;0;0;0;0;0;0;0;0;0;0;0;0;0;0;0;0;0;0;0
Aminobacter_Phyllobacteriaceae_Rhizobiales_Alphaproteobacteria_Proteobacteria;0;0;0;0;0;0;0;0;0;0;0;0;0;0;0;0;0;0;0;0;0;0;0;0;0;0;0;0;0;0;0;0;0;0;0;0,024678494;0,009764671;0;0;0;0;0;0;0;0;0
Amorphus_Caulobacteraceae_Caulobacterales_Alphaproteobacteria_Proteobacteria;0;0;0;0;0;0;0;0;0;0;0;0;0;0;0;0;0;0;0;0;0;0;0;0;0;0;0;0;0;0;0;0;0;0;0;0;0;0;0;0;0;0;0;0;0;0
Ancylobacter_Xanthobacteraceae_Rhizobiales_Alphaproteobacteria_Proteobacteria;0;0;0;0;0;0;0;0;0;0;0;0;0;0;0;0;0;0;0;0;0;0;0;0;0;0;0;0;0;0;0;0;0;0;0;0;0;0;0;0;0;0;0;0;0;0
Antarctobacter_Rhodobacteraceae_Rhodobacterales_Alphaproteobacteria_Proteobacteria;0;0;0;0;0;0;0;0;0;0;0;0;0;0;0;0;0;0;0;0;0;0;0;0;0;0;0;0;0;0;0;0;0;0;0;0;0;0;0;0;0;0;0;0;0;0
Aquabacterium_Comamonadaceae_Burkholderiales_Betaproteobacteria_Proteobacteria;0,026929982;0,024645166;0,025498008;0;0;0;0;0;0;0;0;0;0;0;0;0;0;0;0;0;0;0;0;0;0;0;0;0;0;0;0;0;0;0;0;0;0;0;0;0;0;0;0;0;0;0
Aquamicrobium_Phyllobacteriaceae_Rhizobiales_Alphaproteobacteria_Proteobacteria;0;0;0;0;0;0;0;0;0;0;0;0;0;0;0;0;0;0;0;0;0;0;0;0;0;0;0;0;0;0;0,010402941;0;0;0;0;0;0;0;0;0;0;0;0;0;0;0
Aquimonas_Xanthomonadaceae_Xanthomonadales_Gammaproteobacteria_Proteobacteria;0;0;0;0;0;0;0;0;0;0;0;0;0;0;0;0;0;0;0;0;0;0;0;0;0;0;0;0;0;0;0;0;0;0;0;0;0;0;0;0;0;0;0;0;0;0
Arcobacter_Campylobacteraceae_Campylobacterales_Epsilonproteobacteria_Proteobacteria;0,074378046;0,090739019;0,057370518;0;0;0;0;0,005475672;0;0,007841292;0;0,005123161;0;0;0;0;0;0;0;0;0,010370862;0;0;0;0;0;0;0;0;0;0;0;0;0;0;0;0,009764671;0;0;0;0,008451085;0;0;0;0;0
Arenibacter_Flavobacteriaceae_Flavobacteriales_Flavobacteriia_Bacteroidetes;0,007694281;0;0;0;0;0;0;0;0;0;0;0;0;0;0;0;0;0;0;0;0;0;0;0;0;0;0;0;0;0;0;0;0;0;0;0;0;0;0;0;0;0;0;0;0;0
Arthrobacter_Micrococcaceae_Micrococcales_Actinobacteria_Actinobacteria;0,029494742;0,048170096;0,025498008;0;0;0;0;0,012046478;0,006964952;0;0,005346621;0;0;0,012616506;0;0,007872652;0;0;0;0;0;0;0;0;0;0;0;0,009918077;0;0;0;0,007024642;0;0;0;0;0;0;0;0;0;0;0;0;0;0
Aureimonas_Aurantimonadaceae_Rhizobiales_Alphaproteobacteria_Proteobacteria;0;0;0;0;0;0;0,023716352;0,03285403;0,022287848;0;0,012831892;0,006147793;0;0,007885316;0;0,025192486;0;0;0;0,008472422;0;0;0;0;0;0;0;0;0;0;0;0;0;0;0;0;0;0;0;0;0;0;0;0;0;0,00530368
Azoarcus_Rhodocyclaceae_Rhodocyclales_Betaproteobacteria_Proteobacteria;0;0;0;0;0;0;0,00539008;0;0;0;0;0;0;0;0;0;0;0;0;0;0;0;0;0;0;0;0;0;0;0;0;0;0;0;0;0;0;0;0;0;0;0;0;0;0;0
Bacillus_Bacillaceae_Bacillales_Bacilli_Firmicutes;0;0;0;0;0;0;0;0;0;0;0;0;0;0;0;0;0;0;0;0;0,006222517;0;0;0;0;0;0;0;0;0;0;0;0;0;0;0;0;0;0;0;0;0;0;0;0;0
Bacteriovorax_Bacteriovoracaceae_Bdellovibrionales_Deltaproteobacteria_Proteobacteria;0;0;0;0;0;0;0;0;0;0;0;0;0;0;0;0;0;0;0;0;0;0;0;0;0;0;0;0;0;0;0;0;0;0;0;0;0;0;0;0;0;0;0;0;0;0
BAL58-marine-group_Comamonadaceae_Burkholderiales_Betaproteobacteria_Proteobacteria;0,878430367;1,066463531;0,935458167;0,065113382;0,109113582;0,091591068;0,033418497;0,03285403;0,048754667;0,059593821;0,04491162;0,061477929;0,037140971;0,041003643;0,030591642;0,050384973;0,022746105;0,034792405;0,027515924;0,032477619;0,023852983;0,023546587;0,030594554;0,021145374;0,023982169;0,020033485;0,02273562;0,017852538;0;0,014877631;0;0,016859142;0;0,008937349;0,009217197;0;0,024411679;0,011051468;0,020682523;0,010619845;0;0,010725997;0,010991125;0,007350712;0;0,014143146
Balneola_Unknown-Family_Order-III_Cytophagia_Bacteroidetes;0;0;0;0;0;0;0;0;0;0;0;0;0;0;0;0;0;0;0;0;0;0;0;0;0;0;0;0;0;0;0;0;0;0;0;0;0;0;0;0;0;0;0;0;0;0
Bartonella_Bartonellaceae_Rhizobiales_Alphaproteobacteria_Proteobacteria;0;0;0;0;0;0;0;0;0;0;0;0;0;0;0;0;0;0;0;0;0;0;0;0;0;0;0;0;0;0;0;0;0;0;0;0;0;0;0;0;0;0;0;0;0;0
Bauldia_Rhizobiales-Incertae-Sedis_Rhizobiales_Alphaproteobacteria_Proteobacteria;0;0;0;0;0;0;0;0;0;0;0;0;0;0;0;0;0;0;0;0;0;0;0;0;0;0;0;0;0;0;0;0;0;0;0;0;0;0;0;0;0;0;0;0;0;0
BD1-7-clade_Spongiibacteraceae_Cellvibrionales_Gammaproteobacteria_Proteobacteria;0;0;0;0;0;0;0;0;0;0;0;0;0;0;0;0;0;0;0;0;0;0;0;0;0;0;0;0;0;0;0;0;0;0;0;0;0;0;0;0;0;0;0;0;0;0
Blastomonas_Sphingomonadaceae_Sphingomonadales_Alphaproteobacteria_Proteobacteria;3,9376137;0,3347012;0,3909619;16,1272531;2,1147694;2,6940663;20,9913154;7,0965795;8,0481421;16,2899148;2,3947307;2,7984217;16,151941;3,9575768;3,3023703;23,0744942;4,1819527;3,8099725;23,8109041;5,6366879;24,2053225;6,1302165;5,0319056;23,7742728;9,1982379;11,4112801;28,2815118;13,6028962;13,9606847;25,1055613;11,0689578;10,9577641;20,0799009;9,6276536;10,724819;17,8790714;8,7828018;9,5042802;10,0770539;18,237849;20,8048666;12,5194375;13,8978272;15,4428352;17,5240965;15,0205339
Blastopirellula_Planctomycetaceae_Planctomycetales_Planctomycetacia_Planctomycetes;0;0;0;0;0;0;0;0;0;0;0;0;0;0;0;0;0;0;0;0;0;0;0;0;0;0;0;0;0;0;0;0;0;0;0;0;0;0;0;0;0;0;0;0;0;0
Bosea_Bradyrhizobiaceae_Rhizobiales_Alphaproteobacteria_Proteobacteria;0;0;0;0;0;0;0;0;0;0;0;0;0;0;0;0;0;0;0;0;0;0;0;0;0;0;0;0;0;0;0;0;0;0;0;0;0;0;0;0;0;0;0;0;0;0
Boseongicola_Rhodobacteraceae_Rhodobacterales_Alphaproteobacteria_Proteobacteria;0;0,005601174;0;0;0;0;0,00539008;0;0,016715886;0;0;0;0;0;0;0;0;0;0;0;0;0,005886647;0,010198185;0,012922173;0,015517874;0,011447705;0,03672677;0;0,014804475;0;0;0,015454213;0,020520091;0,010426907;0;0;0,009764671;0,022102937;0;0,027139604;0,01690217;0;0;0,028484008;0,024640657;0,035357866
Bradyrhizobium_Bradyrhizobiaceae_Rhizobiales_Alphaproteobacteria_Proteobacteria;0,029494742;0,024645166;0,01752988;0,014155083;0,033773252;0,015265178;0,017248256;0,029568627;0,037610743;0,021955618;0,026733107;0,042009918;0,014443711;0,012616506;0,020394428;0,023617956;0,009748331;0,01325425;0,026496815;0,029653478;0,016593379;0,010595964;0,021529501;0,016446402;0,019750021;0,008585779;0;0;0,027494025;0,012398026;0,046813233;0,009834499;0,016789165;0,007447791;0,010533939;0;0,011392117;0,015787812;0,022061358;0,044839345;0,01690217;0;0,028851702;0,014701423;0,012320329;0,011491306
Brevundimonas_Caulobacteraceae_Caulobacterales_Alphaproteobacteria_Proteobacteria;0,038471403;0,039208218;0,036653386;0;0;0;0;0,013141612;0;0;0;0,007172425;0;0;0;0;0,008123609;0;0,011210191;0,009884493;0,005185431;0;0;0,009397944;0;0,011447705;0,010493363;0,017852538;0;0,037194079;0;0,014049285;0;0,008937349;0,009217197;0;0;0,009472687;0,008273009;0,017699742;0;0,010725997;0;0,012863745;0;0,01060736
Brucella_Brucellaceae_Rhizobiales_Alphaproteobacteria_Proteobacteria;0;0;0;0;0;0;0;0;0;0;0;0;0;0;0;0;0;0;0;0;0;0;0;0;0;0;0;0;0;0;0;0;0;0;0;0;0;0;0;0;0;0;0;0;0;0
Burkholderia_Burkholderiaceae_Burkholderiales_Betaproteobacteria_Proteobacteria;0;0;0;0;0;0;0;0;0;0;0;0;0;0;0;0;0;0;0;0;0;0;0;0;0;0;0;0;0;0;0;0;0;0;0;0;0;0;0;0;0;0;0;0;0;0
Caenimonas_Comamonadaceae_Burkholderiales_Betaproteobacteria_Proteobacteria;0;0;0;0;0;0;0;0;0;0;0;0;0;0;0;0;0;0;0;0;0;0;0;0;0;0;0;0;0;0;0;0;0;0;0;0;0;0;0;0;0;0;0;0;0;0
Candidatus-Aquiluna_Microbacteriaceae_Micrococcales_Actinobacteria_Actinobacteria;0,0064119;0,010082113;0,015936255;0;0;0;0;0;0;0;0;0;0;0;0;0;0;0;0;0;0;0;0;0;0;0;0;0;0;0;0;0;0;0;0;0;0;0;0;0;0;0;0;0;0;0
Caulobacter_Caulobacteraceae_Caulobacterales_Alphaproteobacteria_Proteobacteria;0,144908951;0,163554281;0,116334661;0;0;0;0,075461121;0,085420477;0,374714437;0,078412922;0,049188918;0,045083815;0,028887422;0,041003643;0,026512757;0,074002929;0,056865262;0,036449187;0,042802548;0,029653478;0,053928483;0,052979821;0,041925871;0,017621145;0,066303642;0,028619264;0,15565155;0,251919148;0,205147728;0,091745394;0,157777932;0,283795555;0,08581129;0,125122889;0,214629008;0,052099043;0,073235036;0,094726871;0,245432609;0,041299397;0,120005409;0,121050535;0,197840244;0,115773708;0,149897331;0,159110396
CB31G03_Microbacteriaceae_Micrococcales_Actinobacteria_Actinobacteria;0;0;0;0;0;0;0;0;0;0;0;0;0;0;0;0;0;0;0;0;0;0;0;0;0;0;0;0;0;0;0;0;0;0;0;0;0;0;0;0;0;0;0;0;0;0
Celeribacter_Rhodobacteraceae_Rhodobacterales_Alphaproteobacteria_Proteobacteria;0;0;0;0;0;0;0;0;0;0;0;0;0;0;0;0;0;0;0;0;0;0;0;0;0;0;0;0;0;0;0;0;0;0;0;0;0;0;0;0;0;0;0;0;0;0
Chelativorans_Phyllobacteriaceae_Rhizobiales_Alphaproteobacteria_Proteobacteria;0;0;0;0;0;0;0;0;0;0;0;0;0;0;0;0;0;0;0;0;0;0;0;0;0;0;0;0;0;0;0;0;0;0;0;0;0;0;0;0;0;0;0;0;0;0
Chlorochromatium_Comamonadaceae_Burkholderiales_Betaproteobacteria_Proteobacteria;0;0;0;0;0;0;0;0;0;0;0;0;0;0;0;0;0;0;0;0;0;0;0;0;0;0;0;0;0;0;0;0;0;0;0;0;0;0;0;0;0;0,007661426;0,006869453;0,053292659;0,014373717;0,065412052
Christensenellaceae-R-7-group_Christensenellaceae_Clostridiales_Clostridia_Firmicutes;0;0;0;0;0;0;0;0;0;0;0;0;0;0;0;0;0;0;0;0;0;0;0;0;0;0;0;0;0;0;0;0;0;0;0;0;0;0;0;0;0;0;0;0;0;0
Citreicella_Rhodobacteraceae_Rhodobacterales_Alphaproteobacteria_Proteobacteria;0;0;0;0;0;0;0;0;0;0;0;0;0;0;0;0;0;0;0;0;0;0;0;0;0;0;0;0;0;0;0;0;0;0;0;0;0;0;0;0;0;0;0;0;0;0
Cloacibacterium_Flavobacteriaceae_Flavobacteriales_Flavobacteriia_Bacteroidetes;0;0;0;0;0;0;0;0;0;0;0;0;0;0;0;0;0;0;0;0;0;0;0;0;0;0;0;0;0;0;0;0;0;0;0;0;0;0;0;0;0;0;0;0;0;0
Clostridium-sensu-stricto-13_Clostridiaceae-1_Clostridiales_Clostridia_Firmicutes;0;0;0;0;0;0;0;0;0;0;0;0;0;0;0;0;0;0;0;0;0;0;0;0;0;0;0;0;0;0;0;0;0;0;0;0;0;0;0;0;0;0;0;0;0;0
Cobetia_Halomonadaceae_Oceanospirillales_Gammaproteobacteria_Proteobacteria;0;0;0;0;0;0;0;0;0;0;0;0,005123161;0;0;0,012236657;0;0;0;0;0;0;0;0;0;0;0;0;0;0;0;0;0;0;0;0;0;0;0;0;0;0;0;0;0;0;0
Cohaesibacter_Phyllobacteriaceae_Rhizobiales_Alphaproteobacteria_Proteobacteria;0;0;0;0;0;0;0;0;0;0;0;0;0;0;0;0;0;0;0;0;0;0;0;0;0;0;0;0;0;0;0;0;0;0;0;0;0;0;0;0;0;0;0;0;0;0
Colwellia_Colwelliaceae_Alteromonadales_Gammaproteobacteria_Proteobacteria;0;0;0;0;0;0;0;0;0;0;0;0;0;0;0;0;0;0;0;0;0;0;0;0;0;0;0;0;0;0;0;0;0;0;0;0;0;0;0;0;0;0;0;0;0;0
Comamonas_Comamonadaceae_Burkholderiales_Betaproteobacteria_Proteobacteria;0;0;0;0;0;0;0;0;0;0;0,00748527;0;0;0;0;0;0;0;0;0;0;0;0;0;0;0;0;0;0;0;0;0;0;0;0;0;0;0;0;0;0;0;0;0;0;0
Crocinitomix_Cryomorphaceae_Flavobacteriales_Flavobacteriia_Bacteroidetes;0;0;0;0;0;0;0;0;0;0;0;0;0;0;0;0;0;0;0;0;0;0;0;0;0;0;0;0;0;0;0;0;0;0;0;0;0;0;0;0;0;0;0;0;0;0
Cupriavidus_Burkholderiaceae_Burkholderiales_Betaproteobacteria_Proteobacteria;0,71172095;0,70014675;0,74422311;1,01067293;0,98462018;0,91372994;1,07478197;1,52004643;1,28015824;0,33403905;0,62983201;0,50514365;0,58393859;0,58509044;0,64038505;0,74947647;0,65151343;0,49869114;0,83159236;0,68767827;0,94582262;0,75231345;0,65834948;0,90690161;0,96916175;0,90436873;1,14027877;1,23975959;1,05746251;0,91249473;0,8513073;0,82750288;0,40293997;0,36047308;0,35157022;0,42364748;0,40360642;0,42311336;0,31713202;0,33983504;0,33973362;0,20992308;0,16349298;0,23981697;0,14579055;0,20595957
Defluviicoccus_Rhodospirillaceae_Rhodospirillales_Alphaproteobacteria_Proteobacteria;0,011541421;0;0,007968127;0;0;0;0;0;0;0;0;0;0;0;0;0;0;0;0;0;0;0;0;0;0;0;0;0;0;0;0;0;0;0;0;0;0;0;0;0;0;0;0;0;0;0
Defluviimonas_Rhodobacteraceae_Rhodobacterales_Alphaproteobacteria_Proteobacteria;0,169274173;0,162434046;0,087649402;0,172692014;0,155876546;0,085048849;0,023716352;0,031758895;0,019501867;0,053320787;0,063090133;0,050206976;0,039204358;0,053620149;0,0285522;0,012596243;0,02762027;0,033135624;0,016305732;0,024005196;0;0,028255904;0,022662633;0,015271659;0,007053579;0,012878669;0;0;0;0;0;0,015454213;0,039174719;0,055113653;0,046085983;0,034275686;0,035803795;0,08051784;0,022061358;0,027139604;0,028733689;0,021451994;0,017860578;0,053292659;0,045174538;0,090162558
Deinococcus_Deinococcaceae_Deinococcales_Deinococci_Deinococcus-Thermus;0;0;0;0;0;0;0;0;0;0;0;0;0;0;0;0;0;0;0;0;0;0;0;0;0;0;0;0;0;0;0;0;0;0;0;0;0;0;0;0;0;0,009193712;0;0;0;0
Delftia_Comamonadaceae_Burkholderiales_Betaproteobacteria_Proteobacteria;0;0;0;0;0;0;0;0;0;0;0;0;0;0;0;0;0;0;0;0;0;0;0;0;0;0;0;0;0;0;0;0;0;0;0;0;0;0;0;0,007079897;0;0;0;0,005513034;0;0
Desulfovibrio_Desulfovibrionaceae_Desulfovibrionales_Deltaproteobacteria_Proteobacteria;0;0;0;0;0;0;0;0;0;0;0;0;0;0;0;0;0;0;0;0;0;0;0;0;0;0;0;0;0;0;0;0;0;0;0;0;0;0;0;0;0;0;0;0;0;0
Devosia_Hyphomicrobiaceae_Rhizobiales_Alphaproteobacteria_Proteobacteria;0;0;0;0;0;0;0;0,020807552;0,019501867;0;0,012831892;0,011270954;0,016507098;0;0,0285522;0,018894365;0,029244992;0,011597468;0,008152866;0,018356915;0,016593379;0,009418635;0,015863843;0,024669604;0,039500042;0,030050227;0,040224558;0,027770615;0,063447751;0,049592105;0,034676469;0,037933069;0,050367496;0,010426907;0,052669695;0,034275686;0,027666569;0,025260499;0,071699414;0,054279208;0,065918464;0,047500843;0,045338389;0,089127379;0,075975359;0,045081279
Diplosphaera_Opitutaceae_Opitutales_Opitutae_Verrucomicrobia;0,025647602;0,017923757;0,023904382;0;0;0;0;0;0;0;0;0;0;0;0;0;0;0;0;0;0;0;0;0;0;0;0;0;0;0;0;0;0;0;0;0;0;0;0;0;0;0;0;0;0;0
Dokdonella_Xanthomonadaceae_Xanthomonadales_Gammaproteobacteria_Proteobacteria;0,026929982;0,023524931;0,035059761;0,022648133;0,020783539;0;0,02156032;0,04051997;0,065470552;0,015682584;0,021386486;0,01434485;0,016507098;0,025233011;0,022433871;0,031490608;0,021121383;0,019881374;0,021401274;0,019768985;0,015556293;0,007063976;0,007931921;0,008223201;0,021160737;0,011447705;0,015740044;0,009918077;0,01268955;0,027275658;0,057216173;0,026693641;0;0;0;0;0;0;0,042743881;0,018879724;0,018592387;0,018387423;0,024730031;0,030321686;0,014373717;0,020330773
Dokdonia_Flavobacteriaceae_Flavobacteriales_Flavobacteriia_Bacteroidetes;0;0;0;0;0;0;0;0;0;0;0;0;0;0;0;0;0;0;0;0;0;0;0;0;0;0;0;0;0;0;0;0;0;0;0;0;0;0;0;0;0;0;0;0;0;0
Dyadobacter_Cytophagaceae_Cytophagales_Cytophagia_Bacteroidetes;0,032059502;0,052651036;0,04940239;0;0;0;0;0;0;0;0,009623919;0;0;0,012616506;0;0;0;0;0;0;0;0;0;0;0;0;0;0;0;0;0;0;0;0;0;0;0;0;0;0;0,010141302;0;0;0;0;0
Endozoicomonas_Hahellaceae_Oceanospirillales_Gammaproteobacteria_Proteobacteria;0;0;0;0;0;0;0;0;0;0;0;0;0;0;0;0;0;0;0;0;0;0;0;0;0;0;0;0;0;0;0;0;0;0;0;0;0;0;0;0;0;0;0;0;0;0
Ensifer_Rhizobiaceae_Rhizobiales_Alphaproteobacteria_Proteobacteria;0;0;0;0;0;0;0;0;0;0;0;0,015369482;0,014443711;0;0,030591642;0;0;0,009940687;0,050955414;0;0;0,009418635;0,00679879;0,016446402;0,014107158;0;0;0;0;0;0;0;0;0;0;0;0,052078248;0;0;0,023599655;0;0;0;0;0;0,004419733
Erythrobacter_Erythrobacteraceae_Sphingomonadales_Alphaproteobacteria_Proteobacteria;0;0;0;0;0;0;0,006468096;0;0,009750933;0;0,010693243;0,007172425;0;0,009462379;0;0;0,014622496;0;0,010191083;0,021181056;0,009333776;0,014127952;0,019263238;0,012922173;0,019750021;0;0,064709072;0;0,0338388;0,022316447;0,010402941;0,01826407;0,033578331;0;0,019751136;0,012339247;0,035803795;0,015787812;0,05377456;0,033039518;0,047326077;0,042903987;0,034347265;0,033078202;0,065708419;0,076903358
Escherichia-Shigella_Enterobacteriaceae_Enterobacteriales_Gammaproteobacteria_Proteobacteria;0;0;0;0;0;0;0;0;0;0;0;0;0;0;0;0;0;0;0;0;0;0;0;0;0;0;0;0;0;0;0;0;0;0;0;0;0;0;0;0;0;0;0;0;0;0
Exiguobacterium_Family-XII_Bacillales_Bacilli_Firmicutes;0;0;0;0;0;0;0;0;0;0;0;0;0;0;0;0;0;0;0;0;0;0;0;0;0;0;0;0;0;0;0;0;0;0;0;0;0;0;0;0;0;0;0;0;0;0
Falsirhodobacter_Rhodobacteraceae_Rhodobacterales_Alphaproteobacteria_Proteobacteria;0,008976661;0,013442818;0;0;0;0;0;0,025188089;0;0,017250843;0;0;0;0;0;0;0;0;0;0;0;0;0;0;0;0;0;0;0;0;0;0,007024642;0;0;0;0;0;0;0;0;0;0;0;0;0;0
Ferrovibrio_Rhodospirillaceae_Rhodospirillales_Alphaproteobacteria_Proteobacteria;0,8848423;1,1079122;1,1298805;21,6742632;12,5766393;22,6317167;28,9533543;16,9767722;9,4556193;36,3867325;35,3016029;39,0405345;37,2606471;39,1080131;29,0416658;31,8212593;35,0371249;34,499155;24,5819108;28,9742721;38,2830001;32,8251195;33,6698734;28,2431718;20,366504;30,5138589;17,6463387;13,6175193;22,735444;15,5496045;15,5107844;30,5881031;21,5628847;12,9963953;23,8751728;28,2335682;27,1832178;27,4913167;6,3192003;17,9026986;18,668447;14,6624376;15,6843349;9,7635827;8,4804928;12,82253
Ferruginibacter_Chitinophagaceae_Sphingobacteriales_Sphingobacteriia_Bacteroidetes;0;0;0;0;0;0;0;0;0;0;0;0;0;0;0;0;0;0;0;0;0;0;0;0;0;0;0;0;0;0;0;0;0;0;0;0;0;0;0;0;0;0;0;0;0;0
Filomicrobium_Hyphomicrobiaceae_Rhizobiales_Alphaproteobacteria_Proteobacteria;0;0;0;0;0;0;0;0;0;0;0;0;0;0;0;0;0;0;0;0;0;0;0;0;0;0;0;0;0;0;0;0;0;0;0;0;0;0;0;0;0;0;0;0;0;0
Flavobacterium_Flavobacteriaceae_Flavobacteriales_Flavobacteriia_Bacteroidetes;0,636060528;0,460416503;0,393625498;0;0;0;0;0;0;0;0;0;0;0;0;0,009447182;0;0;0;0;0;0;0;0;0;0;0;0;0;0;0;0;0;0;0;0;0;0;0;0;0;0;0;0;0;0
Fluviicola_Cryomorphaceae_Flavobacteriales_Flavobacteriia_Bacteroidetes;0,182097974;0,182598273;0,173705179;0;0;0;0,00539008;0;0,023680838;0;0;0;0;0;0;0,007872652;0;0;0;0;0;0;0;0;0;0;0;0;0;0;0;0;0;0;0;0;0;0;0,016546019;0,005899914;0,011831519;0,010725997;0,038468936;0,056968015;0,075975359;0,069831785
Frankia_Frankiaceae_Frankiales_Actinobacteria_Actinobacteria;0;0;0;0;0;0;0;0;0;0;0;0;0;0;0;0;0;0;0;0;0;0;0;0;0;0;0;0;0;0;0;0;0;0;0;0;0;0;0;0;0;0;0;0;0;0
Frondihabitans_Microbacteriaceae_Micrococcales_Actinobacteria_Actinobacteria;0;0;0;0;0;0;0;0;0;0;0;0;0;0;0;0;0;0;0;0;0;0;0;0;0;0;0;0;0;0;0;0;0;0;0;0;0;0;0;0;0;0;0;0;0;0
Gallaecimonas_Unknown-Family_Gammaproteobacteria-Incertae-Sedis_Gammaproteobacteria_Proteobacteria;0,007694281;0,016803522;0,025498008;0;0;0;0;0;0;0;0,013901216;0,011270954;0,12793001;0,097777918;0,067301613;0;0,009748331;0,014911031;0,012229299;0,014120704;0,019704638;0,020014599;0,029461423;0,025844347;0,01692859;0,010016742;0,020986726;0;0,01268955;0,017357237;0,019072058;0,026693641;0,162295265;0,114695981;0,094805451;0,071293427;0,052078248;0,074202716;0,143398828;0,154577743;0,049016294;0,070485122;0,054955623;0,091883896;0,080082136;0,088394664
Gemmobacter_Rhodobacteraceae_Rhodobacterales_Alphaproteobacteria_Proteobacteria;0,011541421;0,02800587;0,015936255;0,045296266;0,036371194;0,026168876;0,031262465;0,067898328;0,0292528;0,014114326;0,049188918;0,026640436;0,018570485;0,028387137;0,012236657;0,015745304;0,02762027;0,031478843;0,03566879;0,012708633;0,015556293;0,007063976;0,009065053;0;0,011285726;0;0,010493363;0;0;0;0;0;0;0;0;0;0;0;0;0;0;0;0;0;0;0,011491306
GKS98-freshwater-group_Alcaligenaceae_Burkholderiales_Betaproteobacteria_Proteobacteria;0,829699923;1,625460697;1,490039841;0,263284545;0,296165437;0,259508025;0,057134849;0,128130715;0,126762133;0,081549439;0,115487024;0,026640436;0,092852427;0,115125613;0,089735484;0,083450111;0,079611367;0,067928029;0,036687898;0,014120704;0,066373517;0,027078575;0,070254161;0,043465492;0,069125074;0,007154816;0;0,021819769;0;0,032234868;0,034676469;0,050577426;0,037309256;0;0,042135756;0,037017741;0,024411679;0,03946953;0,006894174;0,007079897;0,037184775;0;0,054955623;0,025727491;0,0862423;0,064528105
Gordonia_Nocardiaceae_Corynebacteriales_Actinobacteria_Actinobacteria;0;0;0;0;0;0;0;0;0;0;0;0;0;0;0;0;0;0;0;0;0;0;0;0;0;0;0;0;0;0;0;0;0;0;0;0;0;0;0;0;0;0;0;0;0;0
Haematobacter_Rhodobacteraceae_Rhodobacterales_Alphaproteobacteria_Proteobacteria;0,021800462;0,060492679;0,01752988;0,028310166;0,077938273;0;0,022638336;0,020807552;0;0;0;0;0;0;0;0;0,016247218;0;0;0;0;0;0;0;0;0;0;0;0;0;0,010402941;0;0;0;0;0;0;0;0;0;0;0;0;0;0;0
Halomonas_Halomonadaceae_Oceanospirillales_Gammaproteobacteria_Proteobacteria;0;0,005601174;0;0;0;0;0;0;0;0;0;0;0;0;0;0;0;0;0;0;0;0;0;0;0;0;0;0;0;0;0;0;0;0;0;0;0;0;0;0;0;0;0;0;0;0
Hoeflea_Phyllobacteriaceae_Rhizobiales_Alphaproteobacteria_Proteobacteria;1,4388305;1,3061938;1,2733068;8,852589;10,3943677;10,3650558;20,996518;26,6489985;27,8138408;19,8949267;22,4312157;18,0550432;20,1551667;18,7859767;23,4352375;27,6519028;26,4358479;26,2632957;31,9735032;33,6383405;24,0946238;29,8264616;28,9186525;34,0745962;37,4601473;30,9130976;41,9891918;47,303275;37,8783072;41,0944978;39,3994036;29,0595409;29,8623288;36,5001341;36,9543749;29,1905454;30,6431664;29,1079886;36,9114099;38,3187606;34,7457914;36,9234777;39,9142692;35,0638134;40,0780288;36,6616871
Hydrogenophaga_Comamonadaceae_Burkholderiales_Betaproteobacteria_Proteobacteria;0;0,011202348;0;0;0;0;0,007546112;0,017522149;0,016715886;0,007841292;0,025663783;0,048157711;0,020633873;0,017347695;0,020394428;0,007872652;0,016247218;0;0,009171975;0,015532774;0;0;0;0,042290749;0,0268036;0,042928895;0;0;0;0,014877631;0,008669117;0,008429571;0,011192777;0,007447791;0,011850681;0;0;0;0,015167184;0,009439862;0,013521736;0,009193712;0;0,022052135;0;0,015027093
Hyphomicrobium_Hyphomicrobiaceae_Rhizobiales_Alphaproteobacteria_Proteobacteria;0;0;0;0;0;0;0,00539008;0,016427015;0,050147657;0,045479495;0,023525134;0,02356654;0;0,007885316;0,020394428;0,036214199;0,029244992;0,071241592;0,018343949;0,025417267;0,024890069;0,03649721;0,047591529;0,021145374;0,036678611;0,042928895;0,071704647;0,095213536;0,118435801;0,081826973;0,195922047;0,096940066;0,044771108;0,056603211;0,088221739;0,030162604;0,061842919;0,023681718;0,110306791;0,015339776;0,218037996;0,179277374;0,232187509;0,033078202;0,049281314;0,026518399
Hyphomonas_Hyphomonadaceae_Caulobacterales_Alphaproteobacteria_Proteobacteria;0,037189023;0,020164226;0,025498008;0,022648133;0,036371194;0,021807397;0,032340481;0,043805373;0,078007466;0,053320787;0,034218377;0,054305504;0,010316936;0,011039442;0,024473314;0,051959503;0,02762027;0,04141953;0,024458599;0,035301759;0,019704638;0,01765994;0,011331316;0,015271659;0,019750021;0,018602521;0;0;0;0,014877631;0,036410292;0,019668999;0;0;0;0,008226165;0;0;0,012409514;0;0,008451085;0,007661426;0,012365015;0,005513034;0;0,00795552
Idiomarina_Idiomarinaceae_Alteromonadales_Gammaproteobacteria_Proteobacteria;0;0,008961878;0;0;0;0;0;0;0;0;0;0;0;0;0;0;0;0;0,005095541;0;0;0;0;0;0;0;0;0;0;0;0;0;0;0;0;0;0;0;0;0;0;0;0;0;0;0
Ilumatobacter_Acidimicrobiaceae_Acidimicrobiales_Acidimicrobiia_Actinobacteria;0;0;0;0;0;0;0;0;0;0;0;0;0;0;0;0;0;0;0;0;0;0;0;0;0;0;0;0;0;0;0;0;0;0;0;0;0;0;0;0;0;0;0;0;0;0
Imperialibacter_Flammeovirgaceae_Cytophagales_Cytophagia_Bacteroidetes;0;0;0;0;0;0;0;0;0;0;0;0;0;0;0;0;0;0;0;0;0;0;0;0;0;0;0;0;0;0;0;0;0;0;0;0;0;0;0;0;0;0;0;0;0;0
Jahnella_Polyangiaceae_Myxococcales_Deltaproteobacteria_Proteobacteria;0;0;0;0;0;0;0;0;0;0;0;0;0;0;0;0;0;0;0;0;0;0;0;0;0;0;0;0;0;0;0;0;0;0;0;0;0;0;0;0;0;0;0;0;0;0
Jannaschia_Rhodobacteraceae_Rhodobacterales_Alphaproteobacteria_Proteobacteria;0;0;0;0;0;0;0;0;0;0;0;0;0;0;0;0;0;0;0;0;0;0;0;0;0;0;0;0;0;0;0;0;0;0;0;0;0;0;0;0;0;0;0;0;0;0
Jatrophihabitans_Frankiaceae_Frankiales_Actinobacteria_Actinobacteria;0;0;0;0;0;0;0;0;0;0;0;0;0;0;0;0;0;0;0;0;0;0;0;0;0;0;0;0;0;0;0;0;0;0;0;0;0;0;0;0;0;0;0;0;0;0
Jhaorihella_Rhodobacteraceae_Rhodobacterales_Alphaproteobacteria_Proteobacteria;0;0;0;0;0;0;0;0;0;0;0;0;0;0;0;0;0;0;0;0;0;0;0;0;0;0;0;0;0;0;0;0;0;0;0;0;0;0;0;0;0;0;0;0;0;0
Kaistia_Rhizobiaceae_Rhizobiales_Alphaproteobacteria_Proteobacteria;0;0;0;0;0;0;0;0;0;0;0;0;0;0;0;0;0;0;0;0;0;0;0;0;0;0;0;0;0;0;0;0;0;0;0;0;0;0;0;0;0;0;0;0;0;0
Kerstersia_Alcaligenaceae_Burkholderiales_Betaproteobacteria_Proteobacteria;0,700179533;0,249812361;0,098804781;0;0,033773252;0;0,036652545;0,012046478;0,012536914;0;0,009623919;0,092216894;0;0,018924758;0;0,015745304;0;0,011597468;0,022420382;0,039537971;0;0,052979821;0;0;0,009875011;0,045790822;0,029731195;0;0;0,027275658;0;0,019668999;0;0,03277028;0;0;0,013019562;0;0,019303688;0,04247938;0;0,076614263;0;0,06156221;0;0
Ketogulonicigenium_Rhodobacteraceae_Rhodobacterales_Alphaproteobacteria_Proteobacteria;0,124390869;0;0,007968127;0;0;0;0;0;0;0;0;0;0;0;0;0;0;0;0;0;0;0;0;0;0;0;0;0;0;0;0;0;0;0;0;0;0;0;0;0;0;0;0;0;0;0
Kiloniella_Sphingomonadales-Incertae-Sedis_Sphingomonadales_Alphaproteobacteria_Proteobacteria;0;0;0;0;0;0;0;0;0;0;0;0;0;0;0;0;0;0;0;0;0;0;0;0;0;0;0;0;0;0;0;0;0;0;0;0;0;0;0;0;0;0;0;0;0;0
Klebsiella_Enterobacteriaceae_Enterobacteriales_Gammaproteobacteria_Proteobacteria;0;0;0;0;0;0;0;0;0;0;0;0;0;0;0;0;0;0;0;0;0;0;0;0;0;0;0;0;0;0;0;0;0;0;0;0;0;0;0;0;0;0;0;0;0;0
Kordiimonas_Kordiimonadaceae_Kordiimonadales_Alphaproteobacteria_Proteobacteria;0,039753783;0,033607044;0,015936255;0;0;0;0;0;0;0;0;0;0;0;0;0;0;0;0;0;0;0;0;0;0;0;0;0;0;0;0;0;0;0;0;0;0;0;0;0;0;0;0;0;0;0
Labrenzia_Rhodobacteraceae_Rhodobacterales_Alphaproteobacteria_Proteobacteria;0;0;0;0;0;0;0;0;0;0;0;0;0;0;0;0;0;0;0;0;0;0;0;0;0;0;0;0;0;0;0;0;0;0;0;0;0;0;0;0;0;0;0;0;0;0
Labrys_Xanthobacteraceae_Rhizobiales_Alphaproteobacteria_Proteobacteria;0;0;0;0;0;0;0;0;0;0;0;0;0;0;0;0;0;0;0;0;0;0;0;0;0;0;0;0;0;0;0;0;0;0;0;0;0;0;0;0;0;0;0;0;0;0
Lapillicoccus_Intrasporangiaceae_Micrococcales_Actinobacteria_Actinobacteria;0;0;0;0;0;0;0;0;0;0;0;0;0;0;0;0;0;0;0;0;0;0;0;0;0;0;0;0;0;0;0;0;0;0;0;0;0;0;0;0;0;0;0;0;0;0
Lentibacter_Rhodobacteraceae_Rhodobacterales_Alphaproteobacteria_Proteobacteria;0,041036163;0,075055732;0,079681275;0;0;0;0;0;0;0;0;0;0;0;0;0;0;0;0;0;0;0;0;0;0;0;0;0;0;0;0;0;0;0;0;0;0;0,012630249;0;0;0;0;0;0;0;0
Leptothrix_Comamonadaceae_Burkholderiales_Betaproteobacteria_Proteobacteria;0;0;0;0;0;0;0;0;0;0;0;0;0;0;0;0;0;0;0;0;0;0;0;0;0;0;0;0;0;0;0;0;0;0;0;0;0;0;0;0;0;0;0;0;0;0
Lewinella_Saprospiraceae_Sphingobacteriales_Sphingobacteriia_Bacteroidetes;0;0;0;0;0;0;0;0;0;0;0;0;0;0;0;0;0;0;0;0;0;0;0;0;0;0;0;0;0;0;0;0;0;0;0;0;0;0;0;0;0;0;0;0;0;0
Limnobacter_Burkholderiaceae_Burkholderiales_Betaproteobacteria_Proteobacteria;0,010259041;0,010082113;0,015936255;0;0;0;0;0;0;0;0;0,005123161;0;0;0;0;0;0;0;0;0;0;0;0;0;0;0;0;0,010574625;0;0;0;0;0;0;0;0,008137226;0;0;0;0;0;0;0;0;0
Limnohabitans_Comamonadaceae_Burkholderiales_Betaproteobacteria_Proteobacteria;0,008976661;0,022404696;0,009561753;0,138719814;0,18185597;0,130844382;0,383773703;0,632987636;0,35521257;0,199168823;0;0,281773843;0,600445692;0,413190557;0,803540473;0,862842657;0,714877577;0,823420259;1,14343949;0,619898896;0,973823944;0,273140408;0,366001518;1,093685756;1,028411816;1,061774681;0,988125011;0;1,019393862;1,40841578;1,335044039;1,448481272;0,505540425;1,392736914;0,006583712;1,686363761;1,658366696;1,141458794;0,022061358;0,015339776;2,420390778;1,579786093;2,254554447;2,696792333;1,283367556;2,684545961
Loktanella_Rhodobacteraceae_Rhodobacterales_Alphaproteobacteria_Proteobacteria;0,477045396;0,426809459;0,419123506;0,02547915;0,025979424;0,026168876;0,011858176;0,044900507;0,048754667;0,043911237;0,02245581;0,031763597;0,035077583;0,020501822;0,026512757;0,017319834;0,038993322;0,056330561;0,021401274;0,009884493;0,014519207;0,021191928;0,024928896;0,005873715;0,012696442;0,011447705;0,008744469;0,019836153;0;0,024796052;0,032942645;0,039337998;0,009327314;0,017874698;0,046085983;0,023307467;0,042313576;0,023681718;0,034470872;0,010619845;0,01690217;0,018387423;0,031599483;0,031240524;0,075975359;0,038893652
Luteimonas_Xanthomonadaceae_Xanthomonadales_Gammaproteobacteria_Proteobacteria;0;0;0;0;0;0;0;0;0;0;0;0;0;0;0;0;0;0;0;0;0;0;0;0;0;0;0;0;0;0;0;0;0;0;0;0;0;0;0;0;0;0;0;0;0;0
Lutibacter_Flavobacteriaceae_Flavobacteriales_Flavobacteriia_Bacteroidetes;0;0;0;0;0;0;0;0;0;0;0;0;0;0;0;0;0;0;0;0;0;0;0;0;0;0;0;0;0;0;0;0;0;0;0;0;0;0;0;0;0;0;0;0;0;0
Magnetospira_Rhodospirillaceae_Rhodospirillales_Alphaproteobacteria_Proteobacteria;0;0;0;0;0;0;0;0;0;0;0;0;0;0;0;0;0;0;0;0;0;0;0;0;0;0;0;0;0;0;0;0;0;0;0;0;0;0;0;0;0;0;0;0;0;0
Maricaulis_Hyphomonadaceae_Caulobacterales_Alphaproteobacteria_Proteobacteria;0;0,008961878;0,007968127;0;0;0;0;0;0;0;0;0;0;0;0;0;0;0;0;0;0;0;0;0;0;0;0;0;0;0;0;0;0;0;0;0;0;0;0;0;0;0;0;0;0;0
Marinicella_Family-Incertae-Sedis_Order-Incertae-Sedis_Gammaproteobacteria_Proteobacteria;0,007694281;0;0;0;0;0;0;0;0;0;0;0;0;0;0;0;0;0;0;0;0;0;0;0;0;0;0;0;0;0;0;0;0;0;0;0;0;0;0;0;0;0;0;0;0;0
Marinobacterium_Oceanospirillaceae_Oceanospirillales_Gammaproteobacteria_Proteobacteria;0;0;0;0;0;0;0;0;0;0;0;0;0;0;0;0;0;0;0;0;0;0;0;0;0;0;0;0;0;0;0;0;0;0;0,006583712;0;0;0;0;0;0;0;0;0;0;0
Marinomonas_Oceanospirillaceae_Oceanospirillales_Gammaproteobacteria_Proteobacteria;0,026929982;0,011202348;0,011155378;0;0;0;0;0;0;0;0;0;0;0;0;0;0;0;0;0;0;0;0;0;0;0;0;0;0;0;0;0;0;0;0;0;0;0;0;0;0;0;0;0;0;0
Maritalea_Hyphomicrobiaceae_Rhizobiales_Alphaproteobacteria_Proteobacteria;0;0;0;0;0;0;0;0;0;0;0;0;0;0;0;0;0;0;0;0;0;0;0;0;0;0;0;0;0;0;0;0;0;0;0;0;0;0;0;0;0;0;0;0;0;0
Marivita_Rhodobacteraceae_Rhodobacterales_Alphaproteobacteria_Proteobacteria;0,012823801;0,008961878;0;0;0;0;0;0;0;0;0;0;0;0;0;0;0;0;0;0;0;0;0;0;0;0;0;0;0;0;0;0;0;0;0;0;0;0;0;0;0;0;0;0,004594195;0;0
Marmoricola_Nocardioidaceae_Propionibacteriales_Actinobacteria_Actinobacteria;0;0;0;0;0;0;0;0;0;0;0;0;0;0;0;0;0;0;0;0;0;0;0;0;0;0;0;0;0;0;0;0;0;0;0;0;0;0;0;0;0;0;0;0;0;0
Massilia_Oxalobacteraceae_Burkholderiales_Betaproteobacteria_Proteobacteria;3,898435496;4,589601981;4,186454183;5,197746511;5,507637951;5,401692254;6,919784828;7,591471094;7,331308854;3,70108994;4,304030283;4,144637075;3,728540773;3,631976533;3,830073624;4,314213286;4,242148532;3,485867656;3,445605096;3,798469316;3,366381814;2,930372742;3,101381287;2,707782673;3,035860396;2,849047694;2,005981217;1,981631722;2,05782205;1,537355253;1,369720508;1,36699542;1,233070925;1,211010814;1,084995721;1,225698538;1,331250203;1,277233975;1,210617029;1,037204857;1,096950848;1,052679967;1,03728739;1,094337196;0,802874743;1,034217575
Mesorhizobium_Phyllobacteriaceae_Rhizobiales_Alphaproteobacteria_Proteobacteria;0,19620415;0,21508508;0,12111554;0,06511338;0,02597942;0,04579553;0,07330509;0,08432534;0,12119017;0,17250843;0,07378338;0,10553711;0,14031033;0,09620086;0,12440601;0,12123884;0,15759801;0,09443653;0,11414013;0,16944845;0,13585829;0,11420095;0,13710893;0,05756241;0,04373219;0,05866949;0,16264713;0,15670561;0,21783728;0,20332763;0,30515292;0,30767934;0,17162258;0,41558674;0,2330634;0,12339247;0,13833285;0,11051468;0,2964495;0,17227749;0,34649449;0,42750759;0,25279587;0,36845442;0,3798768;0,43666964
Methylibium_Comamonadaceae_Burkholderiales_Betaproteobacteria_Proteobacteria;0;0;0;0;0;0;0;0;0;0;0;0;0;0;0;0;0;0;0;0;0;0;0;0;0;0;0;0;0;0;0;0;0;0;0;0;0;0;0;0;0;0;0;0;0;0
Methylobacterium_Methylobacteriaceae_Rhizobiales_Alphaproteobacteria_Proteobacteria;0;0;0;0;0;0;0;0;0;0;0;0;0;0;0;0;0;0;0;0;0;0;0;0;0;0;0,008744469;0;0;0;0;0;0;0;0;0;0;0;0;0;0;0;0;0;0;0
Methyloferula_Beijerinckiaceae_Rhizobiales_Alphaproteobacteria_Proteobacteria;0;0;0;0;0;0;0;0;0;0;0;0;0;0;0;0;0;0;0;0;0;0;0;0;0;0;0;0;0;0;0;0;0;0;0;0;0;0;0;0;0;0;0;0;0;0
Methylosinus_Methylocystaceae_Rhizobiales_Alphaproteobacteria_Proteobacteria;0;0;0;0;0;0;0;0;0;0;0;0;0;0;0;0;0;0;0;0;0;0;0;0;0;0;0;0;0;0;0;0;0;0;0;0;0;0;0;0;0;0;0;0;0;0
Methylotenera_Methylophilaceae_Methylophilales_Betaproteobacteria_Proteobacteria;2,342908438;2,791625125;2,537051793;3,414206041;3,818975372;3,617847174;1,256966679;1,152081303;1,014097064;1,237355916;1,321684827;1,317676954;0,947094751;0,946237916;0,921828157;0,662877297;0,713252855;0,680937075;0,538089172;0,434917676;0,392018585;0,380277379;0,342205754;0,390014684;0,387946844;0,34629309;0,220360622;0,307460377;0,186113402;0,384338813;0,287814689;0,293630054;0,238779241;0,30535943;0,205411811;0,264608297;0,214822771;0,329965267;0,172354361;0,116818294;0,150429315;0,208390794;0,127771824;0,121286742;0,180698152;0,167949863
Methylovirgula_Beijerinckiaceae_Rhizobiales_Alphaproteobacteria_Proteobacteria;0;0;0;0;0;0;0;0;0;0;0;0;0;0;0;0;0;0;0;0;0;0;0;0;0;0;0;0;0;0;0;0;0;0;0;0;0;0;0;0;0;0;0;0;0;0
Microbacterium_Microbacteriaceae_Micrococcales_Actinobacteria_Actinobacteria;0;0,005601174;0;0;0;0;0;0;0;0;0;0;0;0;0;0;0;0;0;0;0;0;0;0;0;0;0;0;0;0;0;0;0;0;0;0;0;0;0;0;0;0;0;0;0;0
Micrococcus_Micrococcaceae_Micrococcales_Actinobacteria_Actinobacteria;0;0;0;0;0;0;0;0;0,012536914;0;0;0;0;0;0;0;0;0;0;0;0;0;0;0;0;0;0;0;0;0;0;0,007024642;0;0;0;0;0;0;0;0;0;0;0;0;0;0
Microvirga_Methylobacteriaceae_Rhizobiales_Alphaproteobacteria_Proteobacteria;0;0;0;0;0;0;0;0;0;0;0;0;0;0;0;0;0;0;0;0;0;0;0;0;0;0;0;0;0;0;0;0;0;0;0;0;0;0;0;0;0;0;0;0;0;0
Moraxella_Moraxellaceae_Pseudomonadales_Gammaproteobacteria_Proteobacteria;0;0;0;0;0;0;0;0;0;0;0;0;0;0;0;0;0;0;0;0;0;0;0;0,024669604;0,032446463;0,022895411;0;0;0;0;0;0,007024642;0;0;0,011850681;0;0;0;0;0;0;0;0;0;0;0
Mycobacterium_Mycobacteriaceae_Corynebacteriales_Actinobacteria_Actinobacteria;0;0;0;0;0;0;0;0;0;0;0;0;0;0;0;0;0;0;0;0;0;0;0;0;0;0;0;0;0;0;0;0;0;0;0;0;0;0;0;0;0;0;0;0;0;0
Nakamurella_Nakamurellaceae_Frankiales_Actinobacteria_Actinobacteria;0;0;0;0;0;0;0;0;0;0;0;0;0;0;0;0;0;0;0;0;0;0;0;0;0;0;0;0;0;0;0;0;0;0;0;0;0;0;0;0;0;0;0;0;0;0
Neptunomonas_Oceanospirillaceae_Oceanospirillales_Gammaproteobacteria_Proteobacteria;0;0;0;0;0;0;0;0;0;0;0;0;0;0;0;0;0;0;0;0;0;0;0;0;0;0;0;0;0;0;0;0;0;0;0;0;0;0;0;0;0;0;0;0;0;0
Nesiotobacter_Rhodobacteraceae_Rhodobacterales_Alphaproteobacteria_Proteobacteria;0;0;0;0;0;0;0;0;0;0;0;0;0;0;0;0;0;0;0;0;0;0;0;0;0;0;0;0;0;0;0;0;0;0;0;0;0;0;0;0;0;0;0;0;0;0
Nisaea_Rhodospirillaceae_Rhodospirillales_Alphaproteobacteria_Proteobacteria;0,030777122;0,015683287;0,014342629;0;0;0;0;0;0;0;0;0;0;0;0;0;0;0;0;0;0;0;0;0;0;0;0;0;0;0;0;0;0;0;0;0;0;0;0;0;0;0;0;0;0;0
Nitratireductor_Phyllobacteriaceae_Rhizobiales_Alphaproteobacteria_Proteobacteria;0,017953321;0,014563052;0,025498008;0;0;0;0,019404288;0,01533188;0,033431771;0;0,020317162;0,01434485;0,018570485;0;0,022433871;0,03778873;0,012997774;0,026508499;0,02343949;0,026829337;0,016593379;0,016482611;0,01359758;0,030543319;0,033857179;0,012878669;0,03672677;0,05950846;0,061332826;0,054551315;0,084957348;0,081485852;0,061560273;0,040218071;0,067153861;0,030162604;0,039058686;0,033154405;0,051016891;0,040119414;0,06253803;0,076614263;0,064572857;0,043185431;0,078028747;0,026518399
Nocardioides_Nocardioidaceae_Propionibacteriales_Actinobacteria_Actinobacteria;0;0;0;0;0;0;0;0;0;0;0;0;0;0;0;0;0;0;0;0;0;0;0;0;0;0;0;0;0;0;0;0;0;0;0;0;0;0;0;0;0;0;0;0;0;0
Noviherbaspirillum_Oxalobacteraceae_Burkholderiales_Betaproteobacteria_Proteobacteria;0;0;0;0;0;0;0;0;0;0;0;0;0;0;0;0;0;0;0;0;0;0;0;0;0;0;0;0;0;0;0;0;0;0;0;0;0;0;0;0;0;0;0;0;0;0
Novosphingobium_Sphingomonadaceae_Sphingomonadales_Alphaproteobacteria_Proteobacteria;0,020518082;0,034727279;0,033466135;0,014155083;0;0,028349616;0,014014208;0,006570806;0,015322895;0;0,01497054;0,008197057;0;0,015770632;0,0142761;0,009447182;0,012997774;0,026508499;0;0,008472422;0,009333776;0,010595964;0,011331316;0,01174743;0,012696442;0,007154816;0;0,011901692;0;0,012398026;0;0,008429571;0,018654628;0,025322489;0,018434393;0,013710274;0,019529343;0,02683928;0,034470872;0,024779638;0,025353255;0,039839417;0,027477812;0,054211498;0,061601643;0,044197332
Oceanibaculum_Rhodospirillaceae_Rhodospirillales_Alphaproteobacteria_Proteobacteria;0,019235701;0,024645166;0,012749004;0;0;0;0;0;0;0;0;0;0;0;0;0;0;0;0;0;0;0;0;0;0;0;0;0;0;0;0,010402941;0;0;0;0;0;0;0;0;0;0;0;0,006869453;0;0;0
Oceanibulbus_Rhodobacteraceae_Rhodobacterales_Alphaproteobacteria_Proteobacteria;0;0;0;0;0;0;0;0;0;0;0;0;0;0;0;0;0;0;0;0;0;0;0;0;0;0;0;0;0;0;0;0;0;0;0;0;0;0;0;0;0;0;0;0;0;0
Oceanicola_Rhodobacteraceae_Rhodobacterales_Alphaproteobacteria_Proteobacteria;0,008976661;0;0;0;0;0;0;0;0;0;0;0;0;0;0;0;0;0;0;0;0;0;0;0;0;0;0;0;0;0;0;0;0;0;0;0;0;0;0;0;0;0;0;0;0;0
Oceaniovalibus_Rhodobacteraceae_Rhodobacterales_Alphaproteobacteria_Proteobacteria;0;0;0;0;0;0;0;0;0;0;0;0;0;0;0;0;0;0;0;0;0;0;0;0;0;0;0;0;0;0;0;0;0;0;0;0;0;0;0;0;0;0;0;0;0;0
Oceanisphaera_Aeromonadaceae_Aeromonadales_Gammaproteobacteria_Proteobacteria;0,030777122;0,038087983;0,01752988;0;0;0;0;0;0,008357943;0;0;0,009221689;0;0;0;0,007872652;0;0;0;0;0;0;0;0;0,007053579;0;0;0;0;0;0,086691171;0,042147855;0;0;0,021067878;0;0;0,097884433;0,038607377;0;0;0;0;0;0;0
Oceanobacter_Oceanospirillaceae_Oceanospirillales_Gammaproteobacteria_Proteobacteria;0;0;0;0;0;0;0;0;0;0;0;0;0;0;0;0;0;0;0;0;0;0;0;0;0;0;0;0;0;0;0;0;0;0;0;0;0;0;0;0;0;0;0;0;0;0
Oceanospirillum_Oceanospirillaceae_Oceanospirillales_Gammaproteobacteria_Proteobacteria;0;0;0;0;0;0;0;0;0;0;0;0;0;0;0;0;0;0;0;0;0;0;0;0;0;0;0;0;0;0;0;0;0;0;0;0;0;0;0;0;0;0;0;0;0;0
Ochrobactrum_Brucellaceae_Rhizobiales_Alphaproteobacteria_Proteobacteria;0;0;0;0,053789316;0,070144446;0;0,128283906;0,105132895;0,128155123;0,122324159;0,103724457;0,095290791;0,136183559;0,134050371;0,138682112;0,110217128;0,069863036;0,12425859;0,118216561;0,093196645;0,050817224;0,1083143;0,095183057;0,097503671;0,11426798;0,155974987;0,090942479;0,117033305;0,097286551;0,057030921;0,050280879;0,035123212;0,029847405;0,055113653;0,047402726;0,024678494;0,039058686;0,055257341;0,038607377;0,066079035;0,060847813;0,03217799;0,054955623;0,033997041;0,04312115;0,051268905
OM27-clade_Bdellovibrionaceae_Bdellovibrionales_Deltaproteobacteria_Proteobacteria;0;0;0;0;0;0;0;0;0;0;0;0;0;0;0;0;0;0;0;0;0;0;0;0;0;0;0;0;0;0;0;0;0;0;0;0;0;0;0;0;0;0;0;0;0;0
OM43-clade_Methylophilaceae_Methylophilales_Betaproteobacteria_Proteobacteria;0,010259041;0,006721409;0,015936255;0;0;0;0;0;0;0;0;0,011270954;0;0;0;0;0;0;0;0;0;0;0;0;0;0;0;0;0;0;0;0;0;0;0;0;0;0;0;0;0;0;0;0;0;0
Opitutus_Opitutaceae_Opitutales_Opitutae_Verrucomicrobia;0,219286997;0,219566021;0,247011952;0;0;0;0;0;0;0;0;0,005123161;0;0;0;0;0;0;0;0;0;0;0;0;0;0;0;0;0;0;0;0;0;0;0;0;0;0;0;0;0;0;0;0;0;0
Owenweeksia_Cryomorphaceae_Flavobacteriales_Flavobacteriia_Bacteroidetes;0,212875096;0,234129073;0,178486056;0;0;0;0;0;0;0,007841292;0,005346621;0;0;0;0;0;0;0;0;0;0;0;0;0;0;0;0;0;0;0;0;0;0;0;0;0;0;0;0;0;0;0;0;0,005513034;0;0
Oxalicibacterium_Oxalobacteraceae_Burkholderiales_Betaproteobacteria_Proteobacteria;0;0;0;0;0;0;0;0;0;0;0;0;0;0;0;0;0;0;0;0;0;0;0;0;0;0;0;0;0;0;0;0;0;0;0;0;0;0;0;0;0;0;0;0;0;0
Palleronia_Rhodobacteraceae_Rhodobacterales_Alphaproteobacteria_Proteobacteria;0;0;0;0;0;0;0;0;0;0;0;0;0;0;0;0;0;0;0;0;0;0;0;0;0;0;0;0;0;0;0;0;0;0;0;0;0;0;0;0;0;0;0;0;0;0
Pannonibacter_Rhodobacteraceae_Rhodobacterales_Alphaproteobacteria_Proteobacteria;0;0;0;0;0;0;0;0;0;0;0;0;0;0;0;0;0;0;0;0;0;0;0;0;0;0;0;0;0;0;0;0;0;0;0;0;0;0;0;0;0;0;0;0;0;0
Paracocccus_Rhodobacteraceae_Rhodobacterales_Alphaproteobacteria_Proteobacteria;0,019235701;0,011202348;0,012749004;0;0;0;0;0;0;0;0,008554594;0;0;0,009462379;0,010197214;0;0;0;0;0;0;0;0;0;0;0;0;0;0;0;0;0;0;0;0;0;0;0;0;0;0;0;0;0;0;0
Paraglaciecola_Alteromonadaceae_Alteromonadales_Gammaproteobacteria_Proteobacteria;0;0;0;0;0;0;0;0;0;0;0;0;0;0;0;0;0;0;0;0;0;0;0;0;0;0;0;0;0;0;0;0;0;0;0;0;0;0;0;0;0;0;0;0;0;0
Parapusillimonas_Alcaligenaceae_Burkholderiales_Betaproteobacteria_Proteobacteria;0,044883303;0,038087983;0,033466135;0;0;0;0;0;0;0;0;0,007172425;0;0;0,0142761;0;0;0;0;0;0;0;0;0;0;0;0;0;0;0;0;0;0;0;0;0,009597192;0;0,009472687;0;0;0;0;0;0;0;0
Parasphingopyxis_Sphingomonadaceae_Sphingomonadales_Alphaproteobacteria_Proteobacteria;0;0;0;0;0;0;0;0;0;0;0;0;0;0;0;0;0;0;0;0;0;0;0;0;0;0;0;0;0;0;0;0;0;0;0;0;0;0;0;0;0;0;0;0;0;0
Parvibaculum_Rhodobiaceae_Rhizobiales_Alphaproteobacteria_Proteobacteria;0;0;0;0;0;0;0;0;0;0;0,005346621;0;0;0;0;0;0;0;0,00611465;0;0;0;0,007931921;0;0;0;0;0;0;0;0;0;0;0;0;0;0;0;0;0;0;0;0;0;0;0
Patulibacter_Patulibacteraceae_Solirubrobacterales_Thermoleophilia_Actinobacteria;0;0;0;0;0;0;0;0;0;0;0;0;0;0;0;0;0;0;0;0;0;0;0;0;0;0;0;0;0;0;0;0;0;0;0;0;0;0;0;0;0;0;0;0;0;0
Paucimonas_Oxalobacteraceae_Burkholderiales_Betaproteobacteria_Proteobacteria;0;0;0;0;0;0;0;0;0;0;0;0;0;0;0;0;0;0;0;0;0;0;0;0;0;0;0;0;0;0;0;0;0;0;0;0;0;0;0;0;0;0;0;0;0;0
Pedobacter_Sphingobacteriaceae_Sphingobacteriales_Sphingobacteriia_Bacteroidetes;0,185945114;0,174756629;0,168924303;0;0,018185597;0,019626657;0,00539008;0;0,015322895;0,012546068;0,005346621;0,008197057;0;0;0;0;0;0;0;0;0;0;0,007931921;0;0;0;0;0;0;0;0;0;0;0;0;0;0;0;0;0;0;0;0;0,005513034;0;0
Pedomicrobium_Hyphomicrobiaceae_Rhizobiales_Alphaproteobacteria_Proteobacteria;0;0;0;0;0;0;0;0;0;0;0;0;0;0;0;0;0;0;0;0;0;0;0;0;0;0;0;0;0;0;0;0;0;0;0;0;0;0;0;0;0;0;0;0;0;0
Pelagibacterium_Hyphomicrobiaceae_Rhizobiales_Alphaproteobacteria_Proteobacteria;0;0;0;0;0;0;0;0;0;0;0;0;0;0;0;0;0;0;0;0;0;0;0;0;0;0;0;0;0;0;0;0;0;0;0;0;0;0;0;0;0;0;0;0;0;0
Peredibacter_Bacteriovoracaceae_Bdellovibrionales_Deltaproteobacteria_Proteobacteria;0,033341883;0,041448688;0,04940239;0;0,012989712;0;0;0;0;0,007841292;0;0;0;0;0;0;0;0;0;0;0;0;0;0;0;0;0;0;0;0;0;0;0;0;0;0;0;0;0;0;0;0,007661426;0;0,004594195;0;0
Perlucidibaca_Moraxellaceae_Pseudomonadales_Gammaproteobacteria_Proteobacteria;0,069248525;0,117624654;0,065338645;0;0;0;0;0;0;0;0;0;0;0;0;0;0;0;0;0;0;0;0;0;0;0;0;0;0;0;0;0;0;0;0;0;0;0;0;0;0;0;0;0;0;0
Phaeobacter_Rhodobacteraceae_Rhodobacterales_Alphaproteobacteria_Proteobacteria;0;0;0;0;0;0;0;0;0;0;0;0;0;0;0;0;0;0;0;0;0;0;0;0;0;0;0;0;0;0;0;0;0;0;0;0;0;0;0;0;0;0;0;0;0;0
Phaselicystis_Phaselicystidaceae_Myxococcales_Deltaproteobacteria_Proteobacteria;0;0;0;0;0;0;0;0;0;0;0;0;0;0;0;0;0;0;0;0;0;0;0;0;0;0;0;0;0;0;0;0;0;0;0;0;0;0;0;0;0;0;0;0;0;0
Phenylobacterium_Caulobacteraceae_Caulobacterales_Alphaproteobacteria_Proteobacteria;0;0;0;0;0;0;0;0;0;0;0;0;0;0;0;0;0;0;0;0;0;0;0;0;0;0;0;0;0;0;0;0;0;0;0;0;0;0;0;0;0;0;0;0;0;0
Phyllobacterium_Phyllobacteriaceae_Rhizobiales_Alphaproteobacteria_Proteobacteria;0,010259041;0;0;0;0,025979424;0,07196441;0,011858176;0;0,011143924;0,017250843;0,025663783;0;0,012380324;0;0;0,009447182;0;0;0;0;0,005185431;0,007063976;0;0;0;0,012878669;0;0;0;0;0;0;0;0;0;0;0;0;0;0;0;0;0;0;0;0
Pir4-lineage_Planctomycetaceae_Planctomycetales_Planctomycetacia_Planctomycetes;0;0;0;0;0;0;0;0;0;0;0;0;0;0;0;0;0;0;0;0;0;0;0;0;0;0;0;0;0;0;0;0;0;0;0;0;0;0;0;0;0;0;0;0;0;0
Pirellula_Planctomycetaceae_Planctomycetales_Planctomycetacia_Planctomycetes;0;0;0;0;0;0;0,006468096;0;0;0;0;0;0;0;0;0;0;0;0;0;0;0;0;0;0;0;0;0;0;0;0;0;0;0;0;0;0;0;0;0;0;0,007661426;0;0;0;0
Planctomyces_Planctomycetaceae_Planctomycetales_Planctomycetacia_Planctomycetes;0;0;0;0;0;0;0;0;0;0;0;0;0;0;0;0;0;0;0;0;0;0;0;0;0;0;0;0;0;0;0;0;0;0;0,007900454;0;0;0;0;0;0;0;0,006869453;0,005513034;0;0
Planococcus_Planococcaceae_Bacillales_Bacilli_Firmicutes;0;0;0;0;0;0;0;0;0;0;0;0;0;0;0;0;0;0;0;0;0;0;0;0;0;0;0;0;0;0;0;0;0;0;0;0;0;0;0;0;0;0;0;0;0;0
Planomicrobium_Planococcaceae_Bacillales_Bacilli_Firmicutes;0;0;0;0;0;0;0;0;0;0;0;0;0;0;0;0;0;0;0;0;0;0;0;0;0;0;0;0;0;0;0;0;0;0;0;0;0;0;0;0;0;0;0;0;0;0
Pleomorphomonas_Methylocystaceae_Rhizobiales_Alphaproteobacteria_Proteobacteria;0;0;0;0;0;0;0;0;0;0;0;0;0;0;0;0;0;0;0;0;0;0;0;0;0;0;0;0;0;0;0;0;0;0;0;0;0;0;0;0;0;0;0;0;0;0
Polaribacter_Flavobacteriaceae_Flavobacteriales_Flavobacteriia_Bacteroidetes;0,668120031;0,823372579;0,616733068;0;0,020783539;0,021807397;0;0,013141612;0,013929905;0;0;0,011270954;0;0;0;0;0,024370826;0;0,005095541;0;0;0,005886647;0;0;0;0;0;0;0;0;0;0;0;0;0,006583712;0;0;0;0;0;0;0;0;0,020214457;0,01026694;0,026518399
Polaromonas_Comamonadaceae_Burkholderiales_Betaproteobacteria_Proteobacteria;0;0;0,011155378;0;0;0;0;0;0;0;0;0;0;0;0;0;0;0;0;0;0;0;0;0;0;0;0;0;0;0;0;0;0;0;0;0;0;0;0;0;0;0;0;0;0;0
Prosthecobacter_Verrucomicrobiaceae_Verrucomicrobiales_Verrucomicrobiae_Verrucomicrobia;0;0,010082113;0;0;0;0;0;0;0;0;0;0;0;0;0;0;0;0;0;0;0;0;0;0;0;0;0;0;0;0;0;0;0;0;0;0;0;0;0;0;0;0;0;0;0;0
Pseudahrensia_Phyllobacteriaceae_Rhizobiales_Alphaproteobacteria_Proteobacteria;0,007694281;0,008961878;0;0;0;0;0;0;0;0;0;0;0;0;0;0;0;0;0;0;0;0;0;0;0;0;0;0;0;0;0;0;0;0;0;0;0;0;0;0;0;0;0;0;0,030800821;0
Pseudaminobacter_Phyllobacteriaceae_Rhizobiales_Alphaproteobacteria_Proteobacteria;0;0;0;0;0;0;0;0;0;0;0;0;0;0;0;0;0;0;0;0;0;0;0;0;0;0;0;0;0;0;0;0;0;0;0;0;0;0;0;0;0;0;0;0;0;0
Pseudoalteromonas_Pseudoalteromonadaceae_Alteromonadales_Gammaproteobacteria_Proteobacteria;0,083354706;0,08401761;0,094023904;0;0;0;0;0;0;0;0;0;0;0;0;0;0;0;0;0;0;0;0;0;0;0;0;0;0;0;0;0;0;0;0,006583712;0;0;0;0;0;0;0;0;0;0;0
Pseudochrobactrum_Brucellaceae_Rhizobiales_Alphaproteobacteria_Proteobacteria;0;0;0;0;0;0;0;0;0;0;0;0;0;0;0;0;0;0;0,009171975;0,007060352;0;0;0;0,014096916;0,018339305;0,011447705;0;0;0;0;0,015604411;0,008429571;0;0;0,011850681;0;0;0;0,011030679;0;0;0;0;0;0;0,008839466
Pseudolabrys_Xanthobacteraceae_Rhizobiales_Alphaproteobacteria_Proteobacteria;0;0;0;0,121733715;0,161072431;0,082868109;0,154156291;0,252976028;0,429041065;0,114482867;0,055604863;0,073773515;0,047457907;0,050466022;0,087696041;0,127536962;0,090984419;0,087809404;0,21910828;0,144031179;0,126524517;0,153052815;0,162037824;0,113950073;0,332928928;0,15740595;0,5946239;0,606986293;0,397605905;1,016638151;1,064567584;0,320323696;0,759243368;1,196115232;0,030285075;0,340014807;0,424763207;0,309441111;1,19958635;0,689109939;0,708200933;0,637430664;0,476740032;0,819604348;0,878850103;0,510037214
Pseudomonas_Pseudomonadaceae_Pseudomonadales_Gammaproteobacteria_Proteobacteria;15,655296;18,694478;17,007171;21,518557;25,849527;21,194609;12,439227;14,438251;14,285117;8,9328;9,157693;10,037297;12,074942;12,786828;13,898803;7,312119;7,636192;7,521787;9,141401;7,702844;5,962209;5,445148;4,676434;4,519236;4,727309;5,347509;3,39985;2,495388;3,087791;7,34707;6,390873;6,520273;17,145469;16,699437;12,299691;14,042063;12,213976;14,876855;12,755602;13,428204;13,667095;12,675064;12,194653;14,693154;13,455852;13,499633
Pseudorhodobacter_Rhodobacteraceae_Rhodobacterales_Alphaproteobacteria_Proteobacteria;4,154911516;0,305824101;0,152988048;0;0;0,102494766;0,007546112;0,012046478;0,075221485;0,048616012;0,01497054;0,027665068;0,63965005;0,421075873;4,301184916;0,081875581;0,071487758;0,134199278;0,039745223;0,043774182;0,014519207;0,011773293;0,007931921;0,017621145;0,008464295;0,0271883;0,710050893;0,021819769;0,023264175;0,012398026;0,053748526;0,92022816;0,061560273;0,104269074;0,726841793;0,006855137;0,026039124;0,015787812;0,161323681;0,387034349;0,581434656;0,128711961;0,261039211;1,658504314;1,665297741;1,723695958
Pseudospirillum_Oceanospirillaceae_Oceanospirillales_Gammaproteobacteria_Proteobacteria;0,078225186;0,113143715;0,04940239;0;0;0;0;0;0;0;0;0;0;0;0;0;0;0;0;0;0;0;0;0;0;0;0;0;0;0;0;0;0;0;0;0;0,008137226;0;0;0;0;0;0;0;0;0
Pseudoxanthobacter_Xanthobacteraceae_Rhizobiales_Alphaproteobacteria_Proteobacteria;0;0;0;0;0;0;0;0;0;0;0;0;0;0;0;0;0;0;0;0;0;0;0;0;0;0;0;0;0;0;0;0;0;0;0;0;0;0;0;0;0;0;0;0;0;0
Psychrobacter_Moraxellaceae_Pseudomonadales_Gammaproteobacteria_Proteobacteria;0;0;0;0;0;0;0;0;0;0;0;0;0;0;0;0;0;0;0;0;0;0;0;0;0;0;0;0;0;0;0;0;0;0;0;0;0;0,050520998;0;0;0;0;0;0;0;0
Pusillimonas_Alcaligenaceae_Burkholderiales_Betaproteobacteria_Proteobacteria;0;0;0;0;0;0;0;0;0;0;0;0;0;0;0;0;0;0;0;0;0;0;0;0;0;0;0;0;0;0;0;0;0;0;0;0;0;0;0;0;0;0;0;0;0;0
Reyranella_Rhodospirillales-Incertae-Sedis_Rhodospirillales_Alphaproteobacteria_Proteobacteria;0;0;0;0;0;0;0;0,013141612;0;0;0;0;0;0;0;0;0;0;0;0;0;0;0;0;0;0;0;0,009918077;0;0;0;0,011239428;0,01305824;0;0;0,01096822;0,013019562;0,018945374;0;0,008259879;0;0;0;0,00918839;0;0,00530368
Rheinheimera_Chromatiaceae_Chromatiales_Gammaproteobacteria_Proteobacteria;0;0;0;0;0;0;0;0;0;0;0;0;0;0;0;0;0;0;0;0;0;0;0;0;0;0;0;0;0;0;0;0;0;0;0;0;0;0;0;0;0;0;0;0;0;0
Rhizobacter_Comamonadaceae_Burkholderiales_Betaproteobacteria_Proteobacteria;0;0;0;0;0;0;0;0;0;0;0;0;0;0;0;0;0;0;0;0;0;0;0;0;0;0;0;0;0;0;0;0;0;0;0;0;0;0;0;0;0;0;0;0;0;0
Rhizobium_Rhizobiaceae_Rhizobiales_Alphaproteobacteria_Proteobacteria;0,037189023;0,032486809;0,027091633;0,260453529;0,150680661;0,209351012;1,029505298;1,35687142;1,264835349;1,55728064;1,854208326;1,323824747;2,804143282;2,748821145;3,01837538;4,199272567;3,977318884;4,208224262;4,814267516;5,638397018;4,32050112;5,188490428;5,079829124;4,999706314;5,322630703;4,660647082;6,224313122;1,985598953;5,74413637;5,098068388;5,693876136;3,679507713;3,451106219;3,430452528;3,079860425;2,022265486;2,091267129;2,316071992;1,785591175;2,022490472;1,095260631;1,017437406;1,094990795;0,899543337;0,936344969;0,848588779
Rhodobacter_Rhodobacteraceae_Rhodobacterales_Alphaproteobacteria_Proteobacteria;9,419081816;11,1956266;11,12350598;23,17187102;25,42346462;21,13790998;10,06974764;12,57542738;15,643283;9,469144515;8,150389769;7,883519816;5,290524926;4,879433519;1,957865111;4,033946875;4,07480219;4,483249942;3,178598726;2,277669519;1,7288227;2,482987591;2,523484153;1,226431718;1,533448072;1,071791423;0,033228983;0,739888521;0,640822283;1,063750651;0,842638186;0,125038636;0,669701153;0,856495963;0,136941207;0,533329677;0,69003678;0,571518787;0,659083075;0,07669888;0;0,755416628;0,681449729;0,011026067;0,186858316;0,035357866
Rhodococcus_Nocardiaceae_Corynebacteriales_Actinobacteria_Actinobacteria;0,0064119;0;0,007968127;0;0;0;0,011858176;0,00766594;0,03064579;0;0,00748527;0,011270954;0,039204358;0,03942658;0,022433871;0;0,009748331;0;0;0,008472422;0;0;0;0;0;0,015740595;0;0;0;0,017357237;0,013870587;0,023883784;0;0,013406024;0;0;0;0;0,012409514;0;0;0,010725997;0;0,004594195;0;0
Rhodoferax_Comamonadaceae_Burkholderiales_Betaproteobacteria_Proteobacteria;0;0;0;0;0;0;0;0;0;0;0;0;0;0;0;0;0;0;0;0;0;0;0;0;0;0;0;0;0;0;0;0;0;0;0;0;0;0;0;0;0;0;0;0;0;0
Rhodoglobus_Microbacteriaceae_Micrococcales_Actinobacteria_Actinobacteria;0;0;0;0;0;0;0;0;0;0;0;0;0;0;0;0;0;0;0;0;0;0;0;0;0;0;0;0;0;0;0;0;0;0;0;0;0;0;0;0;0;0;0;0;0;0
Rhodopirellula_Planctomycetaceae_Planctomycetales_Planctomycetacia_Planctomycetes;0;0;0;0;0;0;0;0;0;0;0;0;0;0;0;0;0;0;0;0;0;0;0;0;0;0;0;0;0;0;0;0;0;0;0;0;0;0;0;0;0;0;0;0;0;0
Rhodoplanes_Hyphomicrobiaceae_Rhizobiales_Alphaproteobacteria_Proteobacteria;0;0;0;0;0;0;0;0;0;0;0;0;0;0;0;0;0;0;0;0;0;0;0;0;0;0;0;0;0;0;0;0;0;0;0;0;0;0;0;0;0;0;0;0;0;0
Rhodovulum_Rhodobacteraceae_Rhodobacterales_Alphaproteobacteria_Proteobacteria;0;0;0;0;0;0;0;0,005475672;0;0;0;0;0;0;0;0;0;0;0;0;0;0;0;0;0;0;0;0;0;0;0;0;0;0;0,006583712;0,021936439;0;0;0;0;0;0;0,016486687;0;0;0
Roseicitreum_Rhodobacteraceae_Rhodobacterales_Alphaproteobacteria_Proteobacteria;0,056424724;0,040328453;0,043027888;0;0;0;0;0;0;0;0;0;0;0;0;0;0;0;0;0;0;0;0;0;0;0;0;0;0;0;0;0;0;0;0;0;0;0;0;0;0;0;0;0;0;0
Roseicyclus_Rhodobacteraceae_Rhodobacterales_Alphaproteobacteria_Proteobacteria;0;0;0;0;0;0;0;0;0;0;0;0;0;0;0;0;0;0;0;0;0;0;0;0;0;0;0;0;0;0;0;0;0;0;0;0;0;0;0;0;0;0;0;0;0;0
Roseivirga_Flammeovirgaceae_Cytophagales_Cytophagia_Bacteroidetes;0,343677866;0,369677484;0,280478088;0;0;0;0;0;0;0;0;0;0;0;0;0;0;0;0;0;0;0;0;0;0;0;0;0;0;0;0;0;0;0;0;0;0;0;0;0;0;0;0;0;0;0
Roseivivax_Rhodobacteraceae_Rhodobacterales_Alphaproteobacteria_Proteobacteria;0;0;0;0;0;0;0;0;0;0;0;0;0;0;0;0;0;0;0;0;0;0;0;0;0;0;0;0;0;0;0;0;0;0;0;0;0;0;0;0;0;0;0;0;0;0
Roseobacter-clade-CHAB-I-5-lineage_Rhodobacteraceae_Rhodobacterales_Alphaproteobacteria_Proteobacteria;0,026929982;0,063853384;0,15936255;0;0;0;0;0;0;0;0;0;0;0;0;0;0;0;0;0;0;0;0;0;0;0;0;0;0;0;0;0;0;0;0;0;0;0;0;0;0;0;0;0;0;0
Roseobacter_Rhodobacteraceae_Rhodobacterales_Alphaproteobacteria_Proteobacteria;0;0;0;0;0;0;0;0;0;0;0;0;0;0;0;0;0;0;0;0;0;0;0;0;0;0;0;0;0;0;0;0;0;0;0;0;0;0;0;0;0;0;0;0;0;0
Roseovarius_Rhodobacteraceae_Rhodobacterales_Alphaproteobacteria_Proteobacteria;0;0;0;0;0;0;0;0;0;0;0;0;0;0;0;0;0;0;0;0;0;0;0;0;0;0;0;0;0;0;0;0;0;0;0;0;0;0;0;0;0;0;0;0;0;0
Rubellimicrobium_Rhodobacteraceae_Rhodobacterales_Alphaproteobacteria_Proteobacteria;0;0;0,01434263;0;0;0;0;0;0;0;0;0;0;0;0;0;0;0;0;0;0;0;0;0;0;0;0;0;0;0;0;0;0;0;0;0;0;0;0;0;0;0;0;0;0;0
Ruegeria_Rhodobacteraceae_Rhodobacterales_Alphaproteobacteria_Proteobacteria;0;0,017923757;0;0;0;0;0;0;0;0;0;0;0;0;0;0;0;0;0;0;0;0;0;0;0;0;0;0;0;0;0;0;0;0;0;0;0;0;0;0;0;0;0;0;0;0
Sagittula_Rhodobacteraceae_Rhodobacterales_Alphaproteobacteria_Proteobacteria;0;0;0;0;0;0;0;0;0;0;0;0;0;0;0;0;0;0;0;0;0;0;0;0;0;0;0;0;0;0;0;0;0;0;0;0;0;0;0;0;0;0;0;0;0;0
Salinimonas_Alteromonadaceae_Alteromonadales_Gammaproteobacteria_Proteobacteria;0;0;0;0;0;0;0;0;0;0;0;0;0;0;0;0;0;0;0;0;0;0;0;0;0;0;0;0;0;0;0;0;0;0;0;0;0;0;0;0;0;0;0;0;0;0
Salinirepens_Cryomorphaceae_Flavobacteriales_Flavobacteriia_Bacteroidetes;0;0;0;0;0;0;0;0;0;0;0;0;0;0;0;0;0;0;0;0;0;0;0;0;0;0;0;0;0;0;0;0;0;0;0;0;0;0;0;0;0;0;0;0;0;0
Sandaracinus_Sandaracinaceae_Myxococcales_Deltaproteobacteria_Proteobacteria;0;0;0;0;0;0;0;0;0;0;0;0;0;0;0;0;0;0;0;0;0;0;0;0;0;0;0;0;0;0;0;0;0;0;0;0;0;0;0;0;0;0;0;0;0;0
SAR92-clade_Porticoccaceae_Cellvibrionales_Gammaproteobacteria_Proteobacteria;0,026929982;0,03024634;0,038247012;0;0;0;0;0;0;0;0;0;0;0;0;0;0;0;0;0;0;0;0;0;0;0;0;0;0;0;0;0;0;0;0;0;0;0;0;0;0;0;0;0;0;0
Sedimentitalea_Rhodobacteraceae_Rhodobacterales_Alphaproteobacteria_Proteobacteria;0;0;0;0;0;0;0;0;0;0;0;0;0;0;0;0;0;0;0;0;0;0;0;0;0;0;0;0;0;0;0;0;0;0;0;0;0;0;0;0;0;0;0;0;0;0
Sediminibacterium_Chitinophagaceae_Sphingobacteriales_Sphingobacteriia_Bacteroidetes;0;0;0;0;0;0;0;0;0;0;0;0;0;0;0;0;0;0;0;0;0;0;0;0;0;0;0;0;0;0;0;0;0;0;0;0;0;0;0;0;0;0;0;0;0;0
Sediminicola_Flavobacteriaceae_Flavobacteriales_Flavobacteriia_Bacteroidetes;0;0;0;0;0;0;0;0;0;0;0;0;0;0;0;0;0;0;0;0;0;0;0;0;0;0;0;0;0;0;0;0;0;0;0;0;0;0;0;0;0;0;0;0;0;0
Seohaeicola_Rhodobacteraceae_Rhodobacterales_Alphaproteobacteria_Proteobacteria;0,215439856;0,17027569;0,184860558;0;0;0;0;0,005475672;0,008357943;0,014114326;0,012831892;0,005123161;0;0,014193569;0;0,009447182;0;0,011597468;0,007133758;0;0;0;0;0;0,007053579;0;0;0;0;0;0;0,012644356;0;0;0,006583712;0,006855137;0,008137226;0;0;0;0;0,007661426;0;0;0,030800821;0,006187627
Shewanella_Shewanellaceae_Alteromonadales_Gammaproteobacteria_Proteobacteria;0,008976661;0,0257654;0,012749004;0;0;0;0;0;0;0;0;0;0;0;0;0;0;0;0;0;0;0;0;0;0;0;0;0;0;0;0;0;0;0;0;0;0;0,009472687;0;0;0;0;0;0;0;0
Shimia_Rhodobacteraceae_Rhodobacterales_Alphaproteobacteria_Proteobacteria;0;0;0;0;0;0;0;0;0;0;0;0;0;0;0;0;0;0;0;0;0;0;0;0;0;0;0;0;0;0;0;0;0;0;0;0;0;0;0;0;0;0;0;0;0;0
Shinella_Rhizobiaceae_Rhizobiales_Alphaproteobacteria_Proteobacteria;0,017953321;0,026885635;0,007968127;0;0;0;0;0;0,062684571;0;0;0,013320218;0;0;0;0,023617956;0;0;0;0,039537971;0,010370862;0,020014599;0;0;0;0;0;4,479003432;0,01268955;0;0,076288231;0,008429571;0,041040182;0,011916466;0,021067878;0;0;0,028418061;0,033092037;0;0;0;0,031599483;0,020214457;0;0
Sideroxydans_Gallionellaceae_Nitrosomonadales_Betaproteobacteria_Proteobacteria;0;0;0;0;0;0;0;0;0;0;0;0;0;0;0;0;0;0;0;0;0;0;0;0;0;0;0;0;0;0;0;0;0;0;0;0;0;0;0;0;0;0;0;0;0;0
Simiduia_Cellvibrionaceae_Cellvibrionales_Gammaproteobacteria_Proteobacteria;0;0;0;0;0;0;0;0;0;0;0;0;0;0;0;0;0;0;0;0;0;0;0;0;0;0;0;0;0;0;0;0;0;0;0;0;0;0;0;0;0;0;0;0;0;0
Simplicispira_Comamonadaceae_Burkholderiales_Betaproteobacteria_Proteobacteria;0;0;0;0;0;0;0;0;0;0;0;0;0,012380324;0;0;0;0;0;0,005095541;0;0;0;0;0;0;0;0;0;0;0;0;0;0;0;0;0,008226165;0;0,018945374;0,011030679;0;0,011831519;0,016855138;0;0,007350712;0;0,01591104
Skermanella_Rhodospirillaceae_Rhodospirillales_Alphaproteobacteria_Proteobacteria;0;0;0;0;0;0;0;0;0;0;0;0;0;0;0;0;0;0;0;0;0;0;0;0;0;0;0;0;0;0;0;0;0;0;0;0;0;0;0;0;0;0;0;0;0;0
SM1A02_Phycisphaeraceae_Phycisphaerales_Phycisphaerae_Planctomycetes;0;0;0;0;0;0;0;0;0;0;0;0;0;0;0;0;0;0;0;0;0;0;0;0;0;0;0;0;0;0;0;0;0;0;0;0;0;0;0;0;0;0;0;0;0;0
Smithella_Syntrophaceae_Syntrophobacterales_Deltaproteobacteria_Proteobacteria;0;0;0;0;0;0;0;0;0;0;0;0;0;0;0;0;0;0;0;0;0;0;0;0;0;0;0;0;0;0;0;0;0;0;0;0;0;0;0;0;0;0;0;0;0;0
Sneathiella_Sneathiellaceae_Sneathiellales_Alphaproteobacteria_Proteobacteria;0;0;0;0;0;0;0;0;0;0,010977809;0;0,008197057;0,018570485;0,007885316;0,018354985;0,036214199;0,040618044;0,033135624;0,015286624;0,029653478;0,012445034;0,03649721;0,030594554;0,03876652;0,025392884;0,037205043;0,111929205;0,063475691;0,088826851;0,096704605;0,128302934;0,144707634;0,097004067;0,065540561;0,088221739;0,054841098;0,047195912;0,059993685;0,139262323;0,02123969;0,118315192;0,110324538;0,114032918;0,076263633;0,106776181;0,099002024
Sphingobium_Sphingomonadaceae_Sphingomonadales_Alphaproteobacteria_Proteobacteria;0;0;0;0;0;0;0;0;0;0;0;0;0;0;0;0;0;0;0;0;0;0;0;0;0,009875011;0;0;0;0;0;0;0;0;0;0;0;0;0;0;0,008259879;0;0;0;0;0;0
Sphingomonas_Sphingomonadaceae_Sphingomonadales_Alphaproteobacteria_Proteobacteria;0;0;0;0,0169861;0;0,010903699;0,019404288;0,010951343;0,016715886;0,02038736;0,009623919;0,009221689;0,039204358;0,011039442;0,022433871;0,009447182;0,029244992;0;0,013248408;0,018356915;0,009333776;0;0;0;0;0,008585779;0;0;0;0,039673684;0,020805881;0,008429571;0,033578331;0;0,013167424;0,013710274;0;0,009472687;0,039986212;0,011799828;0,025353255;0,021451994;0;0,013782584;0,01026694;0,006187627
Sphingopyxis_Sphingomonadaceae_Sphingomonadales_Alphaproteobacteria_Proteobacteria;2,745575789;2,697525401;2,752191235;1,234323245;0,984620181;1,349877879;1,593307677;1,763166252;2,434947345;0,906453384;1,213683074;0,985696135;1,050264114;0,911542526;1,331756164;1,520996363;1,142179402;1,348619901;0,784713376;0,93479059;0,536173567;0,550990134;0,467983366;0,326578561;0,564286319;0,359171759;0,505430315;0,58715014;0,651396908;0,989362493;1,211942576;1,029812583;0,748050591;0,899693151;0,745276187;0,796566947;0,691664225;0,70887275;0,929334712;0,72804937;1,154418227;1,250344764;1,351908334;1,971828398;1,761806982;1,637953133
Sphingorhabdus_Sphingomonadaceae_Sphingomonadales_Alphaproteobacteria_Proteobacteria;0;0,005601174;0,011155378;0;0,018185597;0,013084438;0,020482304;0,026283224;0,055719619;0,039206461;0,051327566;0,053280872;0,086662265;0,097777918;0,09381437;0,210987073;0,227461047;0,144139965;0,066242038;0,11155356;0,060151;0,058866467;0,029461423;0,049339207;0,083232232;0,082995865;0,019237832;0,017852538;0,02960895;0,285154603;0,358901449;0,238837843;0,42346006;0,446867459;0,335769307;0,363322274;0,37919474;0,32049258;0,284039986;0,260776193;0,61354878;0,582268395;0,58939906;1,34518023;1,589322382;1,21984637
Stakelama_Sphingomonadaceae_Sphingomonadales_Alphaproteobacteria_Proteobacteria;0;0;0;0;0;0;0;0;0;0;0;0;0;0;0;0;0;0;0;0;0;0;0;0;0;0;0;0;0;0;0;0;0;0;0;0;0;0;0;0,005899914;0;0,009193712;0,012365015;0,011026067;0;0,006187627
Stappia_Rhodobacteraceae_Rhodobacterales_Alphaproteobacteria_Proteobacteria;0,007694281;0;0;0,048127283;0,077938273;0,089410328;0,031262465;0,070088596;0,186660723;0,043911237;0,048119593;0,021517275;0,02269726;0,018924758;0,032631085;0,045661381;0,030869714;0,039762749;0,021401274;0,021181056;0,012445034;0,015305281;0,015863843;0,022320117;0,008464295;0;0,012242257;0,015868923;0,0169194;0,037194079;0,043345586;0,057602068;0,011192777;0,007447791;0,043452499;0;0;0;0,028955533;0,009439862;0,010141302;0,009193712;0,010991125;0,00918839;0;0
Stenotrophomonas_Xanthomonadaceae_Xanthomonadales_Gammaproteobacteria_Proteobacteria;0;0;0;0;0;0;0;0;0;0;0;0;0;0;0;0;0;0;0;0;0;0;0;0;0;0;0;0;0;0;0;0;0;0;0;0;0;0;0;0;0;0;0;0;0;0
Streptomyces_Streptomycetaceae_Streptomycetales_Actinobacteria_Actinobacteria;0;0;0;0;0;0;0;0;0;0;0;0;0;0;0;0;0;0;0;0;0;0;0;0;0;0;0;0;0;0;0;0;0;0;0;0;0;0;0;0;0;0;0;0;0;0
Subsaxibacter_Flavobacteriaceae_Flavobacteriales_Flavobacteriia_Bacteroidetes;0;0;0;0;0;0;0;0;0;0;0;0;0;0;0;0;0;0;0;0;0;0;0;0;0;0;0;0;0;0;0;0;0;0;0;0;0;0;0;0;0;0;0;0;0;0
Sufflavibacter_Flavobacteriaceae_Flavobacteriales_Flavobacteriia_Bacteroidetes;0;0;0;0;0;0;0;0;0;0;0;0;0;0;0;0;0;0;0;0;0;0;0;0;0;0;0;0;0;0;0;0;0;0;0;0;0;0;0;0;0;0;0;0;0;0
Sulfitobacter_Rhodobacteraceae_Rhodobacterales_Alphaproteobacteria_Proteobacteria;0;0;0;0;0;0;0;0;0;0;0;0;0;0;0;0;0;0;0;0;0;0;0;0;0;0;0;0;0;0;0;0;0;0;0;0;0;0;0;0;0;0;0;0;0;0
Tabrizicola_Rhodobacteraceae_Rhodobacterales_Alphaproteobacteria_Proteobacteria;0;0;0;0;0;0;0;0,021902686;0;0;0;0;0;0;0;0;0;0;0;0;0;0;0;0;0;0;0;0;0;0;0;0;0;0;0;0;0;0;0;0;0;0;0;0,007350712;0;0
Tateyamaria_Rhodobacteraceae_Rhodobacterales_Alphaproteobacteria_Proteobacteria;0;0,012322583;0;0;0;0;0;0;0;0;0;0;0;0;0;0;0;0;0;0;0;0;0;0;0;0;0;0;0;0;0;0;0;0;0;0;0;0;0;0;0;0;0;0;0;0
Tenacibaculum_Flavobacteriaceae_Flavobacteriales_Flavobacteriia_Bacteroidetes;0;0;0;0;0;0;0;0;0;0;0;0;0;0;0;0;0;0;0;0;0;0;0;0;0;0;0;0;0;0;0;0;0;0;0;0;0;0;0;0;0;0;0;0;0;0
Terrabacter_Intrasporangiaceae_Micrococcales_Actinobacteria_Actinobacteria;0;0;0;0;0;0;0;0;0;0;0;0;0;0;0;0;0;0;0;0;0;0;0;0;0;0;0;0;0;0;0;0;0;0;0;0;0;0;0;0;0;0;0;0;0;0
Terrimonas_Chitinophagaceae_Sphingobacteriales_Sphingobacteriia_Bacteroidetes;0;0;0;0,019817116;0;0;0,034496513;0,018617283;0,122583162;0,047047753;0,062020809;0,043034551;0,103169363;0,080430223;0,099932698;0,275542819;0,245332987;0,253487524;0,427006369;0,386907283;0,664772256;0,61221126;0,515574894;0,932745962;1,100358322;1,015983859;2,147641617;2,350584175;2,438508555;2,792035508;3,31333657;2,313917222;1,770324217;1,787469836;1,685430246;1,334009707;1,541190639;1,373539627;5,531885557;1,486778293;2,606314651;2,732064601;2,736790042;1,743037498;1,907597536;1,747562517
Thalassobaculum_Rhodospirillaceae_Rhodospirillales_Alphaproteobacteria_Proteobacteria;0,084637086;0,08401761;0,068525896;0;0;0;0;0,00766594;0;0,02038736;0;0,009221689;0;0,012616506;0;0;0,012997774;0;0;0;0,007259603;0,009418635;0;0;0;0,011447705;0;0;0;0;0;0;0;0;0;0;0;0;0;0;0;0;0;0;0;0
Thalassospira_Rhodospirillaceae_Rhodospirillales_Alphaproteobacteria_Proteobacteria;0,065401385;0,067214088;0,057370518;0,022648133;0,012989712;0,017445918;0;0,00766594;0,009750933;0,009409551;0,006415946;0,009221689;0;0,007885316;0,012236657;0,014170774;0;0;0;0;0,010370862;0;0,010198185;0,009397944;0;0,007154816;0;0;0;0;0;0;0;0;0;0;0;0;0;0;0;0;0;0;0;0
Thauera_Rhodocyclaceae_Rhodocyclales_Betaproteobacteria_Proteobacteria;0;0;0;0;0;0;0;0;0;0;0;0;0;0;0;0;0;0;0;0;0;0;0;0;0;0;0;0;0;0;0;0;0;0;0;0;0;0;0;0;0;0;0;0;0;0
Thermovum_Phyllobacteriaceae_Rhizobiales_Alphaproteobacteria_Proteobacteria;0;0;0;0;0;0;0;0;0;0,007841292;0;0;0;0;0;0;0;0;0;0;0;0;0;0;0;0;0;0;0;0;0;0;0;0;0;0;0;0;0;0;0;0;0;0;0;0
Thiobacillus_Hydrogenophilaceae_Hydrogenophilales_Betaproteobacteria_Proteobacteria;0;0;0;0;0;0;0;0;0;0;0;0;0;0;0;0;0;0;0;0;0;0;0;0;0;0;0;0;0;0;0;0;0;0;0;0;0;0;0;0;0;0;0;0;0;0
Thiogranum_Ectothiorhodospiraceae_Chromatiales_Gammaproteobacteria_Proteobacteria;0;0;0;0;0;0;0;0;0;0;0;0;0;0;0;0;0;0;0;0;0;0;0;0;0;0;0;0;0;0;0;0;0;0;0;0;0;0;0;0;0;0;0;0;0;0
Thiohalocapsa_Chromatiaceae_Chromatiales_Gammaproteobacteria_Proteobacteria;0;0;0;0;0;0;0;0;0;0;0;0;0;0;0;0;0;0;0;0;0;0;0;0;0;0;0;0;0;0;0;0;0;0;0;0;0;0;0;0;0;0;0;0;0;0
Tistrella_Rhodospirillaceae_Rhodospirillales_Alphaproteobacteria_Proteobacteria;0;0;0;0;0;0;0;0;0;0;0;0;0;0;0;0;0;0;0;0;0;0;0;0;0;0;0;0;0;0;0;0;0;0;0;0;0;0;0;0;0;0;0;0;0;0
Tropicimonas_Rhodobacteraceae_Rhodobacterales_Alphaproteobacteria_Proteobacteria;0;0;0;0;0;0;0;0;0;0;0;0;0;0;0;0;0;0;0;0;0;0;0;0;0;0;0;0;0;0;0;0;0;0;0;0;0;0;0;0;0;0;0;0;0;0
Tumebacillus_Alicyclobacillaceae_Bacillales_Bacilli_Firmicutes;0;0;0;0;0;0;0;0;0;0;0;0;0;0;0;0;0;0;0;0;0;0;0;0;0;0;0;0;0;0;0;0;0;0;0;0;0;0;0;0;0,011831519;0,010725997;0,015112796;0,407045657;0,373716632;0,336783672
uncultured_Alcaligenaceae_Burkholderiales_Betaproteobacteria_Proteobacteria;0,011541421;0,022404696;0,012749004;0;0;0;0,01078016;0;0,006964952;0;0,008554594;0;0;0;0;0;0;0;0;0;0;0;0;0;0;0;0;0;0;0;0;0;0;0,008937349;0,010533939;0,006855137;0;0;0;0;0;0,007661426;0;0;0,012320329;0
uncultured_Aurantimonadaceae_Rhizobiales_Alphaproteobacteria_Proteobacteria;0;0;0;0;0;0;0;0;0;0;0;0;0;0;0;0;0;0;0;0;0;0;0;0;0;0;0;0;0;0;0;0;0;0;0;0;0;0;0;0;0;0;0;0;0;0
uncultured_Beijerinckiaceae_Rhizobiales_Alphaproteobacteria_Proteobacteria;0;0,006721409;0;0;0,012989712;0;0,01078016;0;0;0;0,016039864;0,008197057;0;0,033118327;0,044867742;0;0,009748331;0,02816528;0,00611465;0,031065548;0,014519207;0;0;0;0,022571453;0,030050227;0;0,02975423;0,02960895;0;0,008669117;0,012644356;0,042905645;0,010426907;0,042135756;0,027420549;0,021156788;0,052099779;0;0;0,021972821;0,024516564;0,02335614;0,012863745;0,026694045;0,028286293
uncultured_Bradyrhizobiaceae_Rhizobiales_Alphaproteobacteria_Proteobacteria;0;0;0;0;0;0;0;0;0;0;0;0;0;0;0;0;0;0;0;0;0;0;0;0;0;0;0;0;0;0;0;0;0;0;0;0;0;0;0;0;0;0;0;0;0;0
uncultured_Brucellaceae_Rhizobiales_Alphaproteobacteria_Proteobacteria;0;0;0;0;0;0;0;0;0;0;0;0;0;0;0;0;0;0;0;0;0;0;0;0;0;0;0;0;0;0;0;0;0;0;0;0;0;0;0;0;0;0;0;0;0;0
uncultured_Caulobacteraceae_Caulobacterales_Alphaproteobacteria_Proteobacteria;0,56168248;0,77184178;0,50358566;0,06228237;0,14028889;0,11121773;0,11642573;0,12594045;1,14921714;0,4077472;0,31545067;0,27562605;0,16507098;0,10093204;0,16111598;0,25822299;0,21446327;0,21703834;0,22522293;0,23581575;0,11096822;0,1283289;0,1110469;0,08105727;0,06912507;0,10446031;0,06820686;0,02181977;0,31512383;0,21820526;2,13260282;2,99671247;0,02238555;0,04021807;1,66567911;0,0548411;0,1367054;0,04262709;2,56187522;0,02831959;0,51720641;0,50105728;0,41216717;0,06799408;0,04312115;0,08485888
uncultured_Chitinophagaceae_Sphingobacteriales_Sphingobacteriia_Bacteroidetes;0,008976661;0,010082113;0;0;0;0;0;0;0;0;0;0,007172425;0;0;0;0;0;0;0;0;0;0;0;0;0;0;0;0;0;0;0;0;0,016789165;0,008937349;0,009217197;0;0;0;0,008273009;0,014159793;0,015211953;0;0;0,005513034;0;0,014143146
uncultured_Colwelliaceae_Alteromonadales_Gammaproteobacteria_Proteobacteria;0;0;0;0;0;0;0;0;0;0;0;0;0;0;0;0;0;0;0;0;0;0;0;0;0;0;0;0;0;0;0;0;0;0;0;0;0;0;0;0;0;0;0;0;0;0
uncultured_Comamonadaceae_Burkholderiales_Betaproteobacteria_Proteobacteria;0,046165684;0,063853384;0,01752988;0;0;0;0,008624128;0;0,009750933;0;0,00748527;0,016394115;0;0;0,020394428;0;0,024370826;0;0,007133758;0;0,006222517;0;0,35353707;0,005873715;0,008464295;0;0;0;0,01268955;0;0,012136764;0,01826407;0;0;0,006583712;0;0;0;0,008273009;0,009439862;0,008451085;0;0;0;0,01026694;0,009723413
uncultured_Corynebacteriaceae_Corynebacteriales_Actinobacteria_Actinobacteria;0;0;0;0;0;0;0;0;0;0;0;0;0;0;0;0;0;0;0;0;0;0;0;0;0;0;0;0;0;0;0;0;0;0;0;0;0;0;0;0;0;0;0;0;0;0
uncultured_Cryomorphaceae_Flavobacteriales_Flavobacteriia_Bacteroidetes;0,048730444;0,064973618;0,050996016;0;0;0;0;0;0;0;0;0;0;0;0;0;0;0;0;0;0;0;0;0;0;0;0;0;0;0;0;0;0;0;0;0;0;0;0;0;0;0;0;0;0;0
uncultured_Cyclobacteriaceae_Cytophagales_Cytophagia_Bacteroidetes;0;0;0;0;0;0;0;0;0;0;0;0;0;0;0;0;0;0;0;0;0;0;0;0;0;0;0;0;0;0;0;0;0;0;0;0;0;0;0;0;0;0;0;0;0;0
uncultured_Cytophagaceae_Cytophagales_Cytophagia_Bacteroidetes;0;0;0;0;0;0;0;0;0;0;0;0;0;0;0;0;0;0;0;0;0;0;0;0;0;0;0;0;0;0;0;0;0;0;0;0;0;0;0;0;0;0;0;0;0;0
uncultured_Erythrobacteraceae_Sphingomonadales_Alphaproteobacteria_Proteobacteria;0;0;0;0;0;0;0;0;0;0;0;0;0;0;0;0;0;0;0;0;0;0;0;0;0;0;0;0;0;0;0;0;0;0;0;0;0;0;0;0;0;0;0,006869453;0;0;0
uncultured_Gemmatimonadaceae_Gemmatimonadales_Gemmatimonadetes_Gemmatimonadetes;0;0;0;0;0;0;0;0;0;0;0;0;0;0;0;0;0;0;0;0;0;0;0;0;0;0;0;0;0;0;0;0;0;0;0;0;0;0;0;0;0;0;0;0;0;0
uncultured_Geodermatophilaceae_Frankiales_Actinobacteria_Actinobacteria;0;0;0;0;0;0;0;0;0;0;0;0;0;0;0;0;0;0;0;0;0;0;0;0;0;0;0;0;0;0;0;0;0;0;0;0;0;0;0;0;0;0;0;0;0;0
uncultured_Holophagaceae_Holophagales_Holophagae_Acidobacteria;0;0;0;0;0;0;0;0;0;0;0;0;0;0;0;0;0;0;0;0;0;0;0;0;0;0;0;0;0;0;0;0;0;0;0;0;0;0;0;0;0;0;0;0;0;0
uncultured_Hyphomicrobiaceae_Rhizobiales_Alphaproteobacteria_Proteobacteria;0;0;0;0;0;0;0,00539008;0;0;0,009409551;0;0;0;0;0,010197214;0,009447182;0,009748331;0;0;0,008472422;0;0,005886647;0;0,008223201;0;0;0,008744469;0;0,010574625;0;0,019072058;0,008429571;0;0,029791164;0,009217197;0;0;0,02683928;0,034470872;0,014159793;0,025353255;0,033710276;0,015112796;0,028484008;0;0,022098666
uncultured_Hyphomonadaceae_Caulobacterales_Alphaproteobacteria_Proteobacteria;0,011541421;0,02800587;0,009561753;0;0;0;0;0;0;0;0;0;0;0;0;0;0;0;0;0;0;0;0;0;0;0;0;0;0;0;0;0;0;0;0;0;0;0;0;0;0;0;0;0;0;0
uncultured_Methylophilaceae_Methylophilales_Betaproteobacteria_Proteobacteria;0;0;0;0;0;0;0;0;0;0;0;0;0;0;0;0;0;0;0;0;0;0;0;0;0;0;0;0;0;0;0;0;0;0;0;0;0;0;0;0;0;0;0;0;0;0
uncultured_Micromonosporaceae_Micromonosporales_Actinobacteria_Actinobacteria;0;0;0;0;0;0;0;0;0;0;0;0;0;0;0;0;0;0;0;0;0;0;0;0;0;0;0;0;0;0;0;0;0;0;0;0;0;0;0;0;0;0;0;0;0;0
uncultured_Nitrosomonadaceae_Nitrosomonadales_Betaproteobacteria_Proteobacteria;0;0;0;0;0;0;0;0;0;0;0;0;0;0;0;0;0;0;0;0;0;0;0;0;0;0;0;0;0;0;0;0;0;0;0;0;0;0;0;0;0;0;0;0;0;0
uncultured_Oceanospirillaceae_Oceanospirillales_Gammaproteobacteria_Proteobacteria;0;0;0;0;0;0;0;0;0;0;0;0;0;0;0;0;0;0;0;0;0;0;0;0;0;0;0;0;0;0;0;0;0;0;0;0;0;0;0;0;0;0;0;0;0;0
uncultured_Oxalobacteraceae_Burkholderiales_Betaproteobacteria_Proteobacteria;0;0;0;0;0;0;0;0;0;0;0;0;0;0;0;0;0;0;0;0;0;0;0;0;0;0;0;0;0;0;0;0;0;0;0;0;0;0;0;0;0;0;0;0;0;0
uncultured_Phycisphaeraceae_Phycisphaerales_Phycisphaerae_Planctomycetes;0;0;0;0;0;0;0;0;0;0;0;0;0;0;0;0;0;0;0;0;0;0;0;0;0;0;0;0;0;0;0;0;0;0;0;0;0;0;0;0;0;0;0;0;0;0
uncultured_Phyllobacteriaceae_Rhizobiales_Alphaproteobacteria_Proteobacteria;0;0,007841644;0;0;0;0;0;0,005475672;0,016715886;0;0;0,007172425;0;0;0;0;0;0,014911031;0,00611465;0,009884493;0,015556293;0;0,00679879;0;0;0;0;0;0;0;0,008669117;0,022478856;0;0;0;0,006855137;0;0;0;0;0,010141302;0;0;0,005513034;0,016427105;0,004419733
uncultured_Pseudomonadaceae_Pseudomonadales_Gammaproteobacteria_Proteobacteria;0,007694281;0;0;0;0;0;0;0;0;0;0;0;0;0;0;0;0;0;0;0;0;0;0;0;0;0;0;0;0;0;0;0;0;0;0;0;0;0;0;0;0;0;0;0;0;0
uncultured_Rhodobacteraceae_Rhodobacterales_Alphaproteobacteria_Proteobacteria;43,87919979;40,15593668;44,69163347;1,97888062;2,38231321;2,03681089;0,68454017;0,67131734;0,80932746;1,40202305;1,22009902;1,31255379;1,1823209;1,59914208;1,41537332;0,93999465;0,96183529;0,93276782;0,88050955;0,54082295;0,3982411;0,62045257;0,64928443;0,46989721;0,5177327;0,42070317;0,23085399;0,17059092;0,18399848;0,58270723;0,46293085;0,73758746;0,85624744;0,98757708;0,79136217;0,55800817;0,48660613;0,40574676;0,71423647;0,50857257;0,31438037;0,61751096;0,66908471;0,63032352;0,57289528;0,54627903
uncultured_Rhodobiaceae_Rhizobiales_Alphaproteobacteria_Proteobacteria;0;0;0;0;0;0;0;0;0;0;0;0;0;0;0;0;0;0;0;0;0;0;0;0;0;0;0;0;0;0;0;0;0;0;0;0;0;0;0;0;0;0;0;0;0;0
uncultured_Rhodospirillaceae_Rhodospirillales_Alphaproteobacteria_Proteobacteria;4,3459861;4,9391152;4,7314741;8,0910455;7,4119298;7,3229239;5,9495704;4,8788234;4,823926;11,189524;9,1020884;10,4051395;8,2122813;8,1187213;9,1897294;9,6802129;8,3608182;9,0891017;11,1286624;7,4458471;11,1351946;11,214062;11,5330138;9,8678414;10,1726716;9,8307171;7,4380454;6,3078968;8,0092211;7,4660914;6,9751716;7,0049734;8,4673357;8,7451962;6,440187;9,3106474;9,3854767;7,936533;6,5729059;6,0651114;7,1191941;7,9479636;7,0892754;7,3746015;8,0349076;7,2121207
uncultured_Saprospiraceae_Sphingobacteriales_Sphingobacteriia_Bacteroidetes;0;0;0;0;0;0;0;0;0;0;0;0;0;0;0;0;0;0;0;0;0;0;0;0;0;0;0;0;0;0;0;0;0;0;0;0;0;0;0;0;0;0;0;0;0;0
uncultured_Sphingomonadaceae_Sphingomonadales_Alphaproteobacteria_Proteobacteria;0;0;0;0;0;0;0;0;0;0;0;0;0;0;0;0;0;0;0;0;0;0;0;0;0;0;0;0;0;0;0;0;0;0;0;0;0;0;0;0;0;0;0;0;0;0
uncultured_Xanthobacteraceae_Rhizobiales_Alphaproteobacteria_Proteobacteria;0;0;0;0;0;0;0;0;0;0;0;0;0;0;0,030591642;0;0;0;0;0;0;0;0;0,005873715;0;0;0;0;0;0;0,015604411;0;0;0;0,250181052;0;0;0;0;0,011799828;0;0,012258282;0;0;0,022587269;0,009723413
uncultured_Xanthomonadaceae_Xanthomonadales_Gammaproteobacteria_Proteobacteria;0;0;0;0;0;0;0;0;0;0;0;0;0;0;0;0;0;0;0;0;0;0;0;0;0;0;0;0;0;0;0;0;0;0;0;0;0;0;0;0;0;0;0;0;0;0
uncultured_Xanthomonadales-Incertae-Sedis_Xanthomonadales_Gammaproteobacteria_Proteobacteria;0;0;0;0;0;0;0;0;0;0;0;0;0;0;0;0;0;0;0;0;0;0;0;0;0;0;0;0;0;0;0;0;0;0;0;0;0;0;0;0;0;0;0;0;0;0
Undibacterium_Oxalobacteraceae_Burkholderiales_Betaproteobacteria_Proteobacteria;0,030777122;0,014563052;0,009561753;0;0;0;0,01078016;0,012046478;0;0,007841292;0;0,007172425;0;0;0,026512757;0,007872652;0;0,018224593;0,008152866;0,008472422;0,013482121;0;0,00679879;0,009397944;0,011285726;0;0,010493363;0;0;0;0;0;0;0;0;0;0;0;0;0,010619845;0,011831519;0;0;0;0;0,01060736
Variibacter_Xanthobacteraceae_Rhizobiales_Alphaproteobacteria_Proteobacteria;0;0;0;0;0;0;0;0;0;0;0;0;0;0;0;0;0;0;0;0;0;0;0;0;0;0;0;0;0;0;0;0;0;0;0;0;0;0;0;0;0;0;0;0;0;0
Variovorax_Comamonadaceae_Burkholderiales_Betaproteobacteria_Proteobacteria;0;0;0;0;0;0;0;0;0;0;0;0;0;0;0;0;0;0;0,005095541;0;0;0;0;0;0;0;0;0;0;0;0;0,007024642;0;0;0;0;0;0;0,008273009;0;0;0;0,008243344;0,036753558;0;0,007071573
Vitellibacter_Flavobacteriaceae_Flavobacteriales_Flavobacteriia_Bacteroidetes;0;0;0;0;0;0;0;0;0;0;0;0;0;0;0;0;0;0;0;0;0;0;0;0;0;0;0;0;0;0;0;0;0;0;0;0;0;0;0;0;0;0;0;0;0;0
Williamsia_Nocardiaceae_Corynebacteriales_Actinobacteria_Actinobacteria;0;0;0;0;0;0;0;0;0;0;0;0;0;0;0;0;0;0;0;0;0;0;0;0;0;0;0;0;0;0;0;0;0;0;0;0;0;0;0;0;0;0;0;0;0;0
Xanthobacter_Xanthobacteraceae_Rhizobiales_Alphaproteobacteria_Proteobacteria;0;0;0;0;0;0;0;0;0;0;0;0;0;0;0;0;0;0;0;0;0;0;0;0;0;0;0;0;0;0;0;0;0;0;0;0;0;0;0;0;0;0;0;0;0;0
Xylophilus_Comamonadaceae_Burkholderiales_Betaproteobacteria_Proteobacteria;0;0;0;0;0;0;0;0;0;0;0;0;0;0;0;0;0;0;0;0;0;0;0;0;0;0;0;0;0;0;0;0;0;0;0;0;0;0;0;0;0;0;0;0;0;0
Yangia_Rhodobacteraceae_Rhodobacterales_Alphaproteobacteria_Proteobacteria;0;0;0;0;0;0;0;0;0;0;0;0;0;0;0;0;0;0;0;0;0;0;0;0;0;0;0;0;0;0;0;0;0;0;0;0;0;0;0;0;0;0;0;0;0;0
Youngimonas_Rhodobacteraceae_Rhodobacterales_Alphaproteobacteria_Proteobacteria;0;0;0;0;0;0;0;0;0;0;0;0;0;0;0;0;0;0;0;0;0;0;0;0;0;0;0;0;0;0;0;0;0;0;0;0;0;0;0;0;0;0;0;0;0;0
