;c19_S1;c20_S2;c21_S3;c25_S7;c26_S8;c27_S9;c31_S13;c32_S14;c33_S15;c37_S19;c38_S20;c39_S21;c43_S25;c44_S26;c45_S27;c49_S31;c50_S32;c51_S33;c56_S37;c57_S38;c58_S39;c61_S42;c62_S43;c65_S46;c67_S48;c68_S49;c69_S50;c73_S54;c74_S55;c75_S56;c79_S60;c80_S61;c81_S62;c85_S66;c86_S67;c87_S68;c91_S72;c92_S73;c93_S74;c97_S78;c99_S79;c103_S83;c104_S84;c105_S85;c109_S89;c110_S90;c111_S91
____Hydrogenedentes;0;0;0;0;0;0;0;0;0;0;0;0;0;0;0;0;0;0;0;0;0;0;0;0;0;0;0;0;0;0;0;0;0;0;0;0;0;0;0;0;0;0;0;0;0;0;0
___028H05-P-BN-P5_Planctomycetes;0;0;0;0;0;0;0;0;0;0;0;0;0;0;0;0;0;0;0;0;0;0;0;0;0;0;0;0;0;0;0;0;0;0;0;0;0;0;0;0;0;0;0;0;0;0;0
___ARKICE-90_Proteobacteria;0,021458696;0,013965261;0,076899416;0,105637009;0,118679718;0,044344212;0,081320096;0,082917698;0,169865474;0,120118784;0,124121351;0,115426331;0,161242377;0,150476125;0,112867775;0,233455731;0,192947005;0,189380997;0,229535102;0,286016949;0,201955442;0,24611524;0,354948005;0,295098935;0,271946293;0,280460378;0,353499333;0,327792086;0,293611884;0,30956848;0,387642777;0,308935361;0,302103741;0,377650155;0,454104369;0,409355478;0,11417414;0,208217408;0,425566645;0,374454331;0,353310652;0,220253316;0,301815666;0,275382055;0,127762005;0,159565981;0,144052472
___Elev-16S-509_Proteobacteria;0;0;0;0;0;0;0;0;0;0;0;0;0;0;0;0;0,009125872;0,005857144;0;0;0;0;0;0;0;0;0;0;0;0;0;0;0;0;0;0;0;0;0;0;0;0;0;0;0;0;0
___JG30-KF-CM66_Chloroflexi;0;0;0;0;0;0;0;0;0;0;0;0;0;0;0;0;0;0;0;0;0;0;0;0;0;0;0;0;0;0;0;0;0;0;0;0;0;0;0;0;0;0;0;0;0;0;0
___ML635J-21_Cyanobacteria;0;0;0;0;0;0;0;0;0;0;0;0;0;0;0;0;0;0;0;0;0;0;0;0;0;0;0;0;0;0;0;0;0;0;0;0;0;0;0;0;0;0;0;0;0;0;0
___OM190_Planctomycetes;0;0;0;0;0;0;0;0;0;0;0;0;0;0;0;0;0;0;0;0;0;0;0;0;0;0;0;0;0;0;0;0;0;0;0;0;0;0;0;0;0;0;0;0;0;0;0
___SPOTSOCT00m83_Proteobacteria;0;0;0;0;0;0;0;0;0;0;0;0;0;0;0;0;0;0;0;0;0;0;0;0;0;0;0;0;0;0;0;0;0;0;0;0;0;0;0;0;0;0;0;0;0;0;0
___TA18_Proteobacteria;0;0;0;0;0;0;0,005647229;0;0;0;0;0;0;0;0;0;0;0;0;0;0;0;0;0;0;0;0;0;0;0;0;0;0;0;0;0;0;0;0;0;0;0;0;0;0;0;0
__42095_Bacilli_Firmicutes;0;0;0;0;0;0;0;0;0;0;0;0;0;0;0;0;0;0;0;0;0;0;0;0;0;0;0;0;0;0;0;0;0;0;0;0;0;0;0;0;0;0;0;0;0;0;0
__B38_Gammaproteobacteria_Proteobacteria;0,024760034;0,035785982;0,029661203;0,006374647;0;0;0,005647229;0;0,009762384;0,04671286;0,041809297;0,033831856;0,038734202;0,048244254;0,07637669;0,107929283;0,11342155;0,067357159;0,111794298;0,101224105;0,075332585;0,091689991;0,120271638;0,08919035;0,078511691;0,116417516;0,082173091;0,017839025;0,034757793;0,029482712;0,035509262;0,033269962;0,016478386;0,023480839;0,027321632;0,024518688;0,008273488;0,029617131;0,04080776;0,058138962;0,040191423;0,024972031;0,029823682;0,010087255;0,010492532;0;0,010727312
__E6aD10_Alphaproteobacteria_Proteobacteria;0;0;0;0;0;0;0;0;0;0;0;0;0;0;0;0;0;0;0;0,005885122;0;0;0;0;0;0;0;0;0;0;0;0;0;0;0;0;0;0;0;0;0;0,002247483;0;0;0;0;0
__Hot-Creek-32_Betaproteobacteria_Proteobacteria;0,267408367;4,534345815;11,74254076;0,301429742;0,569897653;0,160906142;0,170546313;0,290211943;0,156198137;0,149036269;0,287438919;0,279610337;0,248619531;0,384805357;0,272410194;0,119660727;0,080829151;3,006667383;2,082466135;2,02212806;0,161884917;2,68434514;0,095337274;0,095797042;2,122091369;0,0754068;0,144190518;0,049057319;0,076833016;1,994103458;1,241344617;0,044359949;1,274328506;1,376564166;2,509821656;1,157708462;0;1,815619896;1,057503964;1,188399799;0,04393016;0,447249081;0,016701262;0,03127049;0;0,035902346;0,35195799
__oca12_Betaproteobacteria_Proteobacteria;0;0;0;0;0;0;0;0;0;0;0;0;0;0;0;0;0;0;0;0;0;0;0;0;0;0;0;0;0;0;0;0;0;0;0;0;0;0;0;0;0;0;0;0;0;0;0
__OCS116-clade_Alphaproteobacteria_Proteobacteria;0;0;0;0;0;0;0;0;0;0;0;0;0;0;0;0;0;0;0;0;0;0;0;0;0;0;0;0;0;0;0;0;0;0;0;0;0;0;0;0;0;0;0;0;0;0;0
_AKIW852_Sphingomonadales_Alphaproteobacteria_Proteobacteria;0;0;0;0;0;0;0;0;0;0;0;0;0;0;0;0;0;0;0;0;0;0;0;0;0;0;0;0;0;0;0;0;0;0;0,004710626;0;0;0;0;0;0,004673421;0,002996644;0,008350631;0;0,003703247;0;0
_alphaI-cluster_Rhizobiales_Alphaproteobacteria_Proteobacteria;0;0;0;0;0;0;0;0;0;0;0;0;0;0;0;0;0;0;0;0;0;0;0;0;0;0;0;0;0;0;0;0;0;0;0;0;0;0;0;0;0;0;0;0;0;0;0
_AT-s3-44_Rhodospirillales_Alphaproteobacteria_Proteobacteria;0;0;0;0;0;0;0;0;0;0;0;0;0;0;0;0;0;0;0;0;0;0;0;0;0;0;0;0;0;0;0;0;0;0;0;0;0;0;0;0;0;0;0;0;0;0;0,002554122
_BIgi5_Order-III_Cytophagia_Bacteroidetes;0;0;0;0;0;0;0;0;0;0;0;0;0;0;0;0;0;0;0;0;0;0;0;0;0;0;0;0;0;0;0;0;0;0;0;0;0;0;0;0;0;0;0;0;0;0;0
_Blfdi19_Myxococcales_Deltaproteobacteria_Proteobacteria;0;0;0;0;0;0;0;0;0;0;0;0;0;0;0;0;0;0;0;0;0;0;0;0;0;0;0;0;0;0;0;0;0;0;0;0;0;0;0;0;0;0;0;0;0;0;0
_C2U_Rhizobiales_Alphaproteobacteria_Proteobacteria;0;0;0;0;0;0;0;0;0;0;0;0;0;0;0;0,044579486;0;0;0;0,016478343;0;0;0,071869637;0,005505577;0;0;0;0;0;0;0;0;0;0;0;0;0;0;0,03497808;0;0;0,003995525;0;0;0,009258116;0,011967449;0
_Comamonadaceae_Burkholderiales_Betaproteobacteria_Proteobacteria;0;0;0;0;0;0;0;0,007537973;0,023429721;0;0;0;0;0;0;0;0;0;0;0;0,038467703;0;0;0;0;0;0;0;0;0;0;0;0;0,037177995;0;0;0;0;0;0;0;0,001248602;0;0;0;0;0
_ctg-CGOF202_Sphingomonadales_Alphaproteobacteria_Proteobacteria;0;0;0;0;0;0;0;0;0;0;0;0;0;0;0;0;0;0;0;0;0;0;0;0;0;0;0;0;0;0;0;0;0;0;0;0;0;0;0;0;0;0;0;0;0;0;0
_D05-2_Rhizobiales_Alphaproteobacteria_Proteobacteria;0;0;0;0;0;0;0;0;0;0;0;0;0;0;0;0;0;0;0;0;0;0;0;0;0;0;0;0;0;0;0;0;0;0;0;0;0;0;0;0;0;0,001248602;0;0;0;0;0
_DA111_Rhodospirillales_Alphaproteobacteria_Proteobacteria;0;0;0;0;0;0;0;0;0;0;0;0;0;0;0;0;0;0;0;0;0;0;0;0;0;0;0;0;0;0;0;0;0;0;0;0;0;0;0;0;0;0;0;0;0;0;0
_DEV007_Verrucomicrobiales_Verrucomicrobiae_Verrucomicrobia;0;0;0;0;0;0;0;0;0;0;0;0;0;0;0;0;0;0;0;0;0;0;0;0;0;0;0;0;0;0;0;0;0;0;0;0;0;0;0;0;0;0;0;0;0;0;0
_DSSF69_Sphingomonadales_Alphaproteobacteria_Proteobacteria;0;0;0;0;0;0;0;0;0;0;0;0;0;0;0;0;0;0;0;0;0;0;0;0;0;0;0;0;0;0;0;0;0;0;0;0;0;0;0;0;0;0;0;0;0;0;0
_GR-WP33-58_Desulfuromonadales_Deltaproteobacteria_Proteobacteria;0;0;0;0;0;0;0;0;0;0;0;0;0;0;0;0;0;0;0;0;0;0;0;0;0;0;0;0;0;0;0;0;0;0;0;0;0;0;0;0;0;0;0;0;0;0;0
_JG34-KF-161_Sphingomonadales_Alphaproteobacteria_Proteobacteria;0;0;0;0;0;0;0;0;0;0;0;0;0;0;0;0;0;0;0;0;0;0;0;0;0;0;0;0;0;0;0;0;0;0;0;0;0;0;0;0;0;0;0;0;0;0,007180469;0
_JG34-KF-361_Rhizobiales_Alphaproteobacteria_Proteobacteria;0;0,006109802;0;0;0;0;0;0;0;0,007785477;0;0,025871419;0,009007954;0;0,022064377;0,015250877;0;0;0;0,037664783;0;0,007238684;0,007333636;0;0;0;0,01085305;0,006689634;0;0;0;0;0;0,00587021;0;0;0;0;0;0;0;0,001748042;0;0;0;0,004786979;0
_MND8_Rhodospirillales_Alphaproteobacteria_Proteobacteria;0;0;0;0;0;0;0;0;0;0;0;0;0;0;0;0;0;0;0;0;0;0;0;0;0;0;0;0;0;0;0;0;0;0;0;0;0;0;0;0;0;0;0;0;0;0;0
_MNG7_Rhizobiales_Alphaproteobacteria_Proteobacteria;0;0;0;0;0;0;0;0;0;0;0;0;0;0;0;0;0;0;0;0,009416196;0;0;0;0;0;0;0;0;0;0;0;0;0;0;0;0;0;0;0;0;0;0;0,008350631;0;0;0,007978299;0
_NS11-12-marine-group_Sphingobacteriales_Sphingobacteriia_Bacteroidetes;0,018982693;0,027930523;0,031858329;0;0;0;0;0;0;0;0;0;0;0;0;0;0;0;0;0;0;0;0;0;0;0;0;0;0;0;0;0;0;0,008805314;0;0;0;0,009872377;0,01748904;0,015766498;0,028975212;0,027469234;0,04413905;0,038331568;0,021602271;0,042284985;0,01634638
_NS7-marine-group_Flavobacteriales_Flavobacteriia_Bacteroidetes;0;0;0;0;0;0;0;0;0;0;0;0;0;0;0;0;0;0;0;0;0;0;0;0;0;0;0;0;0;0;0;0;0;0;0;0;0;0;0;0;0;0;0;0;0;0;0
_NS9-marine-group_Flavobacteriales_Flavobacteriia_Bacteroidetes;0;0;0;0;0;0;0;0;0;0;0;0;0;0;0;0;0;0;0;0;0;0;0;0;0;0;0;0;0;0;0;0;0;0;0;0;0;0;0;0;0;0;0;0;0;0;0
_OPB56_Chlorobiales_Chlorobia_Chlorobi;0,004126672;0,004364144;0;0;0;0;0;0;0;0;0;0;0;0;0;0;0;0;0;0;0,011219747;0;0;0;0;0;0;0;0;0;0;0;0;0;0;0;0;0;0;0;0;0;0;0;0;0;0
_Phyllobacteriaceae_Rhizobiales_Alphaproteobacteria_Proteobacteria;0;0;0;0;0;0;0;0;0;0;0;0;0;0;0;0;0;0,004880954;0;0;0;0;0;0;0;0;0;0;0;0;0;0;0;0,00587021;0;0;0;0;0;0,009854061;0,008412158;0,006742448;0;0,007061078;0,006172078;0,023137067;0
_Rhodobacteraceae_Rhodobacterales_Alphaproteobacteria_Proteobacteria;0;0;0;0;0,01057542;0;0;0;0;0;0;0;0;0;0;0;0;0;0;0;0;0;0;0;0;0,006614632;0;0;0;0;0;0;0;0;0;0;0;0;0;0;0;0;0;0;0;0;0,002554122
_Rhodobiaceae_Rhizobiales_Alphaproteobacteria_Proteobacteria;0;0;0;0;0;0;0;0;0;0;0;0;0;0;0;0;0;0;0;0;0;0;0;0;0;0;0;0;0;0;0;0;0;0,013697156;0;0;0;0;0;0;0;0;0;0;0;0;0
_Rhodospirillaceae_Rhodospirillales_Alphaproteobacteria_Proteobacteria;0,009078679;0;0,009887068;0;0;0;0;0;0;0;0;0;0;0;0;0;0;0;0;0;0;0;0;0;0;0;0;0;0;0;0;0;0;0;0;0;0;0;0;0;0;0;0;0;0;0;0
_SAR116-clade_Rickettsiales_Alphaproteobacteria_Proteobacteria;0;0,004364144;0;0,021855933;0,005875234;0,013936752;0,065507855;0;0,039049534;0,017795375;0,016985027;0,024876364;0,014412726;0,0126354;0,026307526;0,010558299;0;0;0,020218118;0,011770245;0,020836673;0,020509603;0;0,018718962;0;0,026458526;0;0,01226433;0,00731743;0;0;0;0;0;0;0;0;0;0;0,004927031;0;0;0;0;0;0;0
_SHWN-night2_Rickettsiales_Alphaproteobacteria_Proteobacteria;0;0,00785546;0;0;0;0;0;0;0;0,010009899;0;0;0;0;0,005940409;0;0,00651848;0,005857144;0,014271613;0;0,012822568;0;0,013200546;0,013213385;0;0;0,007752178;0;0;0;0;0;0;0;0;0;0;0;0;0;0;0,002247483;0;0;0;0;0
_Sphingomonadaceae_Sphingomonadales_Alphaproteobacteria_Proteobacteria;0;0;0;0;0;0;0;0;0;0;0;0;0;0;0;0;0;0;0;0,01294727;0;0;0;0;0;0;0;0;0;0;0;0;0;0;0;0;0;0;0;0;0;0;0;0;0;0;0
_T9d_Rickettsiales_Alphaproteobacteria_Proteobacteria;0;0;0;0;0;0;0;0;0;0;0;0;0;0;0;0;0;0;0;0;0;0;0;0;0;0;0;0;0;0;0;0;0;0;0;0;0;0;0;0;0;0;0;0;0;0;0
_TM146_Solirubrobacterales_Thermoleophilia_Actinobacteria;0;0;0;0;0;0;0;0;0;0;0;0;0;0;0;0;0;0;0;0;0;0;0;0;0;0;0;0;0;0;0;0;0;0;0;0;0;0;0;0,004927031;0;0;0;0;0;0;0
_uncultured_Gaiellales_Thermoleophilia_Actinobacteria;0,010729348;0,019202234;0,029661203;0,010927966;0,00705028;0,008868842;0,015812241;0,021357589;0;0,072293713;0,040502757;0,052737893;0,032428634;0,035608854;0,064495871;0,091505262;0,045629359;0,074190494;0,039246935;0,080037665;0,064112839;0,036193418;0,073336365;0,039640155;0,045514024;0,055562905;0,05736612;0,06020671;0,041160544;0,029482712;0,053263893;0,057034221;0,042111431;0,06261557;0,069717268;0,050103405;0,033093954;0,043079464;0,057130865;0,03054759;0,042995476;0,041703292;0,028630735;0,05346245;0,038884088;0,055050263;0,031160286
_uncultured_Rhizobiales_Alphaproteobacteria_Proteobacteria;0;0;0;0,007285311;0;0;0;0;0;0,021132008;0,010452324;0,02388131;0,014412726;0;0,014426708;0,010558299;0,01955544;0,004880954;0,024975322;0,036487759;0,011219747;0,039812759;0,035201455;0,014314501;0;0;0;0,020068903;0;0;0;0;0;0,00587021;0;0,007462209;0;0;0,006995616;0;0;0,005493847;0;0;0,003086039;0,007180469;0,004597419
_uncultured_Sphingomonadales_Alphaproteobacteria_Proteobacteria;0;0;0;0;0;0;0;0;0;0;0;0;0;0;0;0;0;0;0;0;0;0;0;0;0;0;0;0;0;0;0;0;0;0;0;0;0;0;0;0;0;0;0;0;0;0;0
_Verrucomicrobiaceae_Verrucomicrobiales_Verrucomicrobiae_Verrucomicrobia;0;0;0;0;0;0;0;0;0;0;0;0;0;0;0;0;0;0;0;0;0;0;0;0;0;0;0;0;0;0;0;0;0;0;0;0;0;0;0;0;0;0;0;0;0;0;0
_WCHB1-69_Sphingobacteriales_Sphingobacteriia_Bacteroidetes;0;0;0;0;0;0;0;0;0;0;0;0;0;0;0;0;0;0;0;0;0;0;0;0;0;0;0;0;0;0;0;0;0;0;0;0;0;0;0;0;0;0;0;0;0;0;0
_WW2-159_Sphingomonadales_Alphaproteobacteria_Proteobacteria;0;0;0;0;0;0;0;0;0;0;0;0;0;0;0;0;0;0;0;0;0;0;0;0;0;0;0;0;0;0;0;0;0;0;0;0;0;0;0;0;0;0;0;0;0;0;0
_Xanthobacteraceae_Rhizobiales_Alphaproteobacteria_Proteobacteria;0;0;0;0;0;0;0;0;0;0;0;0;0;0;0;0;0;0;0;0;0;0;0;0;0;0;0;0;0;0;0;0;0;0;0;0;0;0;0;0;0;0;0;0;0;0;0
Achromobacter_Alcaligenaceae_Burkholderiales_Betaproteobacteria_Proteobacteria;0,058598747;0,076808938;0,103264929;0,036426555;0,037601495;0,021538617;0,059860626;0,021357589;0,027334674;0,036702962;0,037889676;0,045772511;0,027924657;0,028716818;0,046674644;0,04809892;0,044325663;0,05466668;0,042814838;0,076506591;0,035262061;0,065148152;0,049868728;0,031932347;0,01934346;0,031750232;0,020155664;0,045712502;0,016464218;0,044224069;0,028111499;0,058618504;0,042111431;0,032286153;0,029205883;0,036245016;0,008273488;0,013462332;0,025650592;0,034489215;0,030844581;0,028717836;0,005964736;0,016139608;0,018516233;0,031913196;0,013792258
Acidovorax_Comamonadaceae_Burkholderiales_Betaproteobacteria_Proteobacteria;0,278137715;0,28541503;0,118644813;0,15754485;0,158631306;0,160906142;0,248478072;0,265085368;0,193295195;0,405957002;0,31226319;0,297521319;0,391846;0,352642522;0,433649872;0,279208362;0,232057884;0,222571482;0,193856071;0,162429379;0,341400866;0,177347746;0,24934364;0,20480747;0,086476646;0,220928694;0,186052281;0,14382714;0,142689887;0,131332083;0,084334497;0,066539924;0,108024974;0,171214449;0,094212525;0,131121677;0,019856372;0,058336774;0,076951777;0,092628177;0,071036004;0,030715599;0,026244841;0,034296666;0,014195778;0,030317536;0,026562867
Acinetobacter_Moraxellaceae_Pseudomonadales_Gammaproteobacteria_Proteobacteria;0;0;0;0;0;0;0;0;0;0;0;0;0;0;0;0;0;0;0;0;0;0;0;0;0;0;0;0;0;0,009380863;0;0;0;0;0;0;0;0;0;0,011824874;0,007477474;0,003995525;0;0;0;0;0
Actibacterium_Rhodobacteraceae_Rhodobacterales_Alphaproteobacteria_Proteobacteria;0;0;0;0;0;0;0;0;0;0;0;0;0;0;0;0;0;0;0;0;0;0;0;0;0;0;0;0;0;0;0;0;0;0;0;0;0;0;0;0;0;0;0;0;0;0;0
Aequorivita_Flavobacteriaceae_Flavobacteriales_Flavobacteriia_Bacteroidetes;0;0;0;0;0;0;0;0;0;0;0;0;0;0;0;0;0;0;0;0,007062147;0;0;0;0;0;0;0;0;0;0;0;0;0;0;0;0;0;0;0;0;0;0;0;0;0;0;0
Aeromicrobium_Nocardioidaceae_Propionibacteriales_Actinobacteria_Actinobacteria;0;0;0;0;0;0;0;0;0;0;0;0;0;0;0;0;0;0;0;0;0;0;0;0;0;0;0;0;0;0;0;0;0;0;0;0;0;0;0;0;0;0;0;0;0;0;0
Aeromonas_Aeromonadaceae_Aeromonadales_Gammaproteobacteria_Proteobacteria;0;0;0;0;0;0;0;0;0;0;0;0;0;0;0;0;0;0;0;0;0;0;0;0;0;0;0;0;0;0;0;0;0;0;0;0;0;0;0;0;0;0,010488253;0;0;0;0;0
Aestuariivita_Rhodobacteraceae_Rhodobacterales_Alphaproteobacteria_Proteobacteria;0;0;0;0;0;0;0;0;0;0;0;0;0;0;0;0;0;0;0;0;0;0;0;0;0;0;0;0;0;0;0;0;0;0;0;0;0;0;0;0;0;0;0;0;0;0;0
Afifella_Rhodobiaceae_Rhizobiales_Alphaproteobacteria_Proteobacteria;0;0;0;0;0;0;0;0;0;0;0;0;0;0;0;0;0;0;0;0,02354049;0;0;0;0;0;0;0;0;0;0;0;0;0;0;0;0;0;0;0;0;0;0,00774133;0;0,009078529;0,006172078;0;0
Afipia_Bradyrhizobiaceae_Rhizobiales_Alphaproteobacteria_Proteobacteria;0;0;0;0;0;0;0;0;0;0;0;0;0;0;0;0;0;0;0;0;0;0;0;0;0;0;0;0;0;0;0;0;0;0;0;0;0;0;0;0;0;0;0;0;0;0;0
Agrococcus_Microbacteriaceae_Micrococcales_Actinobacteria_Actinobacteria;0;0;0;0;0;0;0;0;0;0;0;0;0;0;0;0;0;0;0;0;0;0;0;0;0;0;0;0;0;0;0;0;0;0;0;0;0;0;0;0;0;0;0;0;0;0;0
Ahrensia_Phyllobacteriaceae_Rhizobiales_Alphaproteobacteria_Proteobacteria;0,004126672;0;0;0,004553319;0;0,01013582;0;0;0;0;0;0;0,006305568;0,005743364;0;0;0;0,010738098;0;0;0;0;0;0;0;0;0;0,008919513;0,004573394;0;0;0;0;0;0;0;0;0;0;0;0;0,002746923;0;0;0;0;0
Albidiferax_Comamonadaceae_Burkholderiales_Betaproteobacteria_Proteobacteria;0,018157358;0,042768613;0,019774135;0,077406429;0,012925514;0,021538617;0,006776675;0,057791123;0;0,122343206;0,031356973;0,066668657;0,039634998;0,047095581;0,032247936;0,042233198;0,063881103;0;0,076115267;0;0,009616926;0,016890262;0,03813491;0;0,01820561;0,047625347;0;0,020068903;0;0,013401233;0;0;0;0,018588997;0,031090133;0,029848837;0;0;0,00582968;0;0,005608106;0,013734617;0;0;0;0;0
Algoriphagus_Cyclobacteriaceae_Cytophagales_Cytophagia_Bacteroidetes;0;0,006109802;0;0;0;0;0;0;0;0;0;0;0;0;0;0;0;0;0;0;0;0;0;0;0;0;0;0;0;0;0;0;0;0;0;0;0;0;0;0;0;0;0;0;0;0;0
Aliihoeflea_Phyllobacteriaceae_Rhizobiales_Alphaproteobacteria_Proteobacteria;0;0;0;0;0;0;0;0;0;0;0;0;0;0;0;0;0;0;0;0;0;0;0;0;0;0;0;0;0;0;0;0;0;0,02837268;0;0;0;0;0;0,032518402;0;0,01573238;0;0;0;0;0
Alkanindiges_Moraxellaceae_Pseudomonadales_Gammaproteobacteria_Proteobacteria;0;0;0;0;0;0;0;0;0;0;0;0;0;0;0;0;0;0;0;0;0;0;0;0;0;0;0;0;0;0;0;0;0;0;0;0;0;0;0;0;0;0;0;0;0;0;0
Altererythrobacter_Erythrobacteraceae_Sphingomonadales_Alphaproteobacteria_Proteobacteria;0;0;0;0;0;0;0;0;0;0;0;0;0;0;0;0;0;0;0;0;0;0;0;0;0;0;0;0;0;0;0;0;0;0;0;0;0;0;0;0;0;0;0;0;0;0;0
Alteromonas_Alteromonadaceae_Alteromonadales_Gammaproteobacteria_Proteobacteria;0;0;0;0;0;0;0;0;0;0;0;0;0;0;0;0;0;0;0;0;0;0;0;0;0;0;0;0;0;0;0;0;0;0;0;0;0;0;0;0;0;0;0;0;0;0;0
Aminobacter_Phyllobacteriaceae_Rhizobiales_Alphaproteobacteria_Proteobacteria;0;0;0;0;0;0;0;0;0;0;0,006532703;0,004975273;0;0,009189382;0;0;0,007822176;0,017571433;0,019028817;0,01059322;0;0;0,023467637;0,017617847;0,118336462;0,034396084;0;0,007804573;0,010976145;0;0,017754631;0;0;0,00587021;0;0;0;0,007179911;0;0,008868655;0,011216211;0,013484897;0;0;0;0,009573959;0,015835555
Amorphus_Caulobacteraceae_Caulobacterales_Alphaproteobacteria_Proteobacteria;0;0;0;0;0;0;0;0;0;0;0;0;0;0;0;0;0;0;0;0;0;0;0;0;0;0;0;0,010034452;0;0;0;0;0;0;0;0;0;0;0;0;0;0;0;0;0;0;0
Ancylobacter_Xanthobacteraceae_Rhizobiales_Alphaproteobacteria_Proteobacteria;0;0;0;0;0;0;0;0;0;0;0;0;0;0;0;0;0;0;0;0;0;0;0;0;0;0;0;0;0;0;0;0;0;0;0;0;0;0;0;0;0;0;0;0;0;0;0
Antarctobacter_Rhodobacteraceae_Rhodobacterales_Alphaproteobacteria_Proteobacteria;0;0;0;0;0;0;0;0;0;0;0;0;0;0;0;0;0;0;0;0;0;0;0;0;0;0;0;0;0;0;0;0;0;0;0;0;0;0;0;0;0;0;0;0;0;0;0
Aquabacterium_Comamonadaceae_Burkholderiales_Betaproteobacteria_Proteobacteria;0;0;0;0;0;0;0;0;0;0;0;0;0;0;0;0;0;0;0;0;0;0;0;0;0;0;0;0;0;0;0;0;0;0;0;0;0;0;0;0;0;0;0;0;0;0;0
Aquamicrobium_Phyllobacteriaceae_Rhizobiales_Alphaproteobacteria_Proteobacteria;0;0;0;0;0;0;0;0;0;0;0;0;0;0;0;0;0;0;0;0;0;0;0;0;0;0;0;0;0;0;0;0;0;0,013697156;0;0;0;0,011667355;0;0,041387058;0;0;0;0,008069804;0,004320454;0,006382639;0
Aquimonas_Xanthomonadaceae_Xanthomonadales_Gammaproteobacteria_Proteobacteria;0;0;0;0;0;0;0;0;0;0;0;0;0;0;0;0;0;0;0;0;0;0;0;0;0;0;0;0;0;0;0;0;0;0;0;0;0;0;0;0;0;0;0;0;0;0;0
Arcobacter_Campylobacteraceae_Campylobacterales_Epsilonproteobacteria_Proteobacteria;0;0;0;0;0;0;0;0;0;0;0;0;0;0;0;0;0;0;0;0;0;0;0;0;0;0;0;0;0;0;0;0;0;0;0;0;0;0;0;0;0;0;0;0;0;0;0
Arenibacter_Flavobacteriaceae_Flavobacteriales_Flavobacteriia_Bacteroidetes;0;0;0;0;0;0;0;0;0;0;0;0;0;0;0;0;0;0;0;0;0;0;0;0;0;0;0;0;0;0;0;0;0;0;0;0;0;0;0;0;0;0;0;0;0;0;0
Arthrobacter_Micrococcaceae_Micrococcales_Actinobacteria_Actinobacteria;0;0;0;0;0;0;0;0;0;0;0;0;0;0;0;0;0;0;0;0;0;0;0;0;0;0;0;0;0;0;0;0;0;0;0;0;0;0;0;0;0;0;0;0;0;0;0
Aureimonas_Aurantimonadaceae_Rhizobiales_Alphaproteobacteria_Proteobacteria;0;0;0;0;0;0;0;0;0;0;0;0;0;0;0;0;0;0;0;0;0;0;0;0;0;0;0;0;0;0;0;0;0;0;0;0;0;0;0;0;0;0;0;0;0;0;0
Azoarcus_Rhodocyclaceae_Rhodocyclales_Betaproteobacteria_Proteobacteria;0,005777341;0;0,005492815;0;0;0;0,005647229;0;0;0,006673266;0;0,006965382;0,006305568;0;0,005091779;0;0;0;0,009514408;0,007062147;0;0;0,007333636;0;0;0;0,012403485;0;0,005488073;0;0;0;0;0;0;0;0;0;0;0;0;0;0;0;0;0;0
Bacillus_Bacillaceae_Bacillales_Bacilli_Firmicutes;0;0;0;0;0;0;0;0;0;0;0;0;0;0;0;0;0;0;0;0;0;0;0;0;0;0;0;0;0;0;0;0;0;0;0;0;0;0;0;0;0;0;0;0;0;0;0
Bacteriovorax_Bacteriovoracaceae_Bdellovibrionales_Deltaproteobacteria_Proteobacteria;0;0;0;0;0;0;0;0;0;0;0;0;0;0;0;0;0;0;0;0;0;0;0;0;0;0;0;0;0;0;0;0;0;0;0;0;0;0;0;0;0;0;0;0;0;0;0
BAL58-marine-group_Comamonadaceae_Burkholderiales_Betaproteobacteria_Proteobacteria;0,028886706;0,043641442;0,068110911;0,006374647;0,00705028;0;0;0;0,01171486;0;0;0;0,004503977;0;0;0;0;0,010738098;0;0;0;0;0;0;0;0;0;0;0;0;0;0;0;0;0;0;0;0;0;0;0,004673421;0;0;0;0;0;0
Balneola_Unknown-Family_Order-III_Cytophagia_Bacteroidetes;0;0;0;0;0;0;0;0;0;0;0;0;0;0;0;0;0;0;0;0;0;0;0;0;0;0;0;0;0;0;0;0;0;0;0;0;0;0;0;0;0;0;0;0;0;0;0
Bartonella_Bartonellaceae_Rhizobiales_Alphaproteobacteria_Proteobacteria;0;0;0;0;0;0;0;0;0;0;0;0;0;0;0;0;0;0;0;0;0;0;0;0;0;0;0;0;0;0;0;0;0;0;0;0;0;0;0;0;0;0;0;0;0;0;0
Bauldia_Rhizobiales-Incertae-Sedis_Rhizobiales_Alphaproteobacteria_Proteobacteria;0;0;0;0;0;0;0;0;0;0;0;0;0;0;0;0;0;0;0;0;0;0;0;0;0;0;0;0;0;0;0;0;0;0;0;0;0;0;0;0;0;0;0;0;0;0;0
BD1-7-clade_Spongiibacteraceae_Cellvibrionales_Gammaproteobacteria_Proteobacteria;0;0;0;0;0;0;0;0;0;0;0;0;0;0;0;0,011731444;0;0;0;0;0;0;0,022000909;0;0;0;0;0;0;0;0;0;0;0;0;0;0;0;0;0;0;0,002497203;0;0;0;0;0
Blastomonas_Sphingomonadaceae_Sphingomonadales_Alphaproteobacteria_Proteobacteria;0,7692117;0,8178406;0,678912;1,5818231;1,8224974;1,801642;0,9792295;0,9321959;0,9000918;0,7585279;0,8035224;0,6079783;0,8467477;0,9752231;0,9504655;0,6686923;0,741803;0,7516668;0,774235;0,9498588;1,2021157;0,731107;1,1147127;1,1440589;0,5564089;0,8334436;1,0046823;0,9900659;1,5494658;1,3213616;0,7279399;1,4496198;1,3622132;1,0018491;0,9619099;1,0649639;1,2608796;1,4745741;1,3431583;1,12;68;1,0912778;1,041443;1,3708579;0,7437353;1,2111058;0,6809289
Blastopirellula_Planctomycetaceae_Planctomycetales_Planctomycetacia_Planctomycetes;0;0;0;0;0;0;0;0;0;0;0;0;0;0;0;0;0;0;0;0;0;0;0;0;0;0;0;0;0;0;0;0;0;0;0;0;0;0;0;0;0;0;0;0;0;0;0
Bosea_Bradyrhizobiaceae_Rhizobiales_Alphaproteobacteria_Proteobacteria;0;0;0;0;0;0;0;0;0;0;0;0;0;0;0;0;0;0;0;0;0;0;0;0;0;0;0;0;0;0;0;0;0;0;0;0;0;0;0;0;0;0;0;0;0;0;0
Boseongicola_Rhodobacteraceae_Rhodobacterales_Alphaproteobacteria_Proteobacteria;0;0;0;0;0;0;0;0;0;0;0;0;0,007206363;0;0,006789039;0;0;0;0;0,02354049;0,011219747;0,012064473;0,013200546;0;0;0,009260484;0,020155664;0,020068903;0,035672472;0;0;0;0,043942362;0,009783683;0,020726755;0;0;0,03051462;0;0,040401652;0,024301791;0,001248602;0;0,006052353;0,024071102;0,024732727;0,014303082
Bradyrhizobium_Bradyrhizobiaceae_Rhizobiales_Alphaproteobacteria_Proteobacteria;0;0;0;0;0;0;0;0;0;0;0;0;0;0;0;0;0;0;0;0;0;0;0;0;0;0;0;0;0;0;0;0;0;0;0;0;0;0;0;0;0;0,001248602;0;0;0;0;0
Brevundimonas_Caulobacteraceae_Caulobacterales_Alphaproteobacteria_Proteobacteria;0,004952007;0,01483809;0;0,018213277;0,01057542;0,022805595;0,018071132;0,028895561;0,039049534;0,017795375;0,048342;0,006965382;0,018916703;0,02986549;0,010183559;0,030501754;0,023466528;0,010738098;0,051139945;0,032956685;0,025645135;0,036193418;0,008800364;0,022022309;0,009102805;0,033073158;0,017054792;0,043482624;0,065856871;0,045564192;0,028111499;0,031685678;0,03112584;0,043048204;0,020726755;0,053301495;0,036403349;0,070004128;0,111929857;0,096569801;0,079448162;0,066675324;0,045331997;0,090785293;0,018516233;0,028721876;0,033714408
Brucella_Brucellaceae_Rhizobiales_Alphaproteobacteria_Proteobacteria;0;0;0;0;0;0;0;0;0;0;0;0;0;0;0;0;0;0;0;0;0;0;0;0;0;0;0;0;0;0;0;0;0;0;0;0;0;0;0;0;0;0;0;0;0;0;0
Burkholderia_Burkholderiaceae_Burkholderiales_Betaproteobacteria_Proteobacteria;0,043742727;0,00785546;0,038449708;0;0;0;0;0;0,013667337;0,02335643;0,006532703;0;0;0,010338054;0,011032189;0,016424021;0;0;0;0;0;0;0;0;0;0;0;0;0;0;0,007397763;0;0;0;0,007537002;0,007462209;0;0;0,00582968;0;0;0,003995525;0;0,009078529;0;0;0
Caenimonas_Comamonadaceae_Burkholderiales_Betaproteobacteria_Proteobacteria;0,004952007;0;0;0;0;0;0;0;0;0;0;0;0;0;0;0;0;0;0;0;0;0;0;0;0;0;0;0;0;0;0;0;0;0;0;0;0;0;0;0;0;0;0;0;0;0;0
Candidatus-Aquiluna_Microbacteriaceae_Micrococcales_Actinobacteria_Actinobacteria;0;0;0;0;0;0;0;0;0;0;0;0;0;0;0;0;0;0;0;0;0;0;0;0;0;0;0;0;0;0;0;0;0;0;0;0;0;0;0;0;0;0;0;0;0;0;0
Caulobacter_Caulobacteraceae_Caulobacterales_Alphaproteobacteria_Proteobacteria;0;0;0;0;0;0;0;0;0;0;0;0;0;0;0;0;0;0;0;0;0;0;0;0;0;0;0;0;0;0;0;0;0;0;0;0;0;0;0;0;0;0;0;0;0;0;0
CB31G03_Microbacteriaceae_Micrococcales_Actinobacteria_Actinobacteria;0;0;0;0;0;0;0;0;0;0;0;0;0;0;0;0;0;0;0;0;0;0;0;0;0;0;0;0;0;0;0;0;0;0;0;0;0;0;0;0;0;0;0;0;0;0;0
Celeribacter_Rhodobacteraceae_Rhodobacterales_Alphaproteobacteria_Proteobacteria;0;0;0,009887068;0;0;0;0;0;0;0;0,006532703;0;0;0;0;0;0;0,006833335;0;0,008239171;0,008014105;0;0;0;0;0;0;0;0,00731743;0,017421603;0;0;0;0;0,005652751;0;0;0;0;0;0;0;0;0;0,004320454;0;0,004597419
Chelativorans_Phyllobacteriaceae_Rhizobiales_Alphaproteobacteria_Proteobacteria;0;0;0;0;0;0;0;0;0;0;0;0;0;0;0;0;0;0;0;0;0;0;0;0;0;0;0;0;0;0;0;0;0;0;0;0;0;0;0;0;0;0;0;0;0;0;0
Chlorochromatium_Comamonadaceae_Burkholderiales_Betaproteobacteria_Proteobacteria;0,005777341;0,005236973;0;0;0;0,007601865;0;0;0;0,006673266;0;0;0,004503977;0;0;0,005865722;0;0;0;0,009416196;0;0;0;0;0;0;0;0;0;0;0;0;0;0;0;0;0;0;0;0;0;0;0;0;0;0;0
Christensenellaceae-R-7-group_Christensenellaceae_Clostridiales_Clostridia_Firmicutes;0;0;0;0;0;0;0;0,038946191;0;0;0;0;0;0;0;0;0,018251744;0;0;0;0;0;0;0;0;0;0;0;0;0;0;0;0;0;0;0;0;0;0;0;0;0;0;0;0;0;0
Citreicella_Rhodobacteraceae_Rhodobacterales_Alphaproteobacteria_Proteobacteria;0;0;0;0;0;0;0;0;0;0;0;0;0;0;0;0;0;0;0;0;0;0;0;0;0;0;0;0;0;0;0;0;0;0;0;0;0;0;0;0;0;0;0;0;0;0;0
Cloacibacterium_Flavobacteriaceae_Flavobacteriales_Flavobacteriia_Bacteroidetes;0;0;0;0;0;0;0;0;0;0;0;0;0;0;0;0;0;0;0;0;0;0;0;0;0;0;0;0;0;0;0;0;0;0;0;0;0;0;0;0;0;0;0;0;0;0;0
Clostridium-sensu-stricto-13_Clostridiaceae-1_Clostridiales_Clostridia_Firmicutes;0;0;0;0;0;0;0;0;0;0;0;0;0;0;0;0;0;0;0;0;0;0;0;0;0;0;0;0;0;0;0;0;0;0;0;0;0;0;0;0;0;0;0;0;0;0;0
Cobetia_Halomonadaceae_Oceanospirillales_Gammaproteobacteria_Proteobacteria;0;0;0;0;0;0;0;0;0;0,017795375;0,018291568;0,005970327;0,071162837;0,063176999;0,07213354;0,07508124;0,035199791;0,046857154;0,023786021;0,037664783;0,017631031;0,065148152;0,052802182;0,048449079;0,021619161;0;0,012403485;0,034563111;0,027440363;0,01206111;0,014795526;0,012674271;0,018309318;0,011740419;0,009421252;0,006396179;0;0,007179911;0,008161552;0;0;0,009489372;0,010736526;0,012104706;0,013578571;0,006382639;0,010727312
Cohaesibacter_Phyllobacteriaceae_Rhizobiales_Alphaproteobacteria_Proteobacteria;0;0;0;0;0;0;0;0;0;0;0;0;0;0;0;0;0;0;0;0;0;0;0;0;0;0;0;0;0;0;0;0;0;0;0;0;0;0;0;0;0;0;0;0;0;0;0
Colwellia_Colwelliaceae_Alteromonadales_Gammaproteobacteria_Proteobacteria;0;0;0;0;0;0;0;0;0;0,01112211;0;0;0;0;0;0;0;0;0;0;0;0;0;0;0;0;0;0;0;0;0;0;0;0;0;0;0;0;0;0;0;0;0;0;0;0;0
Comamonas_Comamonadaceae_Burkholderiales_Betaproteobacteria_Proteobacteria;0;0;0;0;0;0;0;0;0;0;0;0;0;0;0;0;0;0;0;0;0;0;0;0;0;0;0;0;0;0;0;0;0;0;0;0;0;0;0;0;0;0;0;0;0;0;0
Crocinitomix_Cryomorphaceae_Flavobacteriales_Flavobacteriia_Bacteroidetes;0;0;0;0;0;0;0;0;0;0;0;0;0;0;0;0;0;0;0;0;0;0;0;0;0;0;0;0;0;0;0;0;0;0;0;0;0;0;0;0;0;0;0;0;0;0;0
Cupriavidus_Burkholderiaceae_Burkholderiales_Betaproteobacteria_Proteobacteria;5,89701476;5,83398795;6,39473569;1,93425007;3,11387378;2,19820596;2,15159421;0,98496174;1,35697132;2,18549455;2,49549244;1,99607949;2,42313963;2,14916664;2,4050171;2,04009807;1,69741216;2,07147668;1,87077055;2,01741996;2,30165091;2,21745005;1,94341366;2,64708149;1,01154918;1,73303347;2,49155013;1,97567203;2,65531245;2,30903243;1,38190211;1,82984791;1,84191735;1,39515316;1,66756169;1,73123254;1,06066122;1,46829172;1,07732488;1,12730462;1,08423375;0,89749481;0,84937847;0,90886165;0,61103568;0,70927078;0,39486724
Defluviicoccus_Rhodospirillaceae_Rhodospirillales_Alphaproteobacteria_Proteobacteria;0;0;0;0;0;0;0;0;0;0;0;0;0;0;0;0;0;0;0,033300429;0;0;0;0;0;0;0;0;0;0;0;0;0;0;0;0,004710626;0;0;0;0;0;0;0;0;0;0;0;0
Defluviimonas_Rhodobacteraceae_Rhodobacterales_Alphaproteobacteria_Proteobacteria;0,014030686;0,035785982;0,136221822;0,050997177;0,088128503;0,057013987;0,074543422;0,04020252;0,044906964;0,088976877;0,088844757;0,080599421;0,072964428;0,071217708;0,170574607;0,065696085;0,161658301;0,093714308;0,095144084;0,11299435;0,094566437;0,082038413;0,196541457;0,10130262;0,088752347;0,123032147;0,10387919;0,125988115;0,153666032;0,22380059;0,099130023;0,185361217;0,09337752;0,086096408;0,041453511;0,150310215;0,072806698;0,279119025;0,16089917;0,071934648;0,122443639;0,075665255;0,089471047;0,157361174;0,109245772;0,157172491;0,093991684
Deinococcus_Deinococcaceae_Deinococcales_Deinococci_Deinococcus-Thermus;0;0;0;0;0;0;0;0;0;0;0;0;0;0;0;0;0;0;0;0;0;0;0;0;0;0;0;0;0;0;0;0;0;0;0,008479127;0;0;0,004487444;0;0,004927031;0,008412158;0,001748042;0;0;0,008640909;0,005584809;0
Delftia_Comamonadaceae_Burkholderiales_Betaproteobacteria_Proteobacteria;0;0;0;0;0;0;0;0;0;0;0;0;0;0;0;0;0;0;0;0;0;0;0;0;0;0;0;0;0;0;0;0;0;0;0;0;0;0;0;0;0;0;0;0;0;0;0
Desulfovibrio_Desulfovibrionaceae_Desulfovibrionales_Deltaproteobacteria_Proteobacteria;0,008253345;0,006109802;0,029661203;0,030051908;0,012925514;0,03040746;0,006776675;0;0;0,005561055;0;0;0;0;0;0;0;0,005857144;0,005946505;0;0;0;0;0;0;0,015875116;0;0;0,005488073;0;0;0,017427123;0;0;0,008479127;0,005330149;0,029784558;0,007179911;0;0;0,00654279;0,004994406;0;0;0,004937662;0;0
Devosia_Hyphomicrobiaceae_Rhizobiales_Alphaproteobacteria_Proteobacteria;0;0,005236973;0;0;0;0,007601865;0;0;0;0;0,007839243;0,008955491;0;0;0,007637669;0;0;0;0,007135806;0,024717514;0;0;0;0;0;0;0;0,020068903;0,00731743;0;0;0;0;0;0;0,005330149;0;0,017052288;0,010493424;0,054197337;0,022432422;0,057685392;0,040560208;0,069602058;0,046290581;0,0853678;0,035757706
Diplosphaera_Opitutaceae_Opitutales_Opitutae_Verrucomicrobia;0;0;0;0;0;0;0;0;0;0;0;0;0;0;0;0;0;0;0;0;0;0;0;0;0;0;0;0;0;0;0;0;0;0;0;0;0;0;0;0;0;0;0;0;0;0;0
Dokdonella_Xanthomonadaceae_Xanthomonadales_Gammaproteobacteria_Proteobacteria;0;0;0;0;0;0;0;0;0;0;0;0;0;0;0;0;0;0;0;0;0;0;0;0;0;0;0;0;0;0;0;0;0;0;0;0;0;0;0;0;0;0;0;0;0;0;0
Dokdonia_Flavobacteriaceae_Flavobacteriales_Flavobacteriia_Bacteroidetes;0;0;0;0;0;0;0;0;0;0;0;0;0;0;0;0;0;0;0;0;0;0;0;0;0;0;0;0;0;0;0;0;0;0;0;0;0;0;0;0;0;0;0;0;0;0;0
Dyadobacter_Cytophagaceae_Cytophagales_Cytophagia_Bacteroidetes;0;0;0;0;0;0;0;0;0;0;0;0;0;0;0;0;0;0;0;0;0;0;0;0;0;0;0;0;0;0;0;0;0;0;0;0;0;0;0;0;0;0;0;0;0;0;0
Endozoicomonas_Hahellaceae_Oceanospirillales_Gammaproteobacteria_Proteobacteria;0;0;0;0;0;0;0;0;0;0;0;0;0;0;0;0;0;0;0;0;0;0;0;0,01871896;0;0;0;0;0;0;0;0;0;0;0;0;0;0;0;0;0;0;0;0;0;0;0
Ensifer_Rhizobiaceae_Rhizobiales_Alphaproteobacteria_Proteobacteria;0,004126672;0;0,007689942;0,005463983;0;0;0,025977253;0,022613918;0,044906964;0,008897688;0,018291568;0,01293571;0,027924657;0,016081418;0,015275338;0,025809176;0,015644352;0,004880954;0,008325107;0,016478343;0,020836673;0,009651578;0,016134;0,016516731;0;0,009260484;0;0,006689634;0;0,00804074;0,013315973;0,025348542;0,018309318;0,02250247;0,01978463;0,014924418;0;0,005384933;0;0,015766498;0,008412158;0,003246364;0,026244841;0,007061078;0,009258116;0,006382639;0,00817319
Erythrobacter_Erythrobacteraceae_Sphingomonadales_Alphaproteobacteria_Proteobacteria;0,009078679;0,004364144;0,007689942;0;0;0,007601865;0,02145947;0;0;0,013346532;0;0,004975273;0,015313522;0,018378763;0,004243149;0,008212011;0,011733264;0;0,013082312;0,011770245;0,009616926;0;0,019067455;0,008808923;0,029584116;0,013229263;0,017054792;0,016724086;0;0,025462343;0;0,022179975;0,021971181;0,007826946;0;0,018122508;0;0,005384933;0,016323104;0,014781092;0,024301791;0,017730142;0,015508315;0,034296666;0,006172078;0,021541407;0,037801003
Escherichia-Shigella_Enterobacteriaceae_Enterobacteriales_Gammaproteobacteria_Proteobacteria;0,043742727;0,185912543;0,039548271;0,010017303;0,023500934;0,017737685;0,022588916;0,026382904;0,01171486;0,10343562;0,081005514;0,08258953;0,049543747;0,08500178;0,104381476;0,097370983;0,036503487;0,061500015;0,064222257;0,063559322;0,16669338;0,028954734;0,027867819;0,072673618;0,006827104;0,023812674;0,027907842;0,040137806;0,032928436;0,009380863;0;0,049112801;0,042111431;0,018588997;0,030148008;0,027716777;0;0,03051462;0,012825296;0,018722717;0,041126108;0,013484897;0;0,005043627;0,014195778;0;0
Exiguobacterium_Family-XII_Bacillales_Bacilli_Firmicutes;0;0;0;0;0;0;0;0;0;0;0;0;0;0;0;0;0;0;0;0;0;0;0;0;0;0;0;0;0;0;0;0;0;0;0;0;0;0;0;0;0;0;0;0;0;0;0
Falsirhodobacter_Rhodobacteraceae_Rhodobacterales_Alphaproteobacteria_Proteobacteria;0;0;0;0;0;0;0;0;0;0;0;0,009950546;0;0;0;0;0;0;0;0;0;0;0;0;0;0;0;0;0;0;0;0;0;0;0;0;0;0;0;0;0;0;0;0;0;0;0
Ferrovibrio_Rhodospirillaceae_Rhodospirillales_Alphaproteobacteria_Proteobacteria;43,5033797;42,4430479;33,7928989;38,7469265;32,6110713;30,7090006;25,2566665;18,4944156;27,3717711;27,087898;27,7679061;28,0207369;23,7818994;25,3994509;23,1404398;15,3271313;13,863503;16,0807895;11,8073808;7,2681262;13,9493509;10,4381816;10,5208349;11,1003447;4,4489958;9,390131;10,1212441;9,9106934;13,1073467;12,0235862;8,6465053;11,1280101;8,6273505;11,7629218;13,7559707;14,1696693;8,1824801;8,5773007;7,6613655;8,3749667;8,1018432;7,3505174;6,5802973;7,8166137;5,4672263;6,27573;4,2076603
Ferruginibacter_Chitinophagaceae_Sphingobacteriales_Sphingobacteriia_Bacteroidetes;0;0;0;0;0;0;0;0;0;0;0;0;0;0;0;0;0;0;0;0;0;0;0;0;0;0;0;0;0;0;0;0;0;0;0;0;0;0;0;0;0;0;0;0;0;0;0
Filomicrobium_Hyphomicrobiaceae_Rhizobiales_Alphaproteobacteria_Proteobacteria;0;0;0;0;0;0;0;0;0;0;0;0;0;0;0;0;0;0;0;0;0;0;0;0;0;0;0;0;0;0;0;0;0;0;0;0;0;0;0;0;0;0;0;0;0;0,004786979;0
Flavobacterium_Flavobacteriaceae_Flavobacteriales_Flavobacteriia_Bacteroidetes;0;0;0,008788505;0;0;0;0;0;0;0;0;0;0;0;0;0;0;0;0;0;0;0;0;0;0;0;0;0;0;0;0;0;0;0;0;0;0;0;0;0;0;0;0;0;0;0;0
Fluviicola_Cryomorphaceae_Flavobacteriales_Flavobacteriia_Bacteroidetes;0;0;0;0,004553319;0;0;0;0;0;0;0;0;0;0;0,005940409;0,007038866;0,007822176;0;0;0,04472693;0,024042314;0,006032236;0;0;0;0;0;0,016724086;0;0;0,007397763;0;0;0;0;0;0;0,011667355;0,006995616;0,011824874;0;0,00799105;0,008350631;0;0;0,00398915;0
Frankia_Frankiaceae_Frankiales_Actinobacteria_Actinobacteria;0;0;0;0;0;0;0;0;0;0;0;0;0;0;0;0;0;0;0;0;0;0;0;0;0;0;0;0;0;0;0;0;0;0;0;0;0;0;0;0;0;0;0;0;0;0;0
Frondihabitans_Microbacteriaceae_Micrococcales_Actinobacteria_Actinobacteria;0;0;0;0;0;0;0;0;0;0;0;0;0;0;0;0;0;0;0;0;0;0;0;0;0;0;0;0;0;0;0;0;0;0;0;0;0;0;0;0;0;0;0;0;0;0;0
Gallaecimonas_Unknown-Family_Gammaproteobacteria-Incertae-Sedis_Gammaproteobacteria_Proteobacteria;8,493516998;8,311949027;9,277365206;2,115472179;3,107998543;2,784816542;1,449078937;1,19225599;2,175059062;7,706509771;7,583161305;7,928594883;8,13868646;7,762730165;9,003963102;8,271841015;7,633139952;8,976073566;8,725901788;7,370527307;8,879628146;8,805858508;8,813564294;8,085490602;2,978892871;6,264056092;7,105646687;2,931174811;3,10259037;3,122487269;2,367284133;2,164131812;1,990222824;2,338300183;2,868771374;2,95077074;2,533342158;2,724776077;2,56505923;2,603443009;2,080607171;1,361225428;1,542480853;1,290159883;0,668435996;0,836923568;0,465361
Gemmobacter_Rhodobacteraceae_Rhodobacterales_Alphaproteobacteria_Proteobacteria;0,014030686;0,042768613;0,047238212;0,006374647;0,018800747;0,032941415;0,058731181;0,03015189;0,041002011;0,03447854;0,020904649;0,018906037;0,031527839;0,034460181;0,037339715;0,783660445;0,014340656;0,031238103;0,055897149;0,016478343;0,020836673;0,025335392;0,033734728;0,045145733;0,028446265;0,029104379;0,012403485;0,017839025;0,015549539;0,006700616;0;0,044359949;0;0,011740419;0,012247628;0,007462209;0,013237581;0,007179911;0,024484656;0,034489215;0,005608106;0,002996644;0;0;0;0;0,029627813
GKS98-freshwater-group_Alcaligenaceae_Burkholderiales_Betaproteobacteria_Proteobacteria;0,397811213;0,447761194;0,538295909;0,005463983;0;0,026606527;0,013553349;0,01005063;0;0,033366329;0,032663514;0,004975273;0,017115113;0;0;0,039886909;0,037807183;0,031238103;0,023786021;0,03413371;0,024042314;0,038606312;0,058669092;0;0,017067759;0,029104379;0,048063506;0,02341372;0,019208254;0,017421603;0;0,009505703;0;0,015653892;0;0;0,026475163;0,008077399;0,01165936;0,019708123;0,015889632;0,014234058;0,010736526;0;0,004320454;0,007180469;0,004597419
Gordonia_Nocardiaceae_Corynebacteriales_Actinobacteria_Actinobacteria;0;0,010473946;0;0;0;0;0,005647229;0;0;0,007785477;0;0;0;0;0;0,019943454;0;0,005857144;0,009514408;0,01059322;0;0;0;0;0;0;0;0,010034452;0,006402751;0;0;0;0;0;0,004710626;0;0,009928186;0,009872377;0,019820912;0;0;0,003745805;0;0;0;0;0
Haematobacter_Rhodobacteraceae_Rhodobacterales_Alphaproteobacteria_Proteobacteria;0;0,005236973;0,006591378;0;0;0;0;0;0;0;0;0;0;0;0;0;0;0;0;0;0;0;0;0;0;0;0;0;0;0;0;0;0;0;0;0;0;0;0;0;0;0,001248602;0;0;0;0;0
Halomonas_Halomonadaceae_Oceanospirillales_Gammaproteobacteria_Proteobacteria;0;0;0;0;0;0;0;0;0;0;0;0;0;0;0;0;0;0;0;0;0;0;0;0,005505577;0;0;0;0;0;0;0;0;0;0;0;0;0;0;0;0;0;0;0;0;0;0;0
Hoeflea_Phyllobacteriaceae_Rhizobiales_Alphaproteobacteria_Proteobacteria;0,7708624;0,9679672;1,5544668;4,6279938;4,0985629;4,4876343;25,0759552;36,4096637;26,961751;9,9820934;10,2511171;9,3933152;15,0946286;13,3406848;11,989443;29,5256977;33,4072094;23,367077;31,288132;22,404661;21,9682641;27,7929254;26,1576145;26,1724126;66,2490755;36,6728403;31,6769512;34,4114794;35,2105591;38,5138033;52,6528378;43,4188847;52,1028251;44,7202356;37,4165042;35,6384453;45,5951948;39,7982445;35,6671486;40,8470551;43,0356675;45,4505953;43,8014459;44,4615928;59,7185533;45,8034147;70,5172608
Hydrogenophaga_Comamonadaceae_Burkholderiales_Betaproteobacteria_Proteobacteria;0;0;0;0;0;0;0;0;0;0;0,007839243;0;0;0,005743364;0,017821228;0,038713765;0,02607392;0,020500005;0,020218118;0,030602637;0;0,014477367;0,019067455;0,017617847;0;0,021166821;0,015504357;0,018953964;0,005488073;0,00804074;0;0,025348542;0,018309318;0,019567366;0,018842505;0,014924418;0,019856372;0,027822154;0,032646208;0,031532996;0,028040528;0,022225108;0,014315368;0,066575881;0,01110974;0,027126217;0,020432975
Hyphomicrobium_Hyphomicrobiaceae_Rhizobiales_Alphaproteobacteria_Proteobacteria;0;0;0,010985631;0,051907841;0,072852896;0,054480032;0,07228453;0,05025315;0,060526778;0,140138581;0,137186757;0,109456004;0,053146929;0,079258417;0,062798612;0,132565315;0,09386611;0,111285741;0,060654353;0,224811676;0,06571566;0,135122092;0,151072911;0,167369545;0,020481311;0,037041937;0,03566002;0,238596961;0,249707303;0,326990083;0,029591052;0,07287706;0,036618635;0,051853519;0,058411765;0,057565614;0,047986233;0,087056416;0,108432049;0,148796326;0,196283695;0,504934473;0,393672608;0,534624502;0,250586347;0,393330142;0,221186952
Hyphomonas_Hyphomonadaceae_Caulobacterales_Alphaproteobacteria_Proteobacteria;0,061074751;0,070699136;0,134024696;0,085602404;0,074027943;0,124163795;0,033883373;0,035177205;0,041002011;0,149036269;0,207739946;0,187070261;0,255825894;0,279127468;0,289382791;0,281554651;0,2268431;0,279190543;0,349654508;0,376647834;0,307741625;0,346250362;0,457618915;0,403008247;0,109233658;0,284429157;0,36900369;0,258665864;0,200314649;0,254623425;0,251523939;0,353295311;0,256330447;0,213284284;0,276042697;0,230262457;0,203527815;0,208217408;0,258837795;0,153723357;0,186002168;0,154826594;0,203993988;0,136177939;0,069127268;0,123663635;0,052104086
Idiomarina_Idiomarinaceae_Alteromonadales_Gammaproteobacteria_Proteobacteria;0,141957528;0,139652614;0,121940502;0;0,00705028;0,01013582;0,005647229;0;0;0,014458743;0,02482427;0,017910982;0,026123067;0,022973454;0,021215747;0,015250877;0,018251744;0,009761907;0,009514408;0,009416196;0,025645135;0,024128945;0,023467637;0,013213385;0;0,007937558;0,015504357;0;0,008232109;0,009380863;0,008877315;0;0;0;0;0;0;0;0;0,009854061;0;0,002247483;0;0;0;0;0
Ilumatobacter_Acidimicrobiaceae_Acidimicrobiales_Acidimicrobiia_Actinobacteria;0;0;0;0;0;0;0;0;0;0;0;0;0;0;0;0;0;0;0;0;0;0;0;0;0;0;0;0;0;0;0;0;0;0;0;0;0;0;0;0;0;0;0;0;0;0;0
Imperialibacter_Flammeovirgaceae_Cytophagales_Cytophagia_Bacteroidetes;0;0;0;0;0;0;0;0;0;0;0;0;0;0;0;0;0;0;0;0;0;0;0;0;0;0;0;0;0;0;0;0;0;0;0;0;0;0;0;0;0;0;0;0;0;0;0
Jahnella_Polyangiaceae_Myxococcales_Deltaproteobacteria_Proteobacteria;0;0;0;0;0;0;0;0;0;0;0;0;0;0;0;0;0;0;0;0;0;0;0;0;0;0;0;0;0;0;0;0;0;0;0;0;0;0;0;0;0;0;0;0;0;0;0
Jannaschia_Rhodobacteraceae_Rhodobacterales_Alphaproteobacteria_Proteobacteria;0;0;0;0;0;0;0;0;0;0;0;0;0;0;0;0;0;0;0;0;0;0;0;0;0;0;0;0;0;0;0;0;0;0;0;0;0;0;0;0;0;0;0;0;0;0;0
Jatrophihabitans_Frankiaceae_Frankiales_Actinobacteria_Actinobacteria;0;0;0;0;0;0;0;0;0;0;0;0;0;0;0;0;0;0;0;0;0;0;0;0;0;0;0;0;0;0;0;0;0;0;0;0;0;0;0;0;0;0;0;0;0;0;0
Jhaorihella_Rhodobacteraceae_Rhodobacterales_Alphaproteobacteria_Proteobacteria;0;0;0;0;0;0;0;0;0;0;0;0;0;0;0;0;0;0;0;0;0;0;0;0;0;0;0;0;0;0;0;0;0;0;0;0;0;0;0;0;0;0;0;0;0;0;0
Kaistia_Rhizobiaceae_Rhizobiales_Alphaproteobacteria_Proteobacteria;0;0;0;0;0;0;0;0;0;0;0;0;0;0;0;0;0;0;0;0,009416196;0,008014105;0;0;0;0;0;0;0;0;0;0;0;0;0;0;0;0;0;0;0;0;0;0;0;0;0;0
Kerstersia_Alcaligenaceae_Burkholderiales_Betaproteobacteria_Proteobacteria;0,020633362;0,031421838;0,027464077;0,01639195;0,031726261;0;0;0;0;0;0;0,036817019;0;0,035608854;0,040734235;0;0;0;0,040436236;0;0;0,012064473;0;0,045145733;0;0;0,026357406;0;0;0;0,008877315;0;0,010985591;0;0,008479127;0;0;0;0;0;0;0,002746923;0;0,010087255;0;0;0
Ketogulonicigenium_Rhodobacteraceae_Rhodobacterales_Alphaproteobacteria_Proteobacteria;0;0;0;0;0;0;0;0;0;0;0;0;0;0;0;0;0;0;0;0;0;0;0;0;0;0;0;0;0;0;0;0;0;0;0;0;0;0;0;0;0;0;0;0;0;0;0
Kiloniella_Sphingomonadales-Incertae-Sedis_Sphingomonadales_Alphaproteobacteria_Proteobacteria;0;0;0;0;0;0;0;0;0;0;0;0;0;0;0;0;0;0;0;0;0;0;0;0;0;0;0;0;0;0;0;0;0;0;0;0;0;0;0;0;0;0;0;0;0;0;0
Klebsiella_Enterobacteriaceae_Enterobacteriales_Gammaproteobacteria_Proteobacteria;0;0;0;0;0;0;0;0;0;0;0;0;0;0;0;0;0;0;0;0;0;0;0;0;0;0;0;0;0;0;0;0;0;0;0;0;0;0;0;0;0;0;0;0;0;0;0
Kordiimonas_Kordiimonadaceae_Kordiimonadales_Alphaproteobacteria_Proteobacteria;0;0;0;0;0;0;0;0;0;0;0;0;0;0;0;0;0;0;0;0;0;0;0;0;0;0;0;0;0;0;0;0;0;0;0;0;0;0;0;0;0;0;0;0;0;0;0
Labrenzia_Rhodobacteraceae_Rhodobacterales_Alphaproteobacteria_Proteobacteria;0;0;0;0;0;0;0;0;0;0;0;0;0;0;0;0;0;0;0;0;0;0;0;0;0;0;0;0;0;0;0;0;0;0;0;0;0;0;0;0;0;0;0;0;0;0;0
Labrys_Xanthobacteraceae_Rhizobiales_Alphaproteobacteria_Proteobacteria;0;0;0;0;0;0;0;0;0;0;0;0;0;0;0;0;0;0;0;0;0;0;0;0;0;0;0;0;0;0;0;0;0;0;0;0;0;0;0;0;0;0;0;0;0;0;0
Lapillicoccus_Intrasporangiaceae_Micrococcales_Actinobacteria_Actinobacteria;0,006602676;0,005236973;0;0;0;0;0;0;0;0,005561055;0;0,004975273;0;0,008040709;0;0;0,00651848;0,004880954;0,010703709;0,031779661;0;0;0;0;0;0;0;0,005574695;0;0,00804074;0;0;0;0;0;0;0;0;0;0;0;0,003246364;0,009543578;0,006052353;0;0;0
Lentibacter_Rhodobacteraceae_Rhodobacterales_Alphaproteobacteria_Proteobacteria;0,004126672;0;0;0;0,005875234;0;0;0;0;0;0;0;0;0;0;0;0;0;0;0;0;0;0;0;0;0;0;0;0;0;0;0;0;0;0;0;0;0;0;0;0;0;0;0;0;0;0
Leptothrix_Comamonadaceae_Burkholderiales_Betaproteobacteria_Proteobacteria;0,008253345;0;0;0;0;0;0;0;0;0;0;0;0;0;0;0;0;0;0;0;0;0;0;0;0;0;0;0;0;0;0;0;0;0;0;0;0;0;0;0;0;0;0;0;0;0;0
Lewinella_Saprospiraceae_Sphingobacteriales_Sphingobacteriia_Bacteroidetes;0;0;0;0;0;0;0;0;0;0;0;0;0;0;0;0;0;0;0;0;0;0;0;0;0;0;0;0;0;0;0;0;0;0;0;0;0;0;0;0;0;0;0;0;0;0;0
Limnobacter_Burkholderiaceae_Burkholderiales_Betaproteobacteria_Proteobacteria;0,009078679;0;0,012084194;0;0;0;0;0;0,01171486;0;0;0,005970327;0,007206363;0;0,011032189;0;0;0;0,020218118;0,014124294;0;0;0;0;0,020481311;0,011906337;0,027907842;0,006689634;0,025611005;0;0,010356868;0;0,023802113;0,018588997;0,01978463;0;0,013237581;0,020642243;0,013991232;0,007883249;0,018693685;0,008989931;0,014315368;0;0,008023701;0,006382639;0,003575771
Limnohabitans_Comamonadaceae_Burkholderiales_Betaproteobacteria_Proteobacteria;14,99467659;11,64091822;0,814035242;17,25252709;14,97127011;18,12791405;18,71491659;20,99325351;15,90292286;14,15955778;0,551360109;12,43519707;12,92010846;13,32345475;13,62220695;10,29668821;5,587640962;7,922763791;5,745513362;1,957391714;10,21798365;4,153797896;6,688276449;7,522820617;3,827729419;9,70234158;6,469968061;5,947084992;7,349443875;4,064593943;2,328815766;3,90842839;3,775381292;3,912494741;1,762716336;3,327079291;2,242115366;1,196352605;1,816528309;2,111725348;2,880696901;1,295049545;1,501920645;1,753164876;1,317738551;1,123344503;0,635465514
Loktanella_Rhodobacteraceae_Rhodobacterales_Alphaproteobacteria_Proteobacteria;0,00742801;0,005236973;0,013182757;0;0;0;0;0;0;0;0;0,007960437;0,010809545;0,009189382;0;0;0;0;0;0;0,011219747;0;0;0;0;0;0;0;0;0;0;0;0;0,006848578;0;0,005330149;0;0;0;0;0;0,003995525;0;0;0;0;0
Luteimonas_Xanthomonadaceae_Xanthomonadales_Gammaproteobacteria_Proteobacteria;0;0;0;0;0;0;0;0;0;0;0;0;0;0;0;0;0;0;0;0;0;0;0;0;0;0;0;0;0;0;0;0;0;0;0;0;0;0;0;0;0;0;0;0;0;0;0
Lutibacter_Flavobacteriaceae_Flavobacteriales_Flavobacteriia_Bacteroidetes;0;0;0;0;0;0;0;0;0;0;0;0;0;0;0;0;0;0;0;0;0;0;0;0;0;0;0;0;0;0;0;0;0;0;0;0;0;0;0;0;0;0;0;0;0;0;0
Magnetospira_Rhodospirillaceae_Rhodospirillales_Alphaproteobacteria_Proteobacteria;0;0;0;0;0;0;0;0;0;0;0;0;0;0;0;0;0;0;0;0;0;0;0;0;0;0;0;0;0;0;0;0;0;0;0;0;0;0;0;0;0;0;0;0;0;0;0
Maricaulis_Hyphomonadaceae_Caulobacterales_Alphaproteobacteria_Proteobacteria;0;0;0,007689942;0;0;0;0;0;0;0;0;0;0;0;0;0;0;0;0;0;0;0;0;0;0;0;0;0;0;0;0;0;0;0;0;0;0;0;0;0;0;0;0;0;0;0;0
Marinicella_Family-Incertae-Sedis_Order-Incertae-Sedis_Gammaproteobacteria_Proteobacteria;0;0;0;0;0;0;0;0;0;0;0;0;0;0;0;0;0;0;0;0;0;0;0;0;0;0;0;0;0;0;0;0;0;0;0;0;0;0;0;0;0;0;0;0;0;0;0
Marinobacterium_Oceanospirillaceae_Oceanospirillales_Gammaproteobacteria_Proteobacteria;0;0;0;0;0;0;0;0;0;0;0;0;0;0;0;0;0;0;0;0;0;0;0;0;0;0;0;0;0;0;0;0;0;0;0;0;0;0;0;0;0;0;0;0;0;0;0
Marinomonas_Oceanospirillaceae_Oceanospirillales_Gammaproteobacteria_Proteobacteria;0;0;0;0;0;0;0;0;0;0;0;0;0;0;0;0;0;0;0;0;0;0;0;0;0;0;0;0;0,004573394;0;0;0;0;0;0;0;0;0;0;0;0;0,001997763;0;0;0;0;0
Maritalea_Hyphomicrobiaceae_Rhizobiales_Alphaproteobacteria_Proteobacteria;0;0;0;0;0;0;0;0;0;0;0;0;0;0;0;0;0;0;0;0;0;0;0;0;0;0;0;0;0;0;0;0;0;0;0;0;0;0;0;0;0;0;0;0;0;0;0
Marivita_Rhodobacteraceae_Rhodobacterales_Alphaproteobacteria_Proteobacteria;0;0;0;0;0;0;0;0;0;0;0;0;0;0;0;0;0;0;0;0;0;0;0;0;0;0;0;0;0;0;0;0;0;0;0;0;0;0;0;0;0;0;0;0;0;0;0
Marmoricola_Nocardioidaceae_Propionibacteriales_Actinobacteria_Actinobacteria;0;0;0;0;0;0;0,005647229;0;0;0;0;0;0;0;0;0;0,009125872;0,005857144;0;0;0;0;0;0,005505577;0;0;0;0;0;0;0;0;0;0;0;0;0;0;0;0;0,00654279;0;0;0;0;0;0
Massilia_Oxalobacteraceae_Burkholderiales_Betaproteobacteria_Proteobacteria;0,078406774;0,025312036;0,415256844;0,134778253;0,141005605;0,117828907;0,025977253;0,061560109;0,025382197;0,008897688;0,018291568;0,016915928;0,035131021;0,035608854;0;0,026982321;0,041718271;0,025380958;0,042814838;0,020009416;0,028850777;0,031367629;0,023467637;0,042943502;0,042100472;0,029104379;0,024806971;0,030103355;0,062198156;0,041543822;0,038468367;0,044359949;0,036618635;0,024459207;0,050874763;0,043707226;0,138994606;0,04577193;0,030314336;0,047299494;0,040191423;0,072668611;0,054875576;0,036314117;0,019750648;0,027126217;0,074069533
Mesorhizobium_Phyllobacteriaceae_Rhizobiales_Alphaproteobacteria_Proteobacteria;0,31940444;0,28628786;0,40866547;0,07740643;0,12455495;0,10389215;0,0790612;0,05527846;0,07809907;0,13568974;0,09929708;0,15522851;0,1954726;0,3112903;0,1731205;0,29680553;0,33896095;0,31335722;0,35797961;0,29661017;0,37506011;0,44155969;0,48255328;0,52633318;0,19002105;0,41143008;0,56745946;0,25086129;0,23873116;0,33905119;0,08285494;0,14575412;0,18492411;0,09392336;0,2053833;0,07568812;0,09597247;0,1687279;0,19471131;0,16357742;0,23927917;0,15532604;0,11571589;0,27235588;0,05740032;0,19227701;0,14507412
Methylibium_Comamonadaceae_Burkholderiales_Betaproteobacteria_Proteobacteria;0;0;0;0;0;0;0;0;0;0;0;0;0;0;0;0,022289743;0;0;0;0;0;0;0;0;0;0;0;0;0;0;0;0;0;0;0;0;0;0;0;0;0;0;0;0;0;0;0
Methylobacterium_Methylobacteriaceae_Rhizobiales_Alphaproteobacteria_Proteobacteria;0;0;0;0;0;0;0;0;0;0;0;0;0;0;0;0;0;0;0;0;0;0;0;0;0;0;0;0;0;0;0;0;0;0;0;0;0;0;0;0;0;0;0;0;0;0;0
Methyloferula_Beijerinckiaceae_Rhizobiales_Alphaproteobacteria_Proteobacteria;0;0;0;0;0;0;0;0;0;0;0;0;0;0;0;0;0;0;0;0;0;0;0;0;0;0;0;0;0;0;0;0;0;0;0;0;0;0;0;0;0;0;0;0;0;0;0
Methylosinus_Methylocystaceae_Rhizobiales_Alphaproteobacteria_Proteobacteria;0,021458696;0,029676181;0;0,004553319;0;0;0;0;0;0,008897688;0,011758865;0,004975273;0,012611136;0;0;0,009385155;0,024770224;0,028309531;0;0,036487759;0,024042314;0,012064473;0;0,006606693;0;0;0;0;0;0;0;0;0;0;0;0;0;0;0;0;0;0;0;0;0;0;0
Methylotenera_Methylophilaceae_Methylophilales_Betaproteobacteria_Proteobacteria;0,524912721;0,615344331;0,819528057;0,823240142;0,901260825;0,918558686;0,576017348;0,506300489;0,499834039;0,640633515;0,542214325;0,722409624;0,669290984;0,773056733;0,706908696;0,71796436;0,632292549;0,588642997;1,592474103;1,041666667;1,984292355;2,484074896;2,76184749;2,717552881;0,819252432;1,563698902;1,903935006;0,198459154;0,24421923;0,296167247;0,093211813;0,109315589;0,098870315;0,061637201;0,103633777;0,104470929;0,256478141;0,074491573;0,085113329;0,052226525;0,056081056;0,086902669;0,064419154;0,05346245;0,02468831;0,032711026;0,085818494
Methylovirgula_Beijerinckiaceae_Rhizobiales_Alphaproteobacteria_Proteobacteria;0;0;0;0;0;0;0;0;0;0;0;0;0;0;0;0;0;0;0;0;0;0;0;0;0;0;0;0;0;0;0;0;0;0;0;0;0;0;0;0;0;0;0;0;0;0;0
Microbacterium_Microbacteriaceae_Micrococcales_Actinobacteria_Actinobacteria;0;0;0;0;0;0;0;0;0;0,007785477;0,007839243;0,011940655;0;0,011486727;0,024610267;0,011731444;0;0;0,009514408;0,021186441;0;0;0;0;0;0;0;0,007804573;0;0;0;0;0;0;0;0;0;0;0;0;0,004673421;0;0;0;0;0;0
Micrococcus_Micrococcaceae_Micrococcales_Actinobacteria_Actinobacteria;0;0;0;0,01183863;0,011750467;0,01013582;0;0;0;0;0;0;0;0;0;0;0;0;0;0,047080979;0;0;0;0;0;0;0;0;0;0;0;0;0;0;0;0;0;0;0;0;0;0;0;0;0;0;0
Microvirga_Methylobacteriaceae_Rhizobiales_Alphaproteobacteria_Proteobacteria;0;0;0;0;0;0;0;0;0;0;0;0;0;0;0;0;0;0;0;0;0;0;0;0;0;0;0;0;0;0;0;0;0;0;0;0;0;0;0;0;0;0;0;0;0;0;0
Moraxella_Moraxellaceae_Pseudomonadales_Gammaproteobacteria_Proteobacteria;0;0;0;0;0;0;0;0;0;0;0;0;0;0;0;0;0;0;0;0;0;0;0;0;0,009102805;0,029104379;0,015504357;0,006689634;0,013720181;0,034843206;0;0;0;0;0;0;0;0;0;0;0;0;0;0;0;0;0
Mycobacterium_Mycobacteriaceae_Corynebacteriales_Actinobacteria_Actinobacteria;0;0;0;0;0;0;0;0;0;0;0;0;0;0;0;0;0;0;0;0;0;0;0;0;0;0;0;0;0;0;0;0;0;0;0;0;0;0,006282422;0,010493424;0;0;0,006992169;0;0,014122157;0;0,004786979;0
Nakamurella_Nakamurellaceae_Frankiales_Actinobacteria_Actinobacteria;0;0;0;0;0;0;0;0;0;0;0;0;0;0;0;0;0;0;0;0;0;0;0;0;0;0;0;0;0;0;0;0;0;0;0;0;0;0;0;0;0;0;0;0;0;0;0
Neptunomonas_Oceanospirillaceae_Oceanospirillales_Gammaproteobacteria_Proteobacteria;0;0;0;0;0;0;0;0;0;0;0;0;0;0;0;0;0;0;0;0;0;0;0;0;0;0;0;0;0;0;0;0;0;0;0;0;0;0;0;0;0;0;0;0;0;0;0
Nesiotobacter_Rhodobacteraceae_Rhodobacterales_Alphaproteobacteria_Proteobacteria;0;0;0;0;0;0;0;0;0;0;0;0;0;0;0;0;0;0;0;0;0;0;0;0;0;0;0;0;0;0;0;0;0;0;0;0;0;0;0;0;0;0;0;0;0;0;0
Nisaea_Rhodospirillaceae_Rhodospirillales_Alphaproteobacteria_Proteobacteria;0,004126672;0,009601117;0;0;0;0;0;0;0;0;0;0;0;0;0;0;0;0;0;0;0;0;0;0;0;0;0;0;0;0;0;0;0;0;0;0;0;0;0;0;0;0;0;0;0;0;0
Nitratireductor_Phyllobacteriaceae_Rhizobiales_Alphaproteobacteria_Proteobacteria;0,029712041;0,016583748;0,012084194;0,006374647;0;0;0,054213397;0,007537973;0,015619814;0,040039595;0,022211189;0,046767565;0,047742156;0,053987617;0,063647242;0,084466395;0,049540447;0,034166675;0,061843654;0,042372881;0,054495913;0,047051443;0,085070183;0,067168041;0,072822438;0,042333642;0,063567863;0,091425004;0,038416508;0,041543822;0,034029709;0,041191381;0,012816522;0,03424289;0,03956926;0,039443106;0,018201675;0,040386997;0,03497808;0,034489215;0,01308558;0,156574636;0,047717892;0,029253039;0,099987656;0,077389501;0,038822652
Nocardioides_Nocardioidaceae_Propionibacteriales_Actinobacteria_Actinobacteria;0;0;0;0;0;0;0;0;0;0;0;0;0;0;0;0;0;0;0;0;0;0;0;0;0;0;0;0;0;0;0;0;0;0;0;0;0;0;0;0;0;0,001248602;0;0;0;0;0
Noviherbaspirillum_Oxalobacteraceae_Burkholderiales_Betaproteobacteria_Proteobacteria;0;0;0;0;0;0;0;0;0;0;0;0;0;0;0;0;0;0;0;0;0;0;0;0;0;0;0;0;0;0;0;0;0;0;0;0;0;0;0;0;0;0;0;0;0;0;0
Novosphingobium_Sphingomonadaceae_Sphingomonadales_Alphaproteobacteria_Proteobacteria;0,037965385;0,020947892;0,020872699;0,020945269;0,032901308;0,04054328;0,17393465;0,234933477;0,078099069;0,095650143;0,084925135;0,063683493;0,062154883;0,070069035;0,096743807;0,107929283;0,067792191;0,113238122;0,101090589;0,04472693;0,060907197;0,047051443;0,044001819;0,079280311;0,035273369;0,046302421;0,079072219;0,070241161;0,063112835;0,088448137;0,022193289;0,063371356;0,034787703;0,080226199;0,096096775;0,128989617;0,024820465;0,072696595;0,073453969;0,087701146;0,12057427;0,048945181;0,047717892;0,076663136;0,047524997;0,055848093;0,027073692
Oceanibaculum_Rhodospirillaceae_Rhodospirillales_Alphaproteobacteria_Proteobacteria;0,00742801;0,019202234;0,005492815;0;0;0;0;0;0;0;0,007839243;0;0;0;0,005940409;0;0;0;0;0,008239171;0;0;0,013200546;0,016516731;0;0;0;0;0;0;0;0;0;0;0;0;0;0;0;0;0;0,001748042;0;0;0;0;0
Oceanibulbus_Rhodobacteraceae_Rhodobacterales_Alphaproteobacteria_Proteobacteria;0;0;0;0;0;0;0;0;0;0;0;0;0;0;0;0;0;0;0;0;0;0;0;0;0;0;0;0;0;0;0;0;0;0;0;0;0;0;0;0;0;0;0;0;0;0;0
Oceanicola_Rhodobacteraceae_Rhodobacterales_Alphaproteobacteria_Proteobacteria;0;0;0;0;0;0;0;0;0;0;0;0;0;0;0;0;0;0;0;0;0;0;0;0;0;0;0;0;0;0;0;0;0;0;0;0;0;0;0;0;0;0;0;0;0;0;0
Oceaniovalibus_Rhodobacteraceae_Rhodobacterales_Alphaproteobacteria_Proteobacteria;0;0;0;0;0;0;0;0;0;0;0;0;0;0;0;0;0;0;0;0;0;0;0;0;0;0;0;0;0;0;0;0;0;0;0;0;0;0;0;0;0;0;0;0;0;0;0
Oceanisphaera_Aeromonadaceae_Aeromonadales_Gammaproteobacteria_Proteobacteria;0,004126672;0,006109802;0,010985631;0;0;0,006334887;0;0;0;0;0;0;0;0;0;0;0;0;0;0,021186441;0;0;0;0;0;0;0;0,008919513;0;0;0,007397763;0;0;0;0;0;0;0;0;0;0;0,0639284;0;0;0,004937662;0;0
Oceanobacter_Oceanospirillaceae_Oceanospirillales_Gammaproteobacteria_Proteobacteria;0,01485602;0;0,009887068;0;0,005875234;0;0;0;0;0,066732658;0,052261622;0,033831856;0,034230225;0,034460181;0,052615053;0,015250877;0,044325663;0,101523834;0,008325107;0;0;0,066354599;0,071869637;0,028629001;0,005689253;0,006614632;0,088374833;0;0,032928436;0,020101849;0,035509262;0,023764259;0;0,02837268;0,044279887;0,025584717;0;0,024232198;0,013991232;0;0;0,006492728;0;0,018157059;0;0,011169619;0
Oceanospirillum_Oceanospirillaceae_Oceanospirillales_Gammaproteobacteria_Proteobacteria;0;0;0;0;0;0;0;0;0;0,028917485;0,007839243;0,016915928;0;0;0,005940409;0,009385155;0;0;0,01189301;0,008239171;0;0;0;0,020921193;0;0,011906337;0;0;0;0;0;0;0;0;0;0;0;0;0;0;0;0,002247483;0,009543578;0;0;0;0
Ochrobactrum_Brucellaceae_Rhizobiales_Alphaproteobacteria_Proteobacteria;0;0;0;0;0;0;0;0;0;0;0,031356973;0;0;0;0;0;0;0;0;0,024717514;0;0;0;0;0;0;0,007752178;0;0;0;0;0;0;0;0;0;0;0;0;0;0;0;0;0;0;0;0
OM27-clade_Bdellovibrionaceae_Bdellovibrionales_Deltaproteobacteria_Proteobacteria;0;0;0;0;0;0;0;0;0;0;0;0;0;0;0;0;0;0;0;0;0;0;0;0;0;0;0;0;0;0;0;0;0;0;0;0;0;0;0;0;0;0;0;0;0;0;0
OM43-clade_Methylophilaceae_Methylophilales_Betaproteobacteria_Proteobacteria;0,01485602;0,013092433;0,016478446;0,009106639;0,016450654;0,01520373;0,009035566;0,017588603;0;0,02335643;0,032663514;0,013930764;0,005404772;0;0,004243149;0,011731444;0,00651848;0,016595242;0,007135806;0,009416196;0,012822568;0,018096709;0,019067455;0,005505577;0,006827104;0,014552189;0,012403485;0;0;0,00804074;0;0;0;0;0;0;0;0;0;0,005912437;0;0,002497203;0;0;0;0;0,003064946
Opitutus_Opitutaceae_Opitutales_Opitutae_Verrucomicrobia;0;0;0,006591378;0;0;0;0;0;0;0;0;0;0;0;0;0;0;0;0;0;0;0;0;0;0;0;0;0;0;0;0;0;0;0;0;0;0;0;0;0;0;0,002746923;0,008350631;0,007061078;0;0,005584809;0
Owenweeksia_Cryomorphaceae_Flavobacteriales_Flavobacteriia_Bacteroidetes;0;0;0;0;0;0;0;0;0;0;0;0;0;0;0;0;0;0;0;0;0;0;0;0;0;0;0;0;0;0;0;0;0;0;0;0;0;0;0;0;0;0;0;0;0;0;0
Oxalicibacterium_Oxalobacteraceae_Burkholderiales_Betaproteobacteria_Proteobacteria;0,196429603;0,223444183;0,311991915;0,036426555;0,049351962;0,038009325;0,036142265;0,022613918;0,021477244;0,040039595;0,052261622;0,055723056;0,048642952;0,041352218;0,031399306;0,05631093;0,020859136;0,046857154;0,036868332;0,031779661;0,057701555;0,036193418;0,027867819;0,059460233;0,015929908;0,031750232;0,026357406;0,025643599;0,019208254;0,020101849;0;0;0,009154659;0,008805314;0,012247628;0,009594269;0,011582884;0,005384933;0,009327488;0,006897843;0,004673421;0,006243008;0;0,005043627;0;0,011967449;0,003064946
Palleronia_Rhodobacteraceae_Rhodobacterales_Alphaproteobacteria_Proteobacteria;0;0;0;0;0;0;0;0;0;0;0;0;0;0;0;0;0;0;0;0;0;0;0;0;0;0;0;0;0;0;0;0;0;0;0;0;0;0;0;0;0;0;0;0;0;0;0
Pannonibacter_Rhodobacteraceae_Rhodobacterales_Alphaproteobacteria_Proteobacteria;0;0;0;0;0;0;0;0;0;0;0;0;0;0;0;0;0;0;0;0;0;0;0;0;0;0;0;0;0;0;0;0;0;0;0;0;0;0;0;0;0;0;0;0;0;0;0
Paracocccus_Rhodobacteraceae_Rhodobacterales_Alphaproteobacteria_Proteobacteria;0;0;0,006591378;0;0,01057542;0;0;0;0;0;0;0;0;0;0;0;0;0;0;0,005885122;0;0;0;0,011011154;0;0;0;0;0;0;0;0;0;0;0;0;0;0;0;0;0;0,001748042;0;0;0;0;0,003064946
Paraglaciecola_Alteromonadaceae_Alteromonadales_Gammaproteobacteria_Proteobacteria;0;0;0;0;0;0;0;0;0;0;0;0;0;0;0;0;0;0;0;0;0;0;0;0;0;0;0;0;0;0;0;0;0;0;0;0;0;0;0;0;0;0;0;0;0;0;0
Parapusillimonas_Alcaligenaceae_Burkholderiales_Betaproteobacteria_Proteobacteria;0;0;0;0;0;0;0;0;0;0;0;0;0;0;0;0;0;0;0;0;0;0;0;0;0;0;0;0;0;0;0;0;0;0;0;0;0;0;0;0;0;0;0;0;0;0;0
Parasphingopyxis_Sphingomonadaceae_Sphingomonadales_Alphaproteobacteria_Proteobacteria;0;0;0;0;0;0;0;0;0;0;0;0;0;0;0;0;0;0;0;0;0;0;0;0;0;0;0;0;0;0;0;0;0;0;0;0;0;0;0;0;0;0;0;0;0;0;0
Parvibaculum_Rhodobiaceae_Rhizobiales_Alphaproteobacteria_Proteobacteria;0,142782863;0,134415641;0,08568792;0,047354521;0,044651775;0,078552605;0,062119518;0,038946191;0,068336685;0,166831645;0,227338054;0,190055425;0,215290101;0,215950469;0,22488692;0,170105935;0,258131804;0,235261961;0,416255367;0,331920904;0,450392691;0,469307982;0,761231464;0,539546561;0,164988337;0,342637915;0,441874167;0,134907627;0,21494951;0,186277137;0,168668994;0,307351077;0,181262244;0,26122433;0,26944782;0,264375413;0,172088559;0,171420366;0,14923981;0,165548231;0,174785957;0,120365191;0,13241715;0,157361174;0,105542526;0,157172491;0,094502508
Patulibacter_Patulibacteraceae_Solirubrobacterales_Thermoleophilia_Actinobacteria;0;0;0;0;0;0;0;0;0;0;0;0;0;0;0;0;0;0;0;0;0;0;0;0;0;0;0;0;0;0;0;0;0;0;0;0;0;0;0;0;0;0,017730142;0,017894209;0,030261764;0;0,009573959;0,004086595
Paucimonas_Oxalobacteraceae_Burkholderiales_Betaproteobacteria_Proteobacteria;0;0;0,005492815;0;0;0;0;0;0;0;0;0;0;0;0;0;0;0;0;0;0;0;0;0;0;0;0;0;0;0;0;0;0;0;0;0;0;0;0;0;0;0;0;0;0;0;0
Pedobacter_Sphingobacteriaceae_Sphingobacteriales_Sphingobacteriia_Bacteroidetes;0;0;0;0;0;0;0;0;0;0;0;0;0;0;0;0;0;0;0;0;0;0;0;0;0;0;0;0;0;0;0;0;0;0;0;0;0;0;0;0;0;0;0;0;0;0;0
Pedomicrobium_Hyphomicrobiaceae_Rhizobiales_Alphaproteobacteria_Proteobacteria;0;0;0;0;0;0;0;0;0;0;0;0;0;0;0;0;0;0;0,005946505;0;0;0;0;0;0;0;0;0;0;0;0;0;0;0;0;0;0;0;0;0;0;0;0;0;0;0;0
Pelagibacterium_Hyphomicrobiaceae_Rhizobiales_Alphaproteobacteria_Proteobacteria;0;0;0;0;0;0;0;0;0;0;0;0;0;0;0;0;0;0;0;0;0;0;0;0;0;0;0;0;0;0;0;0;0;0;0;0;0;0;0;0;0;0;0;0;0;0;0
Peredibacter_Bacteriovoracaceae_Bdellovibrionales_Deltaproteobacteria_Proteobacteria;0;0;0;0;0;0;0;0;0;0;0;0;0;0;0;0;0;0;0;0;0;0;0;0;0;0;0;0;0;0;0;0;0;0;0;0;0;0;0;0;0;0;0;0;0;0;0
Perlucidibaca_Moraxellaceae_Pseudomonadales_Gammaproteobacteria_Proteobacteria;0,008253345;0,006982631;0;0;0,005875234;0;0;0,011306959;0;0;0;0;0;0;0;0;0;0,004880954;0,008325107;0,005885122;0;0;0,010267091;0;0;0;0;0;0;0;0;0;0;0;0;0;0;0;0;0;0;0;0;0;0;0;0
Phaeobacter_Rhodobacteraceae_Rhodobacterales_Alphaproteobacteria_Proteobacteria;0;0;0;0;0;0;0;0;0;0;0;0;0;0;0;0;0;0;0;0;0;0;0;0;0;0;0;0;0;0;0;0;0;0;0;0;0;0;0;0;0;0;0;0;0;0;0
Phaselicystis_Phaselicystidaceae_Myxococcales_Deltaproteobacteria_Proteobacteria;0;0;0;0;0;0;0;0;0;0;0;0;0;0;0;0;0;0;0;0;0;0;0;0;0;0;0;0;0;0;0;0;0;0;0;0;0;0;0;0;0;0;0;0;0;0;0
Phenylobacterium_Caulobacteraceae_Caulobacterales_Alphaproteobacteria_Proteobacteria;0;0;0;0;0;0;0;0;0;0;0;0;0;0;0;0;0;0;0;0;0;0;0;0;0;0;0;0;0;0;0;0;0;0;0;0;0;0;0;0;0;0;0;0;0;0;0
Phyllobacterium_Phyllobacteriaceae_Rhizobiales_Alphaproteobacteria_Proteobacteria;0;0;0;0;0;0,007601865;0,02936559;0;0,037097058;0,013346532;0;0;0;0;0;0;0,011733264;0;0;0,025894539;0,028850777;0,042225654;0;0,023123424;0,01934346;0,013229263;0,032559149;0;0,021037612;0,062985795;0;0;0,014647454;0,025437575;0,020726755;0,013858389;0;0,017949777;0,0291484;0,023649747;0,018693685;0,049694342;0,051296734;0;0,04382175;0,019945748;0,01992215
Pir4-lineage_Planctomycetaceae_Planctomycetales_Planctomycetacia_Planctomycetes;0;0;0;0;0;0;0;0;0;0;0;0;0;0;0;0;0;0;0;0;0;0;0;0;0;0;0;0;0;0;0;0;0;0;0;0;0;0;0;0;0;0;0;0;0;0;0
Pirellula_Planctomycetaceae_Planctomycetales_Planctomycetacia_Planctomycetes;0;0;0;0;0;0;0;0;0;0;0;0;0;0;0;0;0;0;0;0;0;0;0;0;0;0;0;0;0;0;0;0;0;0;0;0;0;0;0;0;0;0;0;0;0;0;0
Planctomyces_Planctomycetaceae_Planctomycetales_Planctomycetacia_Planctomycetes;0;0,005236973;0,015379883;0;0;0;0;0;0;0;0;0;0;0;0;0;0;0;0;0;0;0;0;0;0;0;0;0;0;0;0;0;0;0;0;0;0;0;0;0;0;0;0;0;0;0;0
Planococcus_Planococcaceae_Bacillales_Bacilli_Firmicutes;0;0;0;0;0;0;0;0;0;0;0;0;0;0;0;0;0;0;0;0;0;0;0;0;0;0;0;0;0;0;0;0;0;0;0;0;0;0;0;0;0;0;0;0;0;0;0
Planomicrobium_Planococcaceae_Bacillales_Bacilli_Firmicutes;0;0;0;0;0;0;0;0;0;0;0;0;0;0;0;0;0;0;0;0;0;0;0;0;0;0;0;0;0;0;0;0;0;0;0;0;0;0;0;0;0;0;0;0;0;0;0
Pleomorphomonas_Methylocystaceae_Rhizobiales_Alphaproteobacteria_Proteobacteria;0;0;0;0;0;0;0;0;0;0;0;0;0;0;0;0;0;0;0;0;0;0;0;0;0;0;0;0;0;0;0;0;0;0;0;0;0;0;0;0;0,01308558;0;0;0;0;0;0
Polaribacter_Flavobacteriaceae_Flavobacteriales_Flavobacteriia_Bacteroidetes;0,084184116;0,073317622;0,075800852;0;0;0,01013582;0;0;0;0;0;0;0;0;0;0;0;0,006833335;0,008325107;0;0;0;0,010267091;0;0;0;0;0;0;0;0;0;0;0;0;0;0;0;0;0;0;0;0;0;0;0;0
Polaromonas_Comamonadaceae_Burkholderiales_Betaproteobacteria_Proteobacteria;0;0;0;0;0;0;0;0;0;0;0;0;0;0;0;0;0;0;0;0;0;0,009651578;0;0;0;0;0;0;0;0;0;0;0;0;0;0;0;0;0;0;0;0;0;0;0;0;0
Prosthecobacter_Verrucomicrobiaceae_Verrucomicrobiales_Verrucomicrobiae_Verrucomicrobia;0;0;0;0;0;0;0;0;0;0;0;0;0;0;0;0;0;0;0;0;0;0;0;0;0;0;0;0;0;0;0;0;0;0;0;0;0;0;0;0;0;0;0;0;0;0;0
Pseudahrensia_Phyllobacteriaceae_Rhizobiales_Alphaproteobacteria_Proteobacteria;0;0;0;0;0;0;0;0;0;0;0;0;0;0;0,004243149;0,007038866;0;0;0;0;0;0;0;0;0;0;0;0;0;0;0;0;0;0;0;0;0;0;0;0;0;0;0;0;0;0;0
Pseudaminobacter_Phyllobacteriaceae_Rhizobiales_Alphaproteobacteria_Proteobacteria;0,004126672;0;0;0;0;0;0;0;0;0;0;0;0;0;0;0;0;0;0;0;0;0;0;0;0;0;0;0;0;0;0;0;0;0;0;0;0;0;0;0;0;0;0;0;0;0;0
Pseudoalteromonas_Pseudoalteromonadaceae_Alteromonadales_Gammaproteobacteria_Proteobacteria;0,014030686;0,006982631;0;0;0;0;0,005647229;0;0;0;0;0;0;0;0;0;0;0;0;0;0;0;0;0;0;0;0;0;0;0;0;0;0;0;0;0;0;0;0;0;0;0,001248602;0;0;0;0;0
Pseudochrobactrum_Brucellaceae_Rhizobiales_Alphaproteobacteria_Proteobacteria;0;0;0;0;0;0;0;0;0;0;0;0;0;0;0;0;0,00651848;0;0;0;0;0;0;0;0;0;0;0;0;0;0;0;0;0;0;0;0;0;0;0;0;0;0;0;0;0;0
Pseudolabrys_Xanthobacteraceae_Rhizobiales_Alphaproteobacteria_Proteobacteria;0,008253345;0,004364144;0,019774135;0,030051908;0,016450654;0,034208392;0,040660048;0,031408219;0,023429721;0,020019797;0,02351773;0,027861528;0,042337384;0,073515053;0,051766423;0,052791497;0,033896095;0,052714298;0,048761343;0,080037665;0,094566437;0,057909468;0,082136728;0,153055045;0,050065426;0,112448737;0,088374833;0,181735068;0,182021074;0,202358617;0,21749423;0,25982256;0,289287218;0,343407265;0,341991464;0,324073087;0,546050237;0,499901276;0,502518422;0,534090125;0,564549295;0,737424085;0,637033856;0,791849498;0,536970744;0,661400989;0,325395123
Pseudomonas_Pseudomonadaceae_Pseudomonadales_Gammaproteobacteria_Proteobacteria;8,01895;8,119927;10,261678;12,820326;16,014712;15,378573;7,637312;6,34446;6,94496;12,672532;13,87938;12,94566;15,654923;15,562218;14,608315;11,099119;12,389023;13,732075;12,121356;11,794962;13,981407;15,824969;14,061515;15,752557;8,389372;15,782511;19,96496;14,973632;18,395105;18,236398;16,695271;18,48384;15,742351;18,729882;20,206702;22,296015;20,907105;21,364722;22,74508;15,146678;15,748495;9,952853;11,76246;12,181369;6,733737;9,590713;3,938967
Pseudorhodobacter_Rhodobacteraceae_Rhodobacterales_Alphaproteobacteria_Proteobacteria;0,012380017;0,015710919;0,02856264;0;0;0;0,015812241;0,008794301;0,01757229;0;0,007839243;0;0,088277949;0,08040709;0,126445853;0,083293251;0,075614367;0,05466668;0,044004139;0,025894539;0,056098734;0,057909468;0,052802182;0,039640155;0,023894863;0,038364863;0,032559149;0,014494208;0,042989902;0,044224069;0;0;0;0;0,009421252;0,009594269;0,756196843;0,288093913;0,013991232;0,023649747;0,048603582;0,447748522;0,594087753;0,50839764;0,503641526;1,576511888;0,684504654
Pseudospirillum_Oceanospirillaceae_Oceanospirillales_Gammaproteobacteria_Proteobacteria;0,004952007;0;0;0;0;0;0;0;0;0;0;0;0;0;0;0;0;0;0;0;0;0;0;0;0;0;0;0;0;0;0;0;0;0;0;0;0;0;0;0;0;0;0;0;0;0;0
Pseudoxanthobacter_Xanthobacteraceae_Rhizobiales_Alphaproteobacteria_Proteobacteria;0,006602676;0,01483809;0,010985631;0;0;0;0;0;0;0,015570953;0,009145784;0,006965382;0,024321476;0;0,028004786;0,035194331;0,020859136;0,020500005;0,030921827;0,038841808;0,03365924;0;0,145206002;0,006606693;0;0,018520968;0;0,008919513;0;0;0,010356868;0,087135615;0;0;0,005652751;0;0;0;0,013991232;0;0,010281527;0,025721192;0;0,009078529;0,00555487;0,008776129;0,040865949
Psychrobacter_Moraxellaceae_Pseudomonadales_Gammaproteobacteria_Proteobacteria;0;0;0;0;0;0;0;0;0;0;0;0;0;0;0;0;0;0;0;0;0;0;0;0;0;0;0;0;0;0;0;0;0;0;0;0;0;0;0;0;0;0,013984338;0;0;0;0;0
Pusillimonas_Alcaligenaceae_Burkholderiales_Betaproteobacteria_Proteobacteria;0;0;0;0;0;0;0;0;0;0;0;0;0;0;0;0;0;0;0;0;0;0;0;0;0;0;0;0;0;0;0;0;0;0;0;0;0;0;0;0;0;0;0;0;0;0;0
Reyranella_Rhodospirillales-Incertae-Sedis_Rhodospirillales_Alphaproteobacteria_Proteobacteria;0;0;0;0;0;0;0;0;0;0;0;0;0;0;0;0;0;0;0;0;0;0;0;0;0;0;0;0;0;0;0;0;0;0;0;0;0;0;0;0;0;0;0;0;0;0;0
Rheinheimera_Chromatiaceae_Chromatiales_Gammaproteobacteria_Proteobacteria;0;0;0;0;0;0;0;0;0;0;0;0;0;0;0;0;0;0;0;0;0;0;0;0;0;0;0;0;0;0;0;0;0;0;0;0;0;0;0;0;0;0;0;0;0;0;0
Rhizobacter_Comamonadaceae_Burkholderiales_Betaproteobacteria_Proteobacteria;0,021458696;0,015710919;0,025266951;0;0,00705028;0,008868842;0;0;0;0;0;0;0,006305568;0;0,008486299;0;0,010429568;0,011714289;0,009514408;0,012947269;0,008014105;0,008445131;0,008800364;0,005505577;0;0,007937558;0,012403485;0,011149391;0;0,016081479;0;0;0;0,011740419;0,012247628;0;0,009928186;0,004487444;0,008161552;0,005912437;0;0,001997763;0,007157684;0;0;0;0
Rhizobium_Rhizobiaceae_Rhizobiales_Alphaproteobacteria_Proteobacteria;0,174145572;0,132669983;0,192248539;0,076495765;0,10692925;0,110227042;0,011294458;0,01005063;0,021477244;0,144587425;0,053568162;0,061693384;0,146829651;0,116015944;0,159542419;0,170105935;0,067792191;0,230381007;0,142716126;0,44373823;0,240423145;0,208715375;0,296278913;0,234537587;0,055754679;0,13626141;0,108530497;0,099229577;0,060368798;0,075046904;0,034029709;0,045944233;0,069575407;0,054788624;0,079138521;0,047971345;0,072806698;0,06102924;0,073453969;0,021678935;0,034583318;0,02397315;0,03101663;0,035305392;0,017899025;0,011169619;0,010727312
Rhodobacter_Rhodobacteraceae_Rhodobacterales_Alphaproteobacteria_Proteobacteria;3,539859528;3,186698089;5,081952806;3,685456698;4,702536926;4,841121022;2,244208767;1,314119879;1,909522229;1,950818031;1,669758813;1,748310895;1,687189789;2,002136531;1,856802193;0,49037435;1,474480151;1,39204795;1,147675511;0,712099812;1,52748838;1,214892385;1,24525147;1,015228426;0,353871537;0,603254399;0,70234736;0,20403385;0,557954047;0,573572769;0,316624253;0,516476553;0,287456287;0,260245962;0,28546395;0,399761209;0,081080187;0,017052288;0,296147747;0,389235423;0,372004337;0,475467476;0,130031255;0,696020578;0,340081471;0,143609382;0,117489605
Rhodococcus_Nocardiaceae_Corynebacteriales_Actinobacteria_Actinobacteria;0,054472075;0,047132757;0,080195105;0,004553319;0,011750467;0,013936752;0,009035566;0;0,033192104;0,024468641;0,007839243;0,014925819;0,024321476;0,017230091;0,017821228;0,010558299;0,018251744;0,016595242;0,024975322;0,122410546;0;0,024128945;0;0,017617847;0,009102805;0,030427305;0,032559149;0,075815857;0;0;0;0;0;0,008805314;0;0;0;0,014359821;0,009327488;0,013795686;0;0,007491609;0,007157684;0,008069804;0,006789285;0,00398915;0,007662366
Rhodoferax_Comamonadaceae_Burkholderiales_Betaproteobacteria_Proteobacteria;0,034664048;0,023566379;0,035154019;0;0,01410056;0,022805595;0,030495036;0,023870246;0;0,022244219;0,010452324;0,027861528;0,013511931;0;0,005940409;0,019943454;0;0,010738098;0,013082312;0,015301318;0;0;0;0,015415616;0,005689253;0,009260484;0,013953921;0;0,006402751;0,006700616;0;0;0;0;0;0,084216361;0;0;0;0;0;0,011237414;0;0;0;0;0
Rhodoglobus_Microbacteriaceae_Micrococcales_Actinobacteria_Actinobacteria;0;0;0;0;0;0;0;0;0;0;0;0;0;0;0;0;0;0;0;0;0;0;0;0;0;0;0;0;0;0;0;0;0;0;0;0;0;0;0;0;0;0;0;0;0;0;0
Rhodopirellula_Planctomycetaceae_Planctomycetales_Planctomycetacia_Planctomycetes;0;0;0;0;0;0;0;0;0;0;0;0;0;0;0;0;0;0;0;0;0;0;0;0;0;0;0;0;0;0;0;0;0;0;0;0;0;0;0;0;0;0;0;0;0;0;0
Rhodoplanes_Hyphomicrobiaceae_Rhizobiales_Alphaproteobacteria_Proteobacteria;0;0;0;0;0;0;0;0;0;0;0;0;0;0;0;0;0;0;0;0;0;0;0;0;0;0;0;0;0;0;0;0;0;0;0;0;0;0;0;0;0;0;0;0;0;0;0
Rhodovulum_Rhodobacteraceae_Rhodobacterales_Alphaproteobacteria_Proteobacteria;0;0;0;0;0;0;0;0;0;0;0;0;0;0;0;0;0;0;0;0;0;0;0;0;0;0;0;0;0;0;0;0;0;0;0;0;0;0;0;0;0;0;0;0;0;0;0
Roseicitreum_Rhodobacteraceae_Rhodobacterales_Alphaproteobacteria_Proteobacteria;0;0;0;0;0;0;0;0;0;0;0;0;0;0;0;0;0;0;0;0;0;0;0;0;0;0;0;0;0;0;0;0;0;0;0;0;0;0;0;0;0;0;0;0;0;0;0
Roseicyclus_Rhodobacteraceae_Rhodobacterales_Alphaproteobacteria_Proteobacteria;0;0;0;0;0;0;0;0;0;0;0;0;0;0;0;0;0;0;0;0;0;0;0;0;0;0;0;0;0;0;0;0;0;0;0;0;0;0;0;0;0;0;0;0;0;0;0
Roseivirga_Flammeovirgaceae_Cytophagales_Cytophagia_Bacteroidetes;0,005777341;0,012219604;0,006591378;0;0;0;0;0;0;0;0;0;0;0;0;0;0;0;0;0;0;0;0;0;0;0;0;0;0;0;0;0;0;0;0;0;0;0;0;0;0;0;0;0;0;0;0
Roseivivax_Rhodobacteraceae_Rhodobacterales_Alphaproteobacteria_Proteobacteria;0;0;0;0;0;0;0;0;0;0;0;0;0;0;0;0;0;0;0;0;0;0;0;0;0;0;0;0;0;0;0;0;0;0;0;0;0;0;0;0;0;0;0;0;0;0;0
Roseobacter-clade-CHAB-I-5-lineage_Rhodobacteraceae_Rhodobacterales_Alphaproteobacteria_Proteobacteria;0;0;0;0;0;0;0;0;0;0;0;0;0;0;0;0;0;0;0;0;0;0;0;0;0;0;0;0;0;0;0;0;0;0;0;0;0;0;0;0;0;0;0;0;0;0;0
Roseobacter_Rhodobacteraceae_Rhodobacterales_Alphaproteobacteria_Proteobacteria;0;0;0;0;0;0;0;0;0;0;0;0;0;0;0;0;0;0;0;0;0;0;0;0;0;0;0;0;0;0;0;0;0;0;0;0;0;0;0;0;0;0;0;0;0;0;0
Roseovarius_Rhodobacteraceae_Rhodobacterales_Alphaproteobacteria_Proteobacteria;0;0;0;0;0;0;0;0;0;0;0;0;0;0;0;0;0;0;0;0;0;0;0;0;0;0;0;0;0;0;0;0;0;0;0;0;0;0;0;0;0;0;0;0;0;0;0
Rubellimicrobium_Rhodobacteraceae_Rhodobacterales_Alphaproteobacteria_Proteobacteria;0;0;0;0;0;0;0;0;0;0;0;0;0;0;0;0;0;0;0;0;0;0;0;0;0;0;0;0;0;0;0;0;0;0;0;0;0;0;0;0;0;0;0;0;0;0;0
Ruegeria_Rhodobacteraceae_Rhodobacterales_Alphaproteobacteria_Proteobacteria;0;0;0;0;0;0;0;0;0;0;0;0;0;0;0;0;0;0;0;0;0;0;0;0;0;0;0;0;0;0;0;0;0;0;0;0;0;0;0;0;0;0;0;0;0;0;0
Sagittula_Rhodobacteraceae_Rhodobacterales_Alphaproteobacteria_Proteobacteria;0;0;0;0;0;0;0;0;0;0;0;0;0;0;0;0;0;0;0;0;0;0;0;0;0;0;0;0;0;0;0;0;0;0;0;0;0;0;0;0;0;0;0;0;0;0;0
Salinimonas_Alteromonadaceae_Alteromonadales_Gammaproteobacteria_Proteobacteria;0;0;0;0;0;0;0;0;0;0;0;0;0,004503977;0;0;0;0;0;0;0;0;0;0;0;0;0;0;0;0;0;0;0;0;0;0;0,009594269;0;0;0;0;0;0;0;0;0;0;0
Salinirepens_Cryomorphaceae_Flavobacteriales_Flavobacteriia_Bacteroidetes;0;0;0;0;0;0;0;0;0;0;0;0;0;0;0;0;0;0;0;0;0;0;0;0;0;0;0;0;0;0;0;0;0;0;0;0;0;0;0;0;0;0;0;0;0;0;0
Sandaracinus_Sandaracinaceae_Myxococcales_Deltaproteobacteria_Proteobacteria;0;0;0;0;0;0;0;0;0;0;0;0;0;0;0;0;0;0;0;0;0;0;0;0;0;0;0;0;0;0;0;0;0;0;0;0;0;0;0;0;0;0;0;0;0;0;0
SAR92-clade_Porticoccaceae_Cellvibrionales_Gammaproteobacteria_Proteobacteria;0;0,004364144;0,006591378;0;0;0;0;0;0;0;0;0;0;0;0;0;0;0;0;0;0;0;0;0;0;0;0;0;0;0;0;0;0;0;0;0;0;0;0;0;0;0;0;0;0;0;0
Sedimentitalea_Rhodobacteraceae_Rhodobacterales_Alphaproteobacteria_Proteobacteria;0;0;0;0;0;0;0;0;0;0;0;0;0;0;0;0;0;0;0;0;0;0;0;0;0;0;0;0;0;0;0;0;0;0;0;0;0;0;0;0;0;0;0;0;0;0;0
Sediminibacterium_Chitinophagaceae_Sphingobacteriales_Sphingobacteriia_Bacteroidetes;0;0,004364144;0;0;0;0;0;0;0;0;0;0;0,004503977;0;0;0;0;0;0;0;0;0;0;0;0;0;0;0;0;0;0;0;0;0;0;0;0;0;0;0;0;0;0;0;0;0;0
Sediminicola_Flavobacteriaceae_Flavobacteriales_Flavobacteriia_Bacteroidetes;0;0;0;0;0;0;0;0;0;0;0;0;0;0;0;0;0;0;0;0;0;0;0;0;0;0;0;0;0;0;0;0;0;0;0;0;0;0;0;0;0;0;0;0;0;0;0
Seohaeicola_Rhodobacteraceae_Rhodobacterales_Alphaproteobacteria_Proteobacteria;0;0,00785546;0,005492815;0;0;0;0;0;0;0,006673266;0;0;0;0;0;0;0;0;0;0,007062147;0;0;0;0;0;0;0;0;0;0;0;0;0;0;0;0,006396179;0;0;0;0;0;0;0;0;0;0;0
Shewanella_Shewanellaceae_Alteromonadales_Gammaproteobacteria_Proteobacteria;0;0;0;0;0;0;0;0;0;0;0;0;0;0;0,005091779;0;0;0;0;0;0;0;0;0;0;0;0;0;0;0;0;0;0;0;0;0;0;0;0;0;0;0,001748042;0,005964736;0;0;0;0
Shimia_Rhodobacteraceae_Rhodobacterales_Alphaproteobacteria_Proteobacteria;0;0;0;0;0;0;0;0;0;0;0;0;0;0;0;0;0;0;0;0;0;0;0;0;0;0;0;0;0;0;0;0;0;0;0;0;0;0;0;0;0;0;0;0;0;0;0,004086595
Shinella_Rhizobiaceae_Rhizobiales_Alphaproteobacteria_Proteobacteria;0,146909535;0,147508074;0,271345081;0;0;0;0;0;0;0;0,044422378;0,056718111;0;0;0;0;0;0;0,076115267;0,028248588;0,04968745;0;0,008800364;0;0;0;0;0;0;0;0,022193289;0;0;0;0;0,015990448;0;0;0;0,014781092;0,005608106;0,001498322;0;0;0,003703247;0;0
Sideroxydans_Gallionellaceae_Nitrosomonadales_Betaproteobacteria_Proteobacteria;0,03136271;0,020075063;0,043942523;0;0,011750467;0,019004662;0;0,017588603;0;0,022244219;0;0,036817019;0,010809545;0;0,012729448;0;0;0;0,007135806;0,01059322;0;0,007238684;0;0;0;0,011906337;0;0;0;0;0;0;0,009154659;0;0;0;0;0;0;0;0;0;0;0;0;0;0
Simiduia_Cellvibrionaceae_Cellvibrionales_Gammaproteobacteria_Proteobacteria;0;0;0;0;0;0;0;0;0;0;0,031356973;0,011940655;0;0,027568145;0,016972598;0;0,01955544;0,021476196;0;0;0;0,014477367;0;0;0;0;0;0;0,012805503;0;0;0;0;0;0;0;0;0;0;0,007883249;0;0;0;0;0;0;0
Simplicispira_Comamonadaceae_Burkholderiales_Betaproteobacteria_Proteobacteria;0,056948078;0,069826307;0,030759766;0,081959749;0,037601495;0,07095074;0,192005783;0,195987286;0,214772439;0,112333307;0,164624108;0,143287859;0,130615333;0,158516834;0,157845159;0,140777325;0,092562414;0,172785755;0,122498008;0,082391714;0,120211572;0,100135122;0,104137638;0,157459506;0,199123855;0,112448737;0,094576576;0,11929848;0,128969706;0,10586974;0,062141208;0,061787072;0,137319882;0,135993191;0,090444024;0,115131228;0,04302214;0,087056416;0,055964929;0,053211931;0,091599058;0,033961963;0,040560208;0,067584607;0,045056166;0,026328387;0,018900502
Skermanella_Rhodospirillaceae_Rhodospirillales_Alphaproteobacteria_Proteobacteria;0;0;0;0;0;0;0;0;0;0;0;0;0;0;0;0;0;0;0;0;0;0;0;0;0;0;0;0;0;0;0;0;0;0;0;0;0;0;0;0;0;0;0;0;0;0;0
SM1A02_Phycisphaeraceae_Phycisphaerales_Phycisphaerae_Planctomycetes;0;0;0;0;0;0;0;0;0;0;0;0;0;0;0;0;0;0;0;0;0;0;0;0;0;0;0;0;0;0;0;0;0;0;0;0;0;0;0;0;0;0;0;0;0;0;0
Smithella_Syntrophaceae_Syntrophobacterales_Deltaproteobacteria_Proteobacteria;0;0;0;0;0;0;0;0;0;0,008897688;0;0;0;0;0,022064377;0;0;0;0;0;0;0;0;0;0;0;0;0;0;0;0;0;0;0;0;0;0;0;0;0;0;0;0;0;0;0;0
Sneathiella_Sneathiellaceae_Sneathiellales_Alphaproteobacteria_Proteobacteria;0,004126672;0,011346775;0,006591378;0,004553319;0,01057542;0;0;0;0;0,018907586;0,018291568;0,0109456;0,013511931;0,011486727;0,011880818;0,016424021;0,014340656;0,01366667;0,009514408;0,015301318;0,011219747;0,008445131;0;0;0;0;0,024806971;0,02452866;0,012805503;0,010720986;0;0,00792142;0,020140249;0,006848578;0,004710626;0,020254568;0,009928186;0,007179911;0,01165936;0;0,012150895;0,010737973;0,005964736;0,005043627;0,003086039;0;0,004086595
Sphingobium_Sphingomonadaceae_Sphingomonadales_Alphaproteobacteria_Proteobacteria;0,005777341;0,00785546;0;0;0;0;0;0;0;0;0;0,007960437;0;0,005743364;0,004243149;0;0,010429568;0;0;0,009416196;0;0;0,008800364;0,011011154;0,005689253;0,011906337;0;0;0;0;0;0;0;0;0,005652751;0;0;0,004487444;0,006995616;0,009854061;0;0;0;0;0;0;0
Sphingomonas_Sphingomonadaceae_Sphingomonadales_Alphaproteobacteria_Proteobacteria;0,016506689;0,017456577;0,029661203;0;0;0;0;0;0;0;0;0,006965382;0,006305568;0;0;0;0;0;0;0,005885122;0;0;0,008800364;0;0;0;0;0,008919513;0,009146788;0,010720986;0,04586613;0,09347275;0,108024974;0,49407598;0,532300764;0,744088864;0,810801866;0,890308916;0,739203433;0,721317291;0,652409616;0,707457647;0,652542171;0,730317244;0,283915566;0,307164513;0,201775626
Sphingopyxis_Sphingomonadaceae_Sphingomonadales_Alphaproteobacteria_Proteobacteria;0,430824592;0,446015536;0,554774355;0,074674438;0,074027943;0,069683762;0,016941687;0,018844931;0,019524767;0,032254118;0,048342;0,037812074;0,025222271;0,019527436;0,026307526;0,024636032;0,031288703;0,028309531;0,014271613;0,107109228;0,035262061;0,03498697;0,035201455;0,030831232;0;0;0,013953921;0,04794238;0,011890824;0,010720986;0,050304788;0,025348542;0,012816522;0,018588997;0,016958254;0,015990448;0,057914419;0,023334709;0,058296801;0,021678935;0,022432422;0,025221752;0,017894209;0,02017451;0,004320454;0,019945748;0,010216487
Sphingorhabdus_Sphingomonadaceae_Sphingomonadales_Alphaproteobacteria_Proteobacteria;0,018157358;0,029676181;0,031858329;0,048265185;0,047001868;0,084887492;0,027106699;0,025126575;0,015619814;0,035590751;0,049648541;0,038807129;0,05494852;0,08040709;0,07298217;0,063349796;0,054755231;0,08297621;0,093954783;0,081214689;0,094566437;0,168902616;0,246410185;0,211414163;0,0944416;0,292366715;0,282179292;0,37127471;0,529599005;0,63923881;0,105048233;0,282002535;0,183093176;0,21034918;0,238357687;0,28996013;0,233312374;0,381432751;0,381261076;0,658251298;0,581373612;0,386816765;0,406795028;0,567912443;0,161708431;0,357427796;0,115446307
Stakelama_Sphingomonadaceae_Sphingomonadales_Alphaproteobacteria_Proteobacteria;0;0;0;0;0;0;0;0;0;0;0;0;0;0;0;0;0;0;0;0;0;0;0;0;0;0;0;0;0;0;0;0;0;0;0;0;0;0;0;0;0;0;0;0;0;0;0
Stappia_Rhodobacteraceae_Rhodobacterales_Alphaproteobacteria_Proteobacteria;0;0;0;0,005463983;0,005875234;0,006334887;0,006776675;0;0,009762384;0,015570953;0,013065405;0,013930764;0;0,014932745;0,006789039;0,009385155;0,00651848;0,006833335;0,005946505;0,007062147;0,008014105;0;0;0;0;0,006614632;0;0;0;0;0;0;0;0;0;0;0;0,004487444;0;0;0;0,004744686;0;0;0,004937662;0;0
Stenotrophomonas_Xanthomonadaceae_Xanthomonadales_Gammaproteobacteria_Proteobacteria;0;0;0;0;0;0;0;0;0;0;0;0;0;0;0;0;0;0;0;0;0;0;0,011733818;0;0;0;0,007752178;0;0;0;0;0;0;0;0;0;0;0;0;0;0;0;0;0;0;0;0
Streptomyces_Streptomycetaceae_Streptomycetales_Actinobacteria_Actinobacteria;0;0;0;0;0;0;0;0;0;0;0;0;0;0;0;0;0;0;0;0;0;0;0;0;0;0;0;0;0;0;0;0;0;0;0;0;0;0;0;0;0;0;0;0;0;0;0
Subsaxibacter_Flavobacteriaceae_Flavobacteriales_Flavobacteriia_Bacteroidetes;0;0;0;0;0;0;0;0;0;0;0;0;0;0;0;0;0;0;0;0;0;0;0;0;0;0;0;0;0;0;0;0;0;0;0;0;0;0;0;0;0;0;0;0;0;0;0
Sufflavibacter_Flavobacteriaceae_Flavobacteriales_Flavobacteriia_Bacteroidetes;0;0;0;0;0;0;0;0;0;0;0;0;0;0;0;0;0;0;0;0;0;0;0;0;0;0;0;0;0;0;0;0;0;0;0;0;0;0;0;0;0;0;0;0;0;0;0
Sulfitobacter_Rhodobacteraceae_Rhodobacterales_Alphaproteobacteria_Proteobacteria;0;0;0;0;0;0;0;0;0;0;0;0;0;0;0;0;0;0;0;0;0;0;0;0;0;0;0;0;0;0;0;0;0;0;0;0;0;0;0;0;0;0;0;0;0;0;0
Tabrizicola_Rhodobacteraceae_Rhodobacterales_Alphaproteobacteria_Proteobacteria;0;0;0;0;0;0;0;0;0;0;0;0;0;0;0;0;0;0;0;0;0;0;0;0;0;0;0;0;0;0;0;0;0;0;0;0;0;0;0;0;0;0;0;0;0;0;0
Tateyamaria_Rhodobacteraceae_Rhodobacterales_Alphaproteobacteria_Proteobacteria;0;0;0;0;0;0;0;0;0;0;0;0;0;0;0;0;0;0;0;0;0;0;0;0;0;0;0;0;0;0;0;0;0;0;0;0;0;0;0;0;0;0;0;0;0;0;0
Tenacibaculum_Flavobacteriaceae_Flavobacteriales_Flavobacteriia_Bacteroidetes;0;0;0;0;0;0;0;0;0;0;0;0;0;0;0;0;0;0;0;0;0;0;0;0;0;0;0;0;0;0;0;0;0;0;0;0;0;0;0;0;0;0;0;0;0;0;0
Terrabacter_Intrasporangiaceae_Micrococcales_Actinobacteria_Actinobacteria;0;0;0;0;0;0;0;0;0;0;0;0;0;0;0;0;0;0;0;0;0;0;0;0;0;0;0;0;0;0;0;0;0;0;0;0;0;0;0;0;0;0;0;0;0;0;0
Terrimonas_Chitinophagaceae_Sphingobacteriales_Sphingobacteriia_Bacteroidetes;0,006602676;0;0,007689942;0,005463983;0;0,006334887;0;0;0;0;0,010452324;0,006965382;0;0;0;0,005865722;0,007822176;0;0;0,064736347;0;0,009651578;0,016134;0,007707808;0;0;0;0,036792989;0,009146788;0,020101849;0;0,014258555;0,010985591;0;0,021668881;0,017056478;0,014892279;0,013462332;0,018654976;0;0,012150895;0,019727905;0;0,019165784;0,008640909;0,023137067;0,006640717
Thalassobaculum_Rhodospirillaceae_Rhodospirillales_Alphaproteobacteria_Proteobacteria;0,411841899;0,370952256;0,447115173;6,405609689;6,808220627;7,093807014;7,661030732;5,275324447;7,321787688;6,232830243;6,289686169;6,818113974;4,297694865;4,547595254;5,7129764;4,732464424;4,462551333;5,060572633;5,650369278;4,384416196;5,337393813;6,623395425;7,326302821;5,193961483;3,08926438;5,917449398;5,849793792;5,485500217;5,498134055;4,718574109;2,806711251;3,548795944;2,198949045;1,929342243;2,353428865;1,992409867;1,570308105;1,983450306;1,948279078;2,680304688;2,937712641;3,791253796;3,885429342;3,170424169;2,773731638;3,324557204;2,312501916
Thalassospira_Rhodospirillaceae_Rhodospirillales_Alphaproteobacteria_Proteobacteria;0;0;0;0;0;0;0;0;0;0;0;0;0;0;0;0;0;0;0;0;0;0;0;0;0;0;0;0;0;0;0;0;0;0;0;0;0;0;0;0;0;0,001248602;0;0;0;0;0
Thauera_Rhodocyclaceae_Rhodocyclales_Betaproteobacteria_Proteobacteria;0;0,041895784;0;0;0;0;0;0;0;0;0,006532703;0;0;0;0;0;0;0;0;0;0;0;0;0;0;0;0;0;0;0;0;0;0;0;0;0;0;0;0;0;0;0;0;0;0;0;0
Thermovum_Phyllobacteriaceae_Rhizobiales_Alphaproteobacteria_Proteobacteria;0;0,020947892;0,009887068;0;0;0;0,005647229;0;0;0,020019797;0,015678487;0,015920873;0;0,020676109;0;0,05631093;0;0,006833335;0,19266677;0,174199623;0,123417214;0,010858025;0,049868728;0;0;0;0,089925269;0,170585677;0,005488073;0,006700616;0;0;0,029294908;0;0,066890892;0,046905315;0;0;0,081615521;0,015766498;0,016824317;0;0,029823682;0,01109598;0,004320454;0,07978299;0,023497921
Thiobacillus_Hydrogenophilaceae_Hydrogenophilales_Betaproteobacteria_Proteobacteria;0;0;0;0;0;0;0;0;0;0;0;0;0;0;0;0;0;0;0;0;0;0;0;0;0;0;0;0;0;0;0;0;0;0;0;0;0;0;0;0;0;0;0;0;0;0;0
Thiogranum_Ectothiorhodospiraceae_Chromatiales_Gammaproteobacteria_Proteobacteria;0;0;0;0;0;0;0;0;0;0;0;0;0;0;0;0;0;0;0;0;0;0;0;0;0;0;0;0;0;0;0;0;0;0;0;0;0;0;0;0;0;0;0;0;0;0;0
Thiohalocapsa_Chromatiaceae_Chromatiales_Gammaproteobacteria_Proteobacteria;0;0,013092433;0;0;0;0;0;0;0;0;0;0,008955491;0;0;0;0;0;0;0;0,025894539;0;0;0;0;0;0;0;0;0;0;0;0;0;0;0;0;0;0;0;0;0;0;0;0;0;0;0
Tistrella_Rhodospirillaceae_Rhodospirillales_Alphaproteobacteria_Proteobacteria;0;0,004364144;0;0;0;0;0;0;0;0;0;0;0;0;0;0,008212011;0;0;0;0,009416196;0;0;0;0;0;0;0;0;0;0;0;0;0;0;0;0;0;0;0;0;0;0;0;0;0;0;0
Tropicimonas_Rhodobacteraceae_Rhodobacterales_Alphaproteobacteria_Proteobacteria;0;0;0;0;0;0;0;0;0;0;0;0;0;0;0;0;0;0;0;0;0;0;0;0;0;0;0;0;0;0;0;0;0;0;0;0;0;0;0;0;0;0;0;0;0;0;0
Tumebacillus_Alicyclobacillaceae_Bacillales_Bacilli_Firmicutes;0;0;0;0;0;0;0;0;0;0;0;0;0;0;0;0;0;0;0;0;0;0;0;0;0;0;0;0;0;0;0;0;0;0;0;0;0;0;0;0;0;0;0;0;0;0;0
uncultured_Alcaligenaceae_Burkholderiales_Betaproteobacteria_Proteobacteria;0;0;0;0;0;0;0;0;0;0;0;0;0;0;0;0;0;0;0;0;0;0;0;0;0;0;0;0;0;0;0;0;0;0;0;0;0;0;0;0;0;0;0;0;0;0;0
uncultured_Aurantimonadaceae_Rhizobiales_Alphaproteobacteria_Proteobacteria;0;0;0;0;0;0;0;0;0;0;0;0;0;0;0;0;0;0,006833335;0;0;0;0;0;0;0;0;0;0;0;0;0;0;0;0;0;0;0;0;0;0;0;0;0;0;0;0;0
uncultured_Beijerinckiaceae_Rhizobiales_Alphaproteobacteria_Proteobacteria;0;0,008728288;0,018675572;0,008195975;0;0,017737685;0;0,01005063;0,01171486;0,066732658;0,054874703;0,007960437;0,059452497;0,006892036;0,029702046;0,050445208;0,054755231;0,050761917;0,096333385;0,116525424;0,008014105;0;0,098270729;0,022022309;0,005689253;0;0,096127012;0,085850308;0,1033587;0,103189493;0;0,031685678;0,210557153;0,067507411;0,119649906;0,081018272;0,115828838;0,212704852;0,211034418;0,26507425;0,302837701;0,300413537;0,529668599;0,369193524;0,38452043;0,195468326;0,414789387
uncultured_Bradyrhizobiaceae_Rhizobiales_Alphaproteobacteria_Proteobacteria;0;0;0;0;0;0;0;0;0;0;0;0;0;0;0;0;0;0;0;0;0;0;0;0;0;0;0;0;0;0;0;0;0;0;0;0;0;0;0;0;0;0;0;0;0;0,007978299;0
uncultured_Brucellaceae_Rhizobiales_Alphaproteobacteria_Proteobacteria;0;0;0;0;0;0;0;0;0;0;0;0;0;0;0;0;0;0;0;0;0;0;0;0;0;0;0;0;0;0;0;0;0;0;0;0;0;0;0;0;0;0;0;0;0;0;0
uncultured_Caulobacteraceae_Caulobacterales_Alphaproteobacteria_Proteobacteria;7,36115811;7,44697565;12,01937865;2,3467808;3,08332256;2,67839043;0,4145066;0,33920876;0,4529746;5,80351681;5,63902898;6,40516632;3,85720591;3,52183052;4,15743782;6,21766521;5,62675184;6,93876356;7,11796677;26,93973635;6,96265427;6,29041598;6,21599026;6,52190669;0,54047904;1,37584337;1,59539831;12,42153616;0,3878238;0,48378451;0,56370953;0,76204056;0,69209221;2,36080265;2,9780579;2,64482016;1,90124764;1,77702788;6,87785654;1,87719869;2,2572625;1,80872423;1,84310357;1,66540576;3,11381311;4,72873783;1,52991898
uncultured_Chitinophagaceae_Sphingobacteriales_Sphingobacteriia_Bacteroidetes;0;0;0;0;0;0;0;0;0;0;0;0;0;0;0;0;0;0;0;0;0;0;0;0;0;0;0;0;0;0;0;0;0;0;0;0;0;0,004487444;0;0;0;0;0;0;0;0;0
uncultured_Colwelliaceae_Alteromonadales_Gammaproteobacteria_Proteobacteria;0,024760034;0,004364144;0;0;0,016450654;0,008868842;0;0;0,009762384;0,007785477;0;0;0,026123067;0,011486727;0,024610267;0,010558299;0,014340656;0;0,026164623;0;0,012822568;0;0,030801273;0,028629001;0;0;0;0,006689634;0;0;0;0;0;0;0;0;0;0;0;0;0;0;0;0;0;0;0
uncultured_Comamonadaceae_Burkholderiales_Betaproteobacteria_Proteobacteria;0,722167658;0,857117919;0,54928154;0,248611238;0,138655512;0,409233732;0,391917686;0,361822682;0,320206182;0,320316758;11,67655282;0,299511428;0,241413168;0,209058433;0,498145744;0,152508769;3,214914282;0,257714347;0,134391018;0,200094162;0,211572367;0,365553518;0,186274366;0,13984166;0,03868692;0,2010848;0,145740953;0,102574394;0,114334846;0,092468507;0,035509262;0,071292776;0,047604226;0,076312726;0,082907022;0,075688122;0,018201675;0,029617131;0,061794609;0,066022211;0,029909896;0,026470353;0,03101663;0,018157059;0,06048636;0,034306686;0,033203584
uncultured_Corynebacteriaceae_Corynebacteriales_Actinobacteria_Actinobacteria;0;0;0;0;0;0;0;0;0;0;0;0;0;0;0;0;0;0;0;0;0;0;0;0;0;0;0;0;0;0;0;0;0;0;0;0;0;0;0;0;0;0;0;0;0;0;0
uncultured_Cryomorphaceae_Flavobacteriales_Flavobacteriia_Bacteroidetes;0,009078679;0;0,007689942;0;0;0;0;0;0;0;0,006532703;0;0;0;0;0;0;0;0;0;0;0;0;0;0;0;0;0;0;0;0;0;0;0;0;0;0;0;0;0;0;0;0;0;0;0;0
uncultured_Cyclobacteriaceae_Cytophagales_Cytophagia_Bacteroidetes;0;0;0;0;0;0;0;0;0;0;0;0;0;0;0;0;0;0;0;0;0;0;0;0;0;0;0;0;0;0;0;0;0;0;0;0;0;0;0;0;0;0;0;0;0;0;0
uncultured_Cytophagaceae_Cytophagales_Cytophagia_Bacteroidetes;0;0;0;0;0;0;0;0;0;0;0;0;0;0;0;0;0;0;0;0;0;0;0;0;0;0;0;0;0;0;0;0;0;0;0;0;0;0;0;0;0;0;0;0;0;0;0
uncultured_Erythrobacteraceae_Sphingomonadales_Alphaproteobacteria_Proteobacteria;0;0;0;0;0;0;0;0;0;0;0;0;0;0;0;0;0;0;0;0;0;0;0;0;0;0;0;0;0;0;0;0;0;0;0;0;0;0;0;0;0;0;0;0;0;0;0
uncultured_Gemmatimonadaceae_Gemmatimonadales_Gemmatimonadetes_Gemmatimonadetes;0;0;0;0;0;0;0;0;0;0;0;0;0;0;0;0;0;0;0;0;0;0;0;0;0;0;0;0;0;0;0;0;0;0;0,005652751;0;0;0;0,015157168;0,020693529;0,015889632;0,05543791;0,093049889;0,069602058;0,124058758;0,16754428;0,121065375
uncultured_Geodermatophilaceae_Frankiales_Actinobacteria_Actinobacteria;0;0;0;0;0;0,013936752;0;0;0,009762384;0,007785477;0,02351773;0,004975273;0;0,011486727;0,011880818;0,007038866;0;0,004880954;0,01189301;0,032956685;0,009616926;0;0;0,011011154;0;0;0;0,013379269;0,010976145;0;0;0;0;0;0;0;0;0,005384933;0,015157168;0,008868655;0;0,013235177;0;0,017148333;0;0;0,005619068
uncultured_Holophagaceae_Holophagales_Holophagae_Acidobacteria;0;0;0;0;0;0;0;0;0;0;0;0;0;0;0;0;0;0;0;0;0;0;0;0;0;0;0;0;0;0;0;0;0;0;0;0,006396179;0;0;0;0;0;0;0;0;0;0;0
uncultured_Hyphomicrobiaceae_Rhizobiales_Alphaproteobacteria_Proteobacteria;0,010729348;0,008728288;0,008788505;0,026409252;0,016450654;0,034208392;0,00790612;0;0;0,022244219;0,022211189;0,017910982;0,018015908;0,016081418;0,011032189;0,042233198;0,01955544;0,029285721;0,02259672;0,032956685;0,038467703;0,010858025;0,039601637;0,044044617;0,005689253;0,013229263;0;0;0,005488073;0,010720986;0;0;0;0,010762051;0,016016129;0,019188538;0,102591257;0,060131751;0,048969313;0,192154196;0,244887277;0,433264743;0,405602081;0,490240581;0,477101592;0,686931546;0,316711108
uncultured_Hyphomonadaceae_Caulobacterales_Alphaproteobacteria_Proteobacteria;0;0;0;0;0;0;0;0;0;0;0;0;0;0;0;0;0;0;0;0;0;0;0;0;0;0;0;0;0;0;0;0;0;0;0;0;0;0;0;0;0;0;0;0;0;0;0
uncultured_Methylophilaceae_Methylophilales_Betaproteobacteria_Proteobacteria;0;0;0;0;0;0;0;0;0;0;0;0,006965382;0;0;0;0;0;0;0;0;0;0;0;0;0;0;0;0;0;0;0;0;0;0;0;0;0;0;0;0;0;0;0;0;0;0;0
uncultured_Micromonosporaceae_Micromonosporales_Actinobacteria_Actinobacteria;0;0;0;0;0;0;0;0;0;0;0;0;0;0;0;0;0;0;0;0;0;0;0;0;0;0;0;0;0;0;0;0;0;0;0;0;0;0;0;0;0;0;0;0;0;0;0
uncultured_Nitrosomonadaceae_Nitrosomonadales_Betaproteobacteria_Proteobacteria;0;0;0;0;0;0;0;0;0;0;0;0;0;0;0;0;0;0;0;0;0;0;0;0;0;0;0;0;0;0;0;0;0;0;0;0;0;0;0;0;0;0;0;0;0;0;0
uncultured_Oceanospirillaceae_Oceanospirillales_Gammaproteobacteria_Proteobacteria;0;0;0;0;0;0;0;0;0;0;0;0;0;0;0;0;0;0;0,026164623;0;0;0;0;0,01211227;0;0;0;0,006689634;0;0;0;0;0;0;0;0;0;0;0;0;0;0;0;0;0;0;0
uncultured_Oxalobacteraceae_Burkholderiales_Betaproteobacteria_Proteobacteria;0;0;0;0;0;0;0;0;0;0;0;0;0;0;0;0;0;0;0;0;0;0;0;0;0;0;0;0;0;0;0;0;0;0;0;0;0;0;0;0;0;0;0;0;0;0;0
uncultured_Phycisphaeraceae_Phycisphaerales_Phycisphaerae_Planctomycetes;0;0;0;0;0;0;0;0;0;0;0;0;0;0;0;0;0;0;0;0;0;0;0;0;0;0;0;0;0;0;0;0;0;0;0;0;0;0;0;0;0;0;0;0;0;0;0
uncultured_Phyllobacteriaceae_Rhizobiales_Alphaproteobacteria_Proteobacteria;0;0;0,007689942;0;0;0;0,011294458;0,007537973;0;0,005561055;0;0;0;0,028716818;0;0,005865722;0,152532429;0,050761917;0;0,031779661;0;0,010858025;0,033734728;0,019820078;0,009102805;0;0;0,011149391;0,010061466;0;0;0,012674271;0,023802113;0,012718788;0,014131879;0,014924418;0,011582884;0,016154799;0,015157168;0,011824874;0,018693685;0,03995525;0,046524945;0,029253039;0,071596099;0,051061114;0,033203584
uncultured_Pseudomonadaceae_Pseudomonadales_Gammaproteobacteria_Proteobacteria;0;0;0,005492815;0,005463983;0;0,008868842;0;0,007537973;0,015619814;0;0;0;0,009908749;0,005743364;0;0;0;0;0;0;0;0,006032236;0;0,005505577;0;0,006614632;0;0;0,010976145;0;0;0;0;0,004891841;0;0,006396179;0;0,012564844;0;0,008868655;0;0;0,01312242;0,005043627;0,00555487;0;0
uncultured_Rhodobacteraceae_Rhodobacterales_Alphaproteobacteria_Proteobacteria;0,39450988;0,40237409;0,75471284;0,11747564;0,14688084;0,19764849;0,14343961;0,11181326;0,20891501;0,19352471;0,19859416;0,22886255;0,19457181;0,2021664;0,26901567;0,29093981;0,32070921;0,24111911;0,29851456;0,26600753;0,2901106;0,331773;0,39601637;0,33473909;0,1843318;0,24341844;0,19690533;0,15163171;0,15549539;0,18895738;0,06066166;0,13307985;0,07873007;0,17023608;0,1121129;0,10980108;0,17870735;0,16962539;0,20986848;0,10938008;0,15328822;0,13434953;0,11213705;0,13516921;0,06048636;0,19865965;0,11084889
uncultured_Rhodobiaceae_Rhizobiales_Alphaproteobacteria_Proteobacteria;0;0;0;0;0;0;0;0;0;0,007785477;0;0;0,005404772;0,010338054;0;0;0;0;0,013082312;0,008239171;0,009616926;0;0,022000909;0,039640155;0;0,009260484;0,009302614;0,013379269;0,010976145;0;0;0,025348542;0,016478386;0;0,014131879;0,023452658;0,008273488;0,028719642;0,039641824;0,013795686;0,026171159;0,034711124;0,035788419;0,04236647;0,016664609;0,031913196;0
uncultured_Rhodospirillaceae_Rhodospirillales_Alphaproteobacteria_Proteobacteria;0,7923211;0,7279393;1,1985323;5,4876605;6,3429021;6,5071964;5,2169101;4,7715366;5,832048;7,1726485;7,49301;7,620128;7,1135813;6,850684;7,4662457;5,6874039;5,6815071;6,2612872;5,7562171;4,5350753;6,831223;6,4979249;7,4348406;7,2409351;3,2656312;6,1105966;6,8420726;6,6673356;8,1360676;8,3744304;7,9821862;9,4359949;7,1021843;6,5345217;9,2290589;8,4781357;10,3004931;13,0737197;12,1642104;17,605266;15,2830224;20,2460744;21,3859662;18,3083674;14,4043945;19,8157013;10,9643342
uncultured_Saprospiraceae_Sphingobacteriales_Sphingobacteriia_Bacteroidetes;0;0;0;0;0;0;0;0;0;0;0;0;0;0;0;0;0;0;0;0;0;0;0;0;0;0;0;0;0;0;0;0;0;0;0;0;0;0;0;0;0;0;0;0;0;0;0
uncultured_Sphingomonadaceae_Sphingomonadales_Alphaproteobacteria_Proteobacteria;0;0;0;0;0;0;0;0;0;0;0;0;0;0;0;0;0;0;0;0;0;0;0;0;0;0;0;0;0;0;0;0;0;0;0;0;0;0;0;0;0;0;0;0;0;0;0
uncultured_Xanthobacteraceae_Rhizobiales_Alphaproteobacteria_Proteobacteria;0;0;0,015379883;0;0;0;0;0;0;0;0;0;0,012611136;0;0;0;0;0;0;0;0;0;0;0;0;0;0;0;0;0;0,019234184;0;0,010985591;0,037177995;0,016958254;0,005330149;0;0,018847265;0;0,031532996;0,036452686;0,030216158;0,027437788;0,036314117;0,024071102;0,027126217;0,026562867
uncultured_Xanthomonadaceae_Xanthomonadales_Gammaproteobacteria_Proteobacteria;0;0;0;0;0;0;0,012423904;0;0;0;0;0;0;0;0;0;0;0;0;0;0;0;0,013200546;0;0;0;0;0;0,008232109;0;0;0;0;0;0;0;0;0;0;0;0;0;0;0;0;0;0
uncultured_Xanthomonadales-Incertae-Sedis_Xanthomonadales_Gammaproteobacteria_Proteobacteria;0;0,005236973;0;0;0;0;0;0;0;0;0;0;0;0;0;0;0;0;0;0,012947269;0,008014105;0;0;0;0;0;0;0;0;0;0;0;0;0;0;0;0;0;0;0;0;0;0;0;0;0;0
Undibacterium_Oxalobacteraceae_Burkholderiales_Betaproteobacteria_Proteobacteria;0;0;0,013182757;0;0;0;0;0;0;0;0;0;0;0;0;0;0;0;0;0;0;0;0;0;0;0;0;0;0;0;0;0;0;0;0;0;0;0;0;0;0;0,001997763;0;0;0;0;0
Variibacter_Xanthobacteraceae_Rhizobiales_Alphaproteobacteria_Proteobacteria;0;0;0;0;0;0;0;0;0;0;0;0;0;0;0;0;0;0;0;0;0;0;0;0;0;0;0;0;0;0;0,008877315;0;0;0,004891841;0;0,005330149;0;0,011667355;0,012825296;0,021678935;0,016824317;0,012236295;0,011929473;0,038331568;0,009875324;0,011169619;0,007662366
Variovorax_Comamonadaceae_Burkholderiales_Betaproteobacteria_Proteobacteria;0,179097579;0,107357947;0,040646834;0,064657135;0,043476728;0,06588283;0,194264674;0,133170848;0,175722905;0,181290387;0,26522773;0,060698329;0,029726248;0,045946908;0,112019145;0,174798512;0,131673294;0,148380988;0,093954783;1,521892655;0,474435006;0,038606312;0,032268;0,093594812;0,108095807;0,265908189;0,038760892;0,06020671;0,15549539;0,041543822;0,041427472;0,049112801;0,045773294;0,042069836;0,068775143;0,055433554;0;0,033207087;0,043139632;0,033503809;0,053277003;0,016980981;0,03101663;0,024209411;0,012344155;0,007978299;0,022476272
Vitellibacter_Flavobacteriaceae_Flavobacteriales_Flavobacteriia_Bacteroidetes;0;0;0;0;0;0;0;0;0;0;0;0;0;0;0;0;0;0;0;0;0;0;0;0;0;0;0;0;0;0;0;0;0;0;0;0;0;0;0;0;0;0;0;0;0;0;0
Williamsia_Nocardiaceae_Corynebacteriales_Actinobacteria_Actinobacteria;0;0;0;0;0;0;0;0;0;0;0;0;0;0;0;0,005865722;0;0;0;0;0;0,007238684;0;0;0;0;0;0;0;0;0,007397763;0;0;0;0;0;0;0;0,006995616;0;0;0;0;0;0;0;0
Xanthobacter_Xanthobacteraceae_Rhizobiales_Alphaproteobacteria_Proteobacteria;0;0;0;0;0;0;0;0;0;0;0;0;0;0;0;0;0;0,004880954;0;0;0;0;0;0;0;0;0;0;0;0;0;0;0;0;0;0;0;0;0;0;0;0;0;0;0;0;0
Xylophilus_Comamonadaceae_Burkholderiales_Betaproteobacteria_Proteobacteria;0;0;0;0;0;0;0;0;0;0;0;0;0;0;0;0;0;0;0;0;0;0;0;0;0;0;0;0;0;0;0;0;0;0;0;0;0;0;0;0;0;0;0;0;0;0;0
Yangia_Rhodobacteraceae_Rhodobacterales_Alphaproteobacteria_Proteobacteria;0;0;0;0;0;0;0;0;0;0;0;0;0;0;0;0;0;0;0;0;0;0;0;0;0;0;0;0;0;0;0;0;0;0;0;0;0;0;0;0;0;0;0;0;0;0;0
Youngimonas_Rhodobacteraceae_Rhodobacterales_Alphaproteobacteria_Proteobacteria;0;0;0;0;0;0;0;0;0;0;0;0;0;0;0;0;0;0;0;0;0;0;0;0;0;0;0;0;0;0;0;0;0;0;0;0;0;0;0;0;0;0;0;0;0;0;0
