;D312_S1;D313_S2;D314_S3;D318_S7;D319_S8;D320_S9;D324_S13;D325_S14;D326_S15;D330_S19;D331_S20;D332_S21;D336_S25;D337_S26;D338_S27;D342_S31;D343_S32;D344_S33;D348_S37;D349_S38;D350_S39;D354_S43;D355_S44
____Hydrogenedentes;0,060670864;0,033659313;0,048788988;0,042863266;0,034722222;0,043190325;0,05412903;0,037514654;0,017387944;0,021695307;0,013074226;0,04588623;0,037043689;0,022705019;0,041273044;0,013695475;0;0,022713016;0,018194389;0,023999063;0,018761726;0,01049959;0,012944006
___028H05-P-BN-P5_Planctomycetes;0;0;0;0;0;0;0;0;0;0;0;0;0;0;0;0;0;0;0;0;0;0;0
___ARKICE-90_Proteobacteria;0,029434379;0;0;0,019863465;0,007440476;0;0,018606854;0,012504885;0,015455951;0,010847654;0,008319962;0,009733443;0,007857752;0,009933446;0,013757681;0,038596338;0;0,005407861;0;0,013462889;0,008528057;0;0
___Elev-16S-509_Proteobacteria;0;0;0;0;0;0;0;0;0;0;0;0;0;0;0;0;0;0;0;0;0;0;0
___JG30-KF-CM66_Chloroflexi;0;0;0;0;0;0;0;0;0;0;0;0;0;0;0;0;0;0;0;0;0;0;0
___ML635J-21_Cyanobacteria;0,155581719;0,117352741;0,119649184;0,123362571;0,100446429;0,053268068;0,055820562;0,220398593;0,073415765;0,104860653;0,146193617;0,119582296;0,078577522;0,069534121;0,099361032;0,147537616;0,042675771;0,04001817;0,034569339;0,033364552;0,025584172;0,067770078;0,056090694
___OM190_Planctomycetes;0,21925609;0,15192176;0,14055875;0,16831673;0,09300595;0,16268356;0,21144152;0,13911684;0,17967542;0,13649964;0,17234207;0,15851607;0,11562121;0,09507727;0,1268764;0,17057091;0,05761229;0,12762552;0,0982497;0,10009366;0,12792086;0,06395205;0,06472003
___SPOTSOCT00m83_Proteobacteria;0,007208419;0,010916534;0;0,005227228;0;0,014396775;0,008457661;0;0;0,004519856;0;0;0,00561268;0;0;0,009337824;0;0;0;0,004097401;0;0;0
___TA18_Proteobacteria;0;0;0;0;0;0;0;0;0;0;0;0;0;0;0;0;0;0;0;0,00585343;0;0;0
__42095_Bacilli_Firmicutes;0;0;0;0;0;0;0;0;0;0;0;0;0;0;0;0;0;0;0;0;0;0;0
__B38_Gammaproteobacteria_Proteobacteria;0,021625258;0;0;0;0;0;0;0;0;0;0;0;0;0,007095319;0;0,011205389;0;0,005407861;0;0,010536174;0;0;0
__E6aD10_Alphaproteobacteria_Proteobacteria;0;0;0;0;0;0;0;0;0;0;0;0;0;0;0;0;0;0;0;0;0;0;0
__Hot-Creek-32_Betaproteobacteria_Proteobacteria;0,00360421;0;0,903757914;0;0;0;0;0;0;0;1,303856897;0;0,713932917;0,529310761;0;1,018445315;0;0,380713405;0,251082566;0,905525638;0;0;0,363510846
__oca12_Betaproteobacteria_Proteobacteria;0;0;0;0;0;0;0;0;0;0;0;0;0;0;0;0;0;0;0;0;0;0;0
__OCS116-clade_Alphaproteobacteria_Proteobacteria;0;0;0;0;0;0;0;0;0;0;0;0;0;0;0;0;0;0;0;0;0;0;0
_AKIW852_Sphingomonadales_Alphaproteobacteria_Proteobacteria;0;0;0;0;0;0;0;0;0;0;0;0;0;0;0;0,004357651;0;0;0;0,008194802;0;0;0
_alphaI-cluster_Rhizobiales_Alphaproteobacteria_Proteobacteria;0;0;0;0;0;0;0;0;0;0;0;0;0;0;0;0;0;0;0;0;0;0;0
_AT-s3-44_Rhodospirillales_Alphaproteobacteria_Proteobacteria;0;0;0;0;0;0;0;0;0;0;0;0;0;0;0;0;0;0;0;0;0;0;0
_BIgi5_Order-III_Cytophagia_Bacteroidetes;0;0;0;0;0;0;0;0;0;0;0;0;0;0;0;0;0;0;0;0;0;0;0
_Blfdi19_Myxococcales_Deltaproteobacteria_Proteobacteria;0,010812629;0,013645668;0;0,00940901;0;0,014396775;0;0;0;0;0;0;0;0;0;0;0;0;0;0;0;0;0,009708005
_C2U_Rhizobiales_Alphaproteobacteria_Proteobacteria;0;0;0;0;0;0;0;0;0;0;0;0;0;0;0;0;0;0;0;0;0;0;0
_Comamonadaceae_Burkholderiales_Betaproteobacteria_Proteobacteria;0;0;0;0;0;0;0;0;0;0;0;0;0;0;0;0;0;0;0;0;0;0;0
_ctg-CGOF202_Sphingomonadales_Alphaproteobacteria_Proteobacteria;0;0;0;0;0;0;0;0;0;0;0;0;0;0;0;0;0;0;0;0;0;0;0
_D05-2_Rhizobiales_Alphaproteobacteria_Proteobacteria;0,008409823;0;0;0,00940901;0;0;0;0;0;0;0;0;0;0;0;0;0;0;0;0;0;0;0
_DA111_Rhodospirillales_Alphaproteobacteria_Proteobacteria;0;0;0;0;0;0;0;0;0;0;0;0;0;0;0;0;0;0;0;0;0;0;0
_DEV007_Verrucomicrobiales_Verrucomicrobiae_Verrucomicrobia;0,073886299;0,068228338;0,046465703;0,033454257;0,031001984;0,041750648;0,045671369;0,02657288;0,015455951;0,022599279;0,020205622;0,047276722;0,019083113;0,014190637;0,013757681;0,094623281;0,017070308;0,016223583;0,014555511;0,01756029;0,022172949;0,013363114;0
_DSSF69_Sphingomonadales_Alphaproteobacteria_Proteobacteria;0;0;0;0;0;0;0;0;0;0;0;0;0;0;0;0;0;0;0;0,035705924;0;0;0
_GR-WP33-58_Desulfuromonadales_Deltaproteobacteria_Proteobacteria;0,145369792;0,069138049;0,105709473;0,128589799;0,052083333;0,103656781;0,050745966;0,145369285;0,090803709;0,082261374;0,103405242;0,055619673;0,106640923;0,105010714;0,042801675;0,130107011;0,089619119;0,027039304;0,045485972;0,115312573;0,054579567;0,023862704;0,031281349
_JG34-KF-161_Sphingomonadales_Alphaproteobacteria_Proteobacteria;0;0;0;0;0;0;0;0;0;0;0;0;0;0;0;0;0;0;0;0;0;0;0
_JG34-KF-361_Rhizobiales_Alphaproteobacteria_Proteobacteria;0,016819645;0;0;0;0;0;0;0;0;0;0;0;0;0;0;0;0;0;0;0,004097401;0;0;0
_MND8_Rhodospirillales_Alphaproteobacteria_Proteobacteria;0;0;0;0;0;0;0;0;0;0;0;0;0;0;0;0;0;0;0;0;0;0;0
_MNG7_Rhizobiales_Alphaproteobacteria_Proteobacteria;0;0;0;0;0;0;0;0;0;0;0;0;0;0;0;0;0;0;0;0;0;0;0
_NS11-12-marine-group_Sphingobacteriales_Sphingobacteriia_Bacteroidetes;0,907660147;0,345690243;1,036185166;0,373224049;0,658482143;0,470774547;0,372137082;0,228214146;0,262751159;0,146443326;0,166399239;0,230821642;0,075209914;0,265364912;0,262924577;0,141934922;0,085351542;0,148175388;0,200138277;0,150433154;0,141565751;0,109768436;0,120810726
_NS7-marine-group_Flavobacteriales_Flavobacteriia_Bacteroidetes;0,083497525;0,034569024;0,077830052;0,03972693;0,068204365;0,02879355;0,01522379;0,034388433;0,028979907;0,018983394;0,024959886;0,050057705;0,030308473;0,043990975;0,019872206;0,022410777;0,01493652;0,01514201;0,023652706;0,009950831;0,015350503;0,009545081;0,00755067
_NS9-marine-group_Flavobacteriales_Flavobacteriia_Bacteroidetes;0,009611226;0;0;0,005227228;0;0;0;0;0;0;0;0;0;0;0;0;0;0;0;0;0;0;0
_OPB56_Chlorobiales_Chlorobia_Chlorobi;0,098515066;0,050034114;0,044142417;0,076317523;0,01860119;0,047509358;0,033830644;0,060961313;0,036707883;0,021695307;0,030902716;0,069524591;0,044901441;0,028381274;0,050444832;0,089020587;0,017070308;0,018386727;0;0,030437837;0,017056115;0,024817212;0,020494677
_Phyllobacteriaceae_Rhizobiales_Alphaproteobacteria_Proteobacteria;0;0;0;0;0;0;0;0;0;0;0;0,006952459;0;0;0,01222905;0;0;0;0;0,005268087;0;0,013363114;0
_Rhodobacteraceae_Rhodobacterales_Alphaproteobacteria_Proteobacteria;0,009611226;0,011826245;0,009293141;0;0,006200397;0;0;0;0;0;0;0;0;0;0;0;0,010668943;0;0;0;0;0;0
_Rhodobiaceae_Rhizobiales_Alphaproteobacteria_Proteobacteria;0;0;0;0;0;0;0;0;0;0;0;0;0;0;0;0;0;0;0;0;0;0;0
_Rhodospirillaceae_Rhodospirillales_Alphaproteobacteria_Proteobacteria;0,025229468;0,017284512;0,022071209;0,022999801;0,017361111;0,018715808;0,011840725;0,032825322;0;0,005423827;0,010697094;0,020857377;0,00561268;0,018447828;0,009171788;0,009337824;0,01493652;0,006489433;0;0,007609459;0;0,006681557;0,008629338
_SAR116-clade_Rickettsiales_Alphaproteobacteria_Proteobacteria;0;0;0;0;0;0;0;0;0;0;0;0;0;0;0;0;0;0;0;0;0;0;0
_SHWN-night2_Rickettsiales_Alphaproteobacteria_Proteobacteria;0,01862175;0,006367978;0,018586281;0,006272673;0,007440476;0,010077743;0;0,007815553;0;0,005423827;0,00594283;0,018076394;0;0;0,007643156;0,004980173;0;0,01514201;0;0,002926715;0;0,01049959;0
_Sphingomonadaceae_Sphingomonadales_Alphaproteobacteria_Proteobacteria;0;0;0;0;0;0;0;0;0;0;0;0;0;0;0;0;0;0;0;0;0;0;0
_T9d_Rickettsiales_Alphaproteobacteria_Proteobacteria;0;0;0;0;0;0;0;0;0;0;0;0;0;0;0;0,00373513;0;0;0;0;0;0,008590573;0,005393336
_TM146_Solirubrobacterales_Thermoleophilia_Actinobacteria;0;0;0;0;0;0;0;0;0;0;0;0;0;0;0;0;0;0;0;0;0;0;0
_uncultured_Gaiellales_Thermoleophilia_Actinobacteria;0,014416839;0,008187401;0,011616426;0,011499901;0,011160714;0,015836453;0,027064515;0,02657288;0,023183926;0,059662096;0,032091282;0,06118164;0,056126802;0,043990975;0,042801675;0,079682763;0,053344714;0,042181315;0,034569339;0,060875673;0,061402013;0,073497127;0,105709385
_uncultured_Rhizobiales_Alphaproteobacteria_Proteobacteria;0,01501754;0;0;0,007318119;0;0;0,013532258;0;0,013523957;0,00813574;0;0;0,012347896;0,019866892;0;0,038596338;0;0;0,012736072;0,007609459;0;0,004772541;0
_uncultured_Sphingomonadales_Alphaproteobacteria_Proteobacteria;0;0;0;0;0;0;0;0;0;0;0;0;0;0;0;0;0;0;0;0;0;0;0
_Verrucomicrobiaceae_Verrucomicrobiales_Verrucomicrobiae_Verrucomicrobia;0;0;0;0;0;0;0;0;0;0;0;0;0;0;0;0;0;0;0;0;0;0;0
_WCHB1-69_Sphingobacteriales_Sphingobacteriia_Bacteroidetes;0;0;0;0;0;0;0;0;0;0;0;0;0;0;0;0;0;0;0;0;0;0;0
_WW2-159_Sphingomonadales_Alphaproteobacteria_Proteobacteria;0;0;0;0;0;0;0;0;0;0;0;0;0;0;0;0;0;0;0;0;0;0;0
_Xanthobacteraceae_Rhizobiales_Alphaproteobacteria_Proteobacteria;0;0;0;0;0;0;0;0;0;0;0;0;0;0;0;0;0;0;0;0;0;0;0
Achromobacter_Alcaligenaceae_Burkholderiales_Betaproteobacteria_Proteobacteria;0,020423855;0;0;0;0;0;0;0;0;0;0;0;0;0;0;0,024900863;0;0;0;0,031608523;0;0,004772541;0
Acidovorax_Comamonadaceae_Burkholderiales_Betaproteobacteria_Proteobacteria;0,034840694;0,004548556;0,006969855;0,013590792;0,006200397;0;0;0;0,013523957;0,010847654;0,01188566;0;0,01122536;0;0;0,026768428;0;0;0;0,02341372;0;0,004772541;0
Acinetobacter_Moraxellaceae_Pseudomonadales_Gammaproteobacteria_Proteobacteria;0;0;0;0;0;0;0;0;0;0;0;0;0;0;0;0;0;0;0;0;0;0;0
Actibacterium_Rhodobacteraceae_Rhodobacterales_Alphaproteobacteria_Proteobacteria;0;0;0;0;0;0;0;0;0;0;0;0;0;0;0;0;0;0;0;0;0;0;0
Aequorivita_Flavobacteriaceae_Flavobacteriales_Flavobacteriia_Bacteroidetes;0,133956461;0,130088697;0,109194401;0,122317125;0,081845238;0,128131299;0,204675395;0,175068386;0,170015456;0,190737912;0,10697094;0,162687543;0,093170491;0,197249855;0,087131982;0,352969739;0,275258722;0,243353739;0,183763327;0,231795832;0,124509637;0,191856137;0,141305403
Aeromicrobium_Nocardioidaceae_Propionibacteriales_Actinobacteria_Actinobacteria;0;0;0;0;0;0;0;0;0;0;0;0;0;0;0;0;0;0;0;0;0;0;0
Aeromonas_Aeromonadaceae_Aeromonadales_Gammaproteobacteria_Proteobacteria;0,707025806;0,365703889;0,511122728;0,618903746;0,388144841;0,515404549;0,361987889;0,37045721;0,328438949;0,235032498;0,438580852;0,308689183;0,295226977;0,183059218;0,209422483;0,296942796;0,179238237;0,270393043;0,141916233;0,239405292;0,167149923;0,116449993;0,093844046
Aestuariivita_Rhodobacteraceae_Rhodobacterales_Alphaproteobacteria_Proteobacteria;0;0;0;0;0;0;0;0;0;0;0;0;0;0;0;0;0;0;0;0;0;0;0
Afifella_Rhodobiaceae_Rhizobiales_Alphaproteobacteria_Proteobacteria;0;0;0;0;0;0;0;0;0;0;0;0;0;0;0;0,00373513;0;0;0;0;0;0;0
Afipia_Bradyrhizobiaceae_Rhizobiales_Alphaproteobacteria_Proteobacteria;0;0;0;0;0;0;0;0;0;0;0;0;0;0;0;0;0;0;0;0;0;0;0
Agrococcus_Microbacteriaceae_Micrococcales_Actinobacteria_Actinobacteria;0;0;0;0;0;0;0;0;0;0;0;0;0;0;0;0;0;0;0;0;0;0;0
Ahrensia_Phyllobacteriaceae_Rhizobiales_Alphaproteobacteria_Proteobacteria;0,004204911;0;0;0;0,014880952;0;0,008457661;0,012504885;0,015455951;0,017175452;0,009508528;0,008342951;0,015715504;0,01135251;0;0,029258515;0,021337885;0;0,025472144;0,004682744;0,017056115;0,020999179;0
Albidiferax_Comamonadaceae_Burkholderiales_Betaproteobacteria_Proteobacteria;0;0;0;0,005227228;0;0;0;0;0;0;0;0;0;0;0;0;0;0;0;0,003512058;0;0;0
Algoriphagus_Cyclobacteriaceae_Cytophagales_Cytophagia_Bacteroidetes;0,006007016;0;0,015101353;0;0;0;0;0,012504885;0,011591963;0;0,007131396;0;0;0;0;0;0;0;0;0,007609459;0;0;0,00755067
Aliihoeflea_Phyllobacteriaceae_Rhizobiales_Alphaproteobacteria_Proteobacteria;0;0;0;0;0;0;0;0;0;0;0;0;0;0;0;0;0;0;0;0;0;0;0
Alkanindiges_Moraxellaceae_Pseudomonadales_Gammaproteobacteria_Proteobacteria;0;0;0;0;0;0;0;0;0;0;0;0;0;0;0;0;0;0;0;0;0;0;0
Altererythrobacter_Erythrobacteraceae_Sphingomonadales_Alphaproteobacteria_Proteobacteria;0;0;0;0,013590792;0,007440476;0;0;0;0;0;0;0;0;0;0;0,00373513;0;0;0;0,008194802;0;0;0
Alteromonas_Alteromonadaceae_Alteromonadales_Gammaproteobacteria_Proteobacteria;0,004805613;0;0;0;0;0;0;0;0;0;0;0;0;0;0;0,006847737;0;0;0;0;0;0;0
Aminobacter_Phyllobacteriaceae_Rhizobiales_Alphaproteobacteria_Proteobacteria;0,050458936;0,371162156;0,511122728;0,053317721;0,29389881;1,387849122;0,279102811;0,075029308;0,098531685;0,083165345;0,40648957;0,058400656;0,103273315;0,078048504;0,189550277;2,737849935;0,121625947;0,142767527;0,178305011;0,096581597;0,165444312;0,183265563;0,280453472
Amorphus_Caulobacteraceae_Caulobacterales_Alphaproteobacteria_Proteobacteria;0;0,011826245;0;0;0;0;0;0;0;0;0;0;0;0;0;0;0;0,005407861;0;0;0;0;0
Ancylobacter_Xanthobacteraceae_Rhizobiales_Alphaproteobacteria_Proteobacteria;0;0;0;0;0;0;0;0;0;0;0;0;0;0;0;0,004357651;0;0,006489433;0;0,00585343;0;0,009545081;0,011865339
Antarctobacter_Rhodobacteraceae_Rhodobacterales_Alphaproteobacteria_Proteobacteria;0;0;0;0;0;0;0;0;0;0;0;0,008342951;0;0;0;0;0;0;0;0,002926715;0;0;0
Aquabacterium_Comamonadaceae_Burkholderiales_Betaproteobacteria_Proteobacteria;0;0;0;0;0;0;0;0,007815553;0;0;0;0;0;0;0;0;0;0;0;0;0;0;0
Aquamicrobium_Phyllobacteriaceae_Rhizobiales_Alphaproteobacteria_Proteobacteria;0;0;0;0;0;0;0;0;0;0;0;0;0,013470432;0;0;0,006225216;0;0;0;0,00585343;0;0;0
Aquimonas_Xanthomonadaceae_Xanthomonadales_Gammaproteobacteria_Proteobacteria;0;0;0;0;0;0;0;0;0;0;0;0;0;0;0;0;0;0;0;0;0;0;0
Arcobacter_Campylobacteraceae_Campylobacterales_Epsilonproteobacteria_Proteobacteria;0;0;0;0;0;0;0;0;0;0;0;0;0;0;0;0;0;0;0;0;0;0;0
Arenibacter_Flavobacteriaceae_Flavobacteriales_Flavobacteriia_Bacteroidetes;0,466745158;0,226518081;0,342684556;0,240452469;0,193452381;0,280737115;0,360296356;0,257913247;0,249227202;0,255823834;0,194924823;0,298955741;0,123478964;0,116363224;0,204836589;0,120769188;0,177104449;0,175214692;0,123721844;0,125263404;0,146682586;0,136494664;0,14238407
Arthrobacter_Micrococcaceae_Micrococcales_Actinobacteria_Actinobacteria;0;0;0;0;0;0;0;0;0;0;0;0;0;0;0;0;0;0;0;0;0;0;0
Aureimonas_Aurantimonadaceae_Rhizobiales_Alphaproteobacteria_Proteobacteria;0;0;0;0;0;0;0;0;0;0;0;0;0;0;0;0;0;0;0;0;0;0;0
Azoarcus_Rhodocyclaceae_Rhodocyclales_Betaproteobacteria_Proteobacteria;0;0;0;0;0;0;0;0;0;0;0;0;0;0;0;0;0;0;0;0;0;0;0
Bacillus_Bacillaceae_Bacillales_Bacilli_Firmicutes;0;0;0;0;0;0;0;0;0;0;0;0;0;0;0;0;0;0;0;0;0;0;0
Bacteriovorax_Bacteriovoracaceae_Bdellovibrionales_Deltaproteobacteria_Proteobacteria;0;0;0;0;0;0;0;0;0;0,004519856;0;0;0;0;0;0;0;0;0;0;0;0;0
BAL58-marine-group_Comamonadaceae_Burkholderiales_Betaproteobacteria_Proteobacteria;0,055264549;0,048214692;0,118487541;0,041817821;0,043402778;0,0575871;0,021989918;0,039077765;0,04057187;0,032542961;0,027337018;0,033371804;0,024695793;0,015609701;0,021400838;0,034861209;0;0,027039304;0,025472144;0,016389604;0,015350503;0,016226638;0,011865339
Balneola_Unknown-Family_Order-III_Cytophagia_Bacteroidetes;0;0;0;0;0;0;0;0;0;0;0;0;0;0;0;0;0;0;0;0;0;0;0
Bartonella_Bartonellaceae_Rhizobiales_Alphaproteobacteria_Proteobacteria;0,006007016;0;0;0;0;0;0;0;0;0;0;0;0;0;0;0;0;0;0;0;0;0;0
Bauldia_Rhizobiales-Incertae-Sedis_Rhizobiales_Alphaproteobacteria_Proteobacteria;0;0;0;0;0;0;0;0;0;0;0;0;0;0;0;0;0;0;0;0;0;0;0
BD1-7-clade_Spongiibacteraceae_Cellvibrionales_Gammaproteobacteria_Proteobacteria;0;0;0;0;0;0;0;0;0;0;0;0;0;0;0;0;0;0;0;0;0;0;0
Blastomonas_Sphingomonadaceae_Sphingomonadales_Alphaproteobacteria_Proteobacteria;0,9259515;9,2496035;11,9017512;4,6984259;9,5417812;9,265873;4,4308332;9,0293988;9,5709261;4,3729035;10,1271887;14,2889404;9,0210199;16,9401913;18,7146121;11,9034051;17,6901959;20,2304492;7,5957928;23,0486518;31,8204168;8,9563848;21,1709906
Blastopirellula_Planctomycetaceae_Planctomycetales_Planctomycetacia_Planctomycetes;0;0;0,006969855;0;0;0;0;0;0;0;0;0;0;0;0;0;0;0;0;0;0;0;0
Bosea_Bradyrhizobiaceae_Rhizobiales_Alphaproteobacteria_Proteobacteria;0,004805613;0,010006823;0;0,010454455;0;0;0;0;0;0;0,00594283;0,012514426;0,007857752;0;0;0,008092781;0;0;0;0,003512058;0;0;0,005393336
Boseongicola_Rhodobacteraceae_Rhodobacterales_Alphaproteobacteria_Proteobacteria;0;0;0;0;0;0;0;0;0;0;0;0;0,01122536;0;0;0,007470259;0;0;0;0,047998127;0;0;0
Bradyrhizobium_Bradyrhizobiaceae_Rhizobiales_Alphaproteobacteria_Proteobacteria;0;0,004548556;0;0;0;0;0;0;0;0;0;0,006952459;0;0;0;0,013695475;0;0,023794588;0,01637495;0,022243034;0,013644892;0,020044671;0,025888013
Brevundimonas_Caulobacteraceae_Caulobacterales_Alphaproteobacteria_Proteobacteria;0,61932337;0,463042984;0,18586281;0,377405831;0,324900794;0,34696228;0,343381035;0,325127003;0,423106646;0,533342976;0,362512629;0,468595742;0,73862871;0,420042856;0,443303066;1,360832187;0,62946762;0,44777088;0,640442488;0,978693514;0,469043152;0,882920031;0,588952291
Brucella_Brucellaceae_Rhizobiales_Alphaproteobacteria_Proteobacteria;0;0;0;0;0;0;0;0;0;0;0;0;0;0;0;0;0;0;0;0;0;0;0
Burkholderia_Burkholderiaceae_Burkholderiales_Betaproteobacteria_Proteobacteria;0;0;0;0;0;0;0;0;0;0;0;0;0;0;0;0;0;0;0;0;0;0;0
Caenimonas_Comamonadaceae_Burkholderiales_Betaproteobacteria_Proteobacteria;0;0;0;0;0;0;0;0;0;0;0;0;0;0;0;0;0;0;0;0;0;0;0
Candidatus-Aquiluna_Microbacteriaceae_Micrococcales_Actinobacteria_Actinobacteria;0;0;0;0;0;0;0;0;0,011591963;0;0;0;0;0;0;0;0;0;0;0;0;0;0
Caulobacter_Caulobacteraceae_Caulobacterales_Alphaproteobacteria_Proteobacteria;0,003003508;0;0;0,007318119;0;0;0;0;0;0;0,00594283;0;0;0;0;0,006225216;0;0;0,009097194;0,008194802;0,013644892;0;0
CB31G03_Microbacteriaceae_Micrococcales_Actinobacteria_Actinobacteria;0;0;0,005808213;0;0;0;0;0;0;0;0;0;0;0;0;0,004980173;0;0;0;0;0;0;0
Celeribacter_Rhodobacteraceae_Rhodobacterales_Alphaproteobacteria_Proteobacteria;0,158585228;0,284739595;0,322936632;0,231043459;0,285218254;0,26058163;0,282485876;0,220398593;0,226043277;0,341701093;0,139062221;0,255850494;0,161645189;0,143325434;0,122290501;0,186133954;0,192040969;0,144930671;0,100069139;0,129946148;0,102336688;0,162266384;0,106788053
Chelativorans_Phyllobacteriaceae_Rhizobiales_Alphaproteobacteria_Proteobacteria;0;0;0;0;0;0;0;0;0;0;0;0;0;0;0;0;0;0;0;0;0;0;0
Chlorochromatium_Comamonadaceae_Burkholderiales_Betaproteobacteria_Proteobacteria;0;0;0;0;0;0;0;0;0;0;0;0;0;0;0;0;0;0;0;0;0;0;0
Christensenellaceae-R-7-group_Christensenellaceae_Clostridiales_Clostridia_Firmicutes;0;0;0;0;0;0;0;0;0;0;0;0;0;0;0;0;0;0;0;0;0;0;0
Citreicella_Rhodobacteraceae_Rhodobacterales_Alphaproteobacteria_Proteobacteria;0,00360421;0;0;0,008363564;0;0,007198388;0;0,014067995;0;0,004519856;0,008319962;0;0;0;0;0,00373513;0;0;0;0,006438773;0;0;0
Cloacibacterium_Flavobacteriaceae_Flavobacteriales_Flavobacteriia_Bacteroidetes;0;0;0;0;0;0;0;0;0;0;0;0;0;0;0;0;0;0;0;0;0;0;0
Clostridium-sensu-stricto-13_Clostridiaceae-1_Clostridiales_Clostridia_Firmicutes;0;0;0;0;0;0;0;0;0;0;0;0;0;0;0;0;0;0;0;0;0;0;0
Cobetia_Halomonadaceae_Oceanospirillales_Gammaproteobacteria_Proteobacteria;0,004204911;0;0;0;0;0;0;0;0;0,007231769;0;0,009733443;0;0;0;0,009337824;0;0;0;0,010536174;0;0,009545081;0,005393336
Cohaesibacter_Phyllobacteriaceae_Rhizobiales_Alphaproteobacteria_Proteobacteria;0;0;0;0;0;0;0;0;0;0;0;0;0;0;0;0;0;0;0;0;0;0;0
Colwellia_Colwelliaceae_Alteromonadales_Gammaproteobacteria_Proteobacteria;0;0;0;0;0;0;0;0;0;0;0;0;0;0;0;0;0;0;0;0;0;0;0
Comamonas_Comamonadaceae_Burkholderiales_Betaproteobacteria_Proteobacteria;0;0;0;0;0;0;0;0;0;0;0;0;0;0;0;0;0;0;0;0;0;0;0
Crocinitomix_Cryomorphaceae_Flavobacteriales_Flavobacteriia_Bacteroidetes;0;0;0;0;0;0;0;0;0;0;0;0;0;0;0;0;0;0;0;0;0;0;0
Cupriavidus_Burkholderiaceae_Burkholderiales_Betaproteobacteria_Proteobacteria;0,60310443;0,70593587;0,69117732;0,77049335;0,51215278;0,50676648;0,36875402;0,43767097;0,5931221;0,29379062;0,90331016;0,47276722;0,3738045;0,33489903;1,18468923;0,62252159;0,52491198;0,49103377;0,32931844;0,61753688;0,34623913;0,17658401;0,15856408
Defluviicoccus_Rhodospirillaceae_Rhodospirillales_Alphaproteobacteria_Proteobacteria;0;0;0;0;0;0;0;0;0;0;0;0;0;0;0;0;0;0;0;0;0;0;0
Defluviimonas_Rhodobacteraceae_Rhodobacterales_Alphaproteobacteria_Proteobacteria;0,045653323;0;0,012778068;0,032408811;0,029761905;0,008638065;0,040596773;0,007815553;0,133307573;0,082261374;0,036845546;0,06118164;0,123478964;0,219954874;0,093246507;0,280757235;0,166435506;0,117891367;0,252902005;0,093654882;0,131332083;0,463890957;0,251329457
Deinococcus_Deinococcaceae_Deinococcales_Deinococci_Deinococcus-Thermus;0;0;0;0;0;0;0;0;0;0;0;0;0;0;0;0;0;0;0;0,007024116;0;0,011454098;0,006472003
Delftia_Comamonadaceae_Burkholderiales_Betaproteobacteria_Proteobacteria;0;0;0;0;0;0;0;0;0;0;0;0;0;0;0;0;0;0;0;0;0;0;0
Desulfovibrio_Desulfovibrionaceae_Desulfovibrionales_Deltaproteobacteria_Proteobacteria;0;0;0;0;0;0;0;0;0,009659969;0;0;0;0;0;0;0;0;0;0;0;0;0;0
Devosia_Hyphomicrobiaceae_Rhizobiales_Alphaproteobacteria_Proteobacteria;0,067278581;0,040027291;0,022071209;0,052272276;0,031001984;0,035991938;0,023681451;0,035951544;0,050231839;0,020791336;0,034468414;0,037543279;0,030308473;0,025543147;0,062673882;0,064742245;0,057612291;0,041099743;0,060041483;0,057363615;0,049462732;0,059179505;0,05393336
Diplosphaera_Opitutaceae_Opitutales_Opitutae_Verrucomicrobia;0,036042097;0,014555379;0,033687634;0,013590792;0,033482143;0,01151742;0,008457661;0;0,013523957;0;0,008319962;0,006952459;0;0,017028764;0;0;0;0;0;0;0;0;0
Dokdonella_Xanthomonadaceae_Xanthomonadales_Gammaproteobacteria_Proteobacteria;0;0;0;0;0;0;0;0;0;0;0;0;0;0;0;0;0;0;0;0,004097401;0;0;0
Dokdonia_Flavobacteriaceae_Flavobacteriales_Flavobacteriia_Bacteroidetes;0;0;0;0;0;0;0;0;0;0;0;0;0;0;0;0;0;0;0;0;0;0;0
Dyadobacter_Cytophagaceae_Cytophagales_Cytophagia_Bacteroidetes;0;0;0;0;0;0;0;0;0;0;0;0;0;0;0;0;0;0;0;0;0;0;0
Endozoicomonas_Hahellaceae_Oceanospirillales_Gammaproteobacteria_Proteobacteria;0;0;0;0;0;0;0;0;0;0;0;0;0;0;0;0;0;0;0;0;0;0;0
Ensifer_Rhizobiaceae_Rhizobiales_Alphaproteobacteria_Proteobacteria;0;0;0;0;0;0;0;0;0;0;0;0;0;0;0;0;0;0;0;0;0;0;0
Erythrobacter_Erythrobacteraceae_Sphingomonadales_Alphaproteobacteria_Proteobacteria;0,019222452;0;0;0,005227228;0,012400794;0,008638065;0,028756047;0;0,019319938;0,017175452;0,008319962;0,012514426;0,057249338;0,035476593;0,022929469;0,0865305;0,025605462;0,01514201;0,043666533;0,204870054;0;0,027680736;0,017258675
Escherichia-Shigella_Enterobacteriaceae_Enterobacteriales_Gammaproteobacteria_Proteobacteria;0,068479985;0;0;0,011499901;0;0;0,011840725;0;0,011591963;0,006327798;0,014262792;0,008342951;0,006735216;0;0;0,047311641;0;0;0;0,01170686;0,008528057;0,007636065;0
Exiguobacterium_Family-XII_Bacillales_Bacilli_Firmicutes;0;0;0;0;0;0;0;0;0;0;0;0;0;0;0;0;0;0;0;0;0;0;0
Falsirhodobacter_Rhodobacteraceae_Rhodobacterales_Alphaproteobacteria_Proteobacteria;0,00360421;0,034569024;0,04995063;0,012545346;0,013640873;0,018715808;0;0;0;0;0,009508528;0,025028853;0;0;0;0;0;0;0;0;0;0,006681557;0
Ferrovibrio_Rhodospirillaceae_Rhodospirillales_Alphaproteobacteria_Proteobacteria;13,0478399;10,8674096;17,9055585;17,3010778;11,09375;16,1690181;8,222538;13,4896444;9,8435085;7,8591251;11,4589648;9,3802578;9,6066634;7,4642751;11,6405271;4,83139;6,2776059;6,9761405;4,8633601;6,0114727;6,2152482;4,1549739;4,3535008
Ferruginibacter_Chitinophagaceae_Sphingobacteriales_Sphingobacteriia_Bacteroidetes;0;0;0;0;0;0;0;0;0;0;0;0;0;0;0;0;0;0;0;0;0;0;0
Filomicrobium_Hyphomicrobiaceae_Rhizobiales_Alphaproteobacteria_Proteobacteria;0;0;0;0;0;0;0;0;0;0;0;0;0;0;0;0;0;0;0;0;0;0;0
Flavobacterium_Flavobacteriaceae_Flavobacteriales_Flavobacteriia_Bacteroidetes;0,210846268;0,150102343;0,260207934;0,083635641;0,158730159;0,122372589;0,081193545;0,067213755;0,117851623;0,05514224;0,034468414;0,057010164;0,034798617;0,117782287;0,09630377;0,058517029;0,044809559;0,036773454;0,041847094;0,045071412;0,042640287;0,024817212;0,035596018
Fluviicola_Cryomorphaceae_Flavobacteriales_Flavobacteriia_Bacteroidetes;0,878225768;0,648624062;0,666782831;0,382633059;0,414186508;0,273538727;0,311241923;0,096912857;0,125579598;0,33175741;0,160456409;0,297565249;0,103273315;0,178802026;0,097832401;0,295697753;0,123759735;0,421813148;0,29292966;0,341840318;0,146682586;0,142221713;0,138069401
Frankia_Frankiaceae_Frankiales_Actinobacteria_Actinobacteria;0;0;0;0;0;0;0;0;0;0;0;0;0;0;0;0;0;0;0;0;0;0;0
Frondihabitans_Microbacteriaceae_Micrococcales_Actinobacteria_Actinobacteria;0;0;0;0;0;0;0;0;0;0;0;0;0;0;0;0;0;0;0;0;0;0;0
Gallaecimonas_Unknown-Family_Gammaproteobacteria-Incertae-Sedis_Gammaproteobacteria_Proteobacteria;2,774040079;1,628382988;3,411744206;1,802348071;4,026537698;2,415778866;1,586657194;2,09300508;1,564914992;2,299702593;1,743626315;1,786781985;0,967626061;1,542522244;1,635635452;2,158282338;1,312279953;1,426593697;1,379134675;1,161905877;0,840866451;1,232270011;0,666616329
Gemmobacter_Rhodobacteraceae_Rhodobacterales_Alphaproteobacteria_Proteobacteria;0,091306646;0,012735956;0,60289249;0,093044651;0,138888889;0,053268068;0,021989918;0,68933177;0,019319938;0,037966788;0,606168658;0,304517708;0,193076198;0,072372249;0,016814944;0,058517029;0,823642377;0,165480543;0;0,043900726;0,148388197;0,098314339;0,035596018
GKS98-freshwater-group_Alcaligenaceae_Burkholderiales_Betaproteobacteria_Proteobacteria;0,043250517;0,035478736;0,102224546;0,025090692;0,045882937;0,020155485;0,023681451;0,040640875;0;0,009039711;0,043976942;0,023638361;0;0,021285956;0,025986731;0,062252159;0,019204097;0,012978866;0;0,01170686;0;0,01049959;0,008629338
Gordonia_Nocardiaceae_Corynebacteriales_Actinobacteria_Actinobacteria;0,003003508;0;0;0;0;0;0;0;0;0,005423827;0;0;0;0;0;0;0;0;0;0;0;0,01049959;0
Haematobacter_Rhodobacteraceae_Rhodobacterales_Alphaproteobacteria_Proteobacteria;0;0,005458267;0;0;0;0;0;0;0;0;0;0;0;0;0;0;0;0;0;0;0;0;0
Halomonas_Halomonadaceae_Oceanospirillales_Gammaproteobacteria_Proteobacteria;0;0;0,006969855;0;0;0;0;0;0;0;0;0;0;0;0;0;0;0;0;0;0;0;0
Hoeflea_Phyllobacteriaceae_Rhizobiales_Alphaproteobacteria_Proteobacteria;1,3197415;1,8157835;1,0675495;1,487669;2,1416171;0,7255975;2,4036672;2,2024228;3,3558733;3,2750875;3,8485767;3,1995217;4,0366396;5,6776739;5,5474029;0,4899245;3,4055265;4,6464341;5,538372;4,9239054;6,6706464;4,1339748;3,8810446
Hydrogenophaga_Comamonadaceae_Burkholderiales_Betaproteobacteria_Proteobacteria;0,038444904;0,045485558;0,025556136;0,05122683;0,021081349;0,035991938;0,025372983;0,034388433;0,019319938;0,044294586;0,013074226;0,050057705;0,033676081;0,019866892;0,015286313;0,02739095;0;0,005407861;0,027291583;0,015218918;0,008528057;0,018135655;0
Hyphomicrobium_Hyphomicrobiaceae_Rhizobiales_Alphaproteobacteria_Proteobacteria;0,027031573;0,02365249;0,010454783;0,05122683;0,054563492;0,064785488;0,079502013;0,114107073;0,069551777;0,149155239;0,074879658;0,111239345;0,138071932;0,215697683;0,14521997;0,122636752;0,08748533;0,06489433;0,136457916;0,098922969;0,100631076;0,115495485;0,102473384
Hyphomonas_Hyphomonadaceae_Caulobacterales_Alphaproteobacteria_Proteobacteria;1,081262915;1,142597225;1,007144102;1,589077185;1,185515873;1,963720127;2,19391725;2,002344666;2,28748068;2,033031106;1,740060617;1,432206571;1,730950564;1,562389136;1,262649424;2,167620162;1,999359863;1,415777975;1,537425858;1,175368766;1,241685144;1,291449516;0,922260455
Idiomarina_Idiomarinaceae_Alteromonadales_Gammaproteobacteria_Proteobacteria;1,433274064;1,068910621;2,60672591;1,001536805;1,646825397;1,790958825;0,636016103;1,13794451;0,537094281;0,847924934;0,569323112;0,771722958;0,382784787;0,435652556;0,547249992;0,825463623;0,37981436;0,502931061;0,37480441;0,387497073;0,405935528;0,463890957;0,249172123
Ilumatobacter_Acidimicrobiaceae_Acidimicrobiales_Acidimicrobiia_Actinobacteria;0,027031573;0,01546509;0,018586281;0,022999801;0,017361111;0,010077743;0,016915322;0,014067995;0,019319938;0,018983394;0,013074226;0,01529541;0,010102824;0;0,013757681;0,02365582;0;0,016223583;0,01637495;0,009365488;0,010233669;0,004772541;0
Imperialibacter_Flammeovirgaceae_Cytophagales_Cytophagia_Bacteroidetes;0;0;0;0;0;0;0;0;0;0;0;0;0;0;0;0;0;0;0;0;0;0;0
Jahnella_Polyangiaceae_Myxococcales_Deltaproteobacteria_Proteobacteria;0;0;0;0;0;0;0;0;0;0;0;0;0;0;0;0;0;0;0;0;0;0;0
Jannaschia_Rhodobacteraceae_Rhodobacterales_Alphaproteobacteria_Proteobacteria;0;0;0;0;0;0;0;0;0;0;0;0;0;0;0;0;0;0;0;0;0;0;0
Jatrophihabitans_Frankiaceae_Frankiales_Actinobacteria_Actinobacteria;0,010211928;0;0,009293141;0;0;0;0;0;0;0;0;0;0;0;0;0,005602694;0;0;0;0,002926715;0;0,004772541;0,00755067
Jhaorihella_Rhodobacteraceae_Rhodobacterales_Alphaproteobacteria_Proteobacteria;0;0;0;0;0;0;0;0;0;0;0;0;0;0;0;0;0;0;0;0;0;0;0
Kaistia_Rhizobiaceae_Rhizobiales_Alphaproteobacteria_Proteobacteria;0;0;0;0;0;0;0;0;0;0;0;0;0;0;0;0;0;0;0;0;0;0;0
Kerstersia_Alcaligenaceae_Burkholderiales_Betaproteobacteria_Proteobacteria;0,018021049;0;0,015101353;0,014636237;0,026041667;0,007198388;0;0;0,038639876;0,00813574;0;0;0,008980288;0,008514382;0;0,004357651;0;0;0,01637495;0,003512058;0;0;0
Ketogulonicigenium_Rhodobacteraceae_Rhodobacterales_Alphaproteobacteria_Proteobacteria;0,176005575;0,075506027;0,132427252;0,094090096;0,091765873;0,087820328;0,094725803;0,07815553;0,06568779;0,083165345;0,066559696;0,063962624;0,042656369;0,058181612;0,053502094;0,049801727;0,038408194;0,072465336;0,027291583;0,033364552;0,042640287;0,035316801;0,023730678
Kiloniella_Sphingomonadales-Incertae-Sedis_Sphingomonadales_Alphaproteobacteria_Proteobacteria;0;0;0;0;0;0;0;0;0;0;0;0;0;0;0;0;0;0;0;0;0;0;0
Klebsiella_Enterobacteriaceae_Enterobacteriales_Gammaproteobacteria_Proteobacteria;0;0;0;0;0;0;0;0;0;0;0;0;0;0;0;0;0;0;0;0;0;0;0
Kordiimonas_Kordiimonadaceae_Kordiimonadales_Alphaproteobacteria_Proteobacteria;0,009611226;0,012735956;0,013939711;0,00940901;0,009920635;0;0;0,017194216;0;0;0;0;0,00561268;0,009933446;0;0,004357651;0;0;0;0;0;0,005727049;0
Labrenzia_Rhodobacteraceae_Rhodobacterales_Alphaproteobacteria_Proteobacteria;0;0;0;0;0;0;0;0;0;0;0;0;0;0;0;0,004357651;0;0;0;0;0;0;0
Labrys_Xanthobacteraceae_Rhizobiales_Alphaproteobacteria_Proteobacteria;0;0;0;0;0;0;0;0;0;0;0;0;0;0;0;0;0;0;0;0;0;0;0
Lapillicoccus_Intrasporangiaceae_Micrococcales_Actinobacteria_Actinobacteria;0,007208419;0;0;0;0;0;0;0;0;0,009039711;0,00594283;0;0,00561268;0,007095319;0,007643156;0,004357651;0;0;0;0,003512058;0;0;0
Lentibacter_Rhodobacteraceae_Rhodobacterales_Alphaproteobacteria_Proteobacteria;0;0,01546509;0,04995063;0,015681683;0,050843254;0,02303484;0,016915322;0,025009769;0,030911901;0,03163899;0,016639924;0,026419345;0,012347896;0,008514382;0,019872206;0,013695475;0,034140617;0,00973415;0;0,009365488;0;0;0
Leptothrix_Comamonadaceae_Burkholderiales_Betaproteobacteria_Proteobacteria;0;0;0;0;0;0;0;0;0;0;0;0;0;0;0;0;0;0;0;0;0;0;0
Lewinella_Saprospiraceae_Sphingobacteriales_Sphingobacteriia_Bacteroidetes;0,012614734;0;0,008131498;0,013590792;0,016121032;0;0;0;0;0;0;0;0;0;0;0;0;0;0;0;0;0;0
Limnobacter_Burkholderiaceae_Burkholderiales_Betaproteobacteria_Proteobacteria;0;0;0;0;0;0;0;0;0;0;0;0;0;0;0;0;0;0;0;0;0;0;0
Limnohabitans_Comamonadaceae_Burkholderiales_Betaproteobacteria_Proteobacteria;0,506391465;1,001591995;0,04995063;1,686303618;1,860119048;1,644111719;1,006461653;1,911684252;1,655718702;0,879563924;0,694122541;0,791189844;0,33676081;0,969220508;2,682747868;0,018053126;1,239731143;0,815505419;0,593137077;0,517443222;0,591847177;0,319760228;0,148856073
Loktanella_Rhodobacteraceae_Rhodobacterales_Alphaproteobacteria_Proteobacteria;0,44872411;0,272003639;0,69814718;0,310497318;0,37078373;0,506766484;0,221590717;0,218835483;0,179675425;0,169042604;0,162833541;0,228040658;0,098783171;0,174544835;0,233880583;0,151272745;0,145097621;0,155746393;0,100069139;0,132872863;0,182500426;0,145085238;0,128361397
Luteimonas_Xanthomonadaceae_Xanthomonadales_Gammaproteobacteria_Proteobacteria;0;0;0;0;0;0;0;0;0;0;0;0;0;0;0;0;0;0;0;0;0;0;0
Lutibacter_Flavobacteriaceae_Flavobacteriales_Flavobacteriia_Bacteroidetes;0;0;0;0;0;0;0;0;0;0;0;0;0;0;0;0;0;0;0;0;0;0;0
Magnetospira_Rhodospirillaceae_Rhodospirillales_Alphaproteobacteria_Proteobacteria;0;0;0;0;0;0;0;0;0;0;0;0;0;0;0;0;0;0;0;0;0;0;0
Maricaulis_Hyphomonadaceae_Caulobacterales_Alphaproteobacteria_Proteobacteria;0,01501754;0,01546509;0,025556136;0,012545346;0,016121032;0;0;0,020320438;0;0,009039711;0,015451358;0,013904918;0,019083113;0,01135251;0;0,006847737;0,017070308;0,017305155;0,020013828;0,009950831;0;0;0
Marinicella_Family-Incertae-Sedis_Order-Incertae-Sedis_Gammaproteobacteria_Proteobacteria;0,520808304;0,323857175;0,446070744;0,476723156;0,458829365;0,405989058;0,292635069;0,198515045;0,21251932;0,238648382;0,241278897;0,472767218;0,160522653;0,133391988;0,117704607;0,112676407;0,115224581;0,193601419;0,156471744;0,133458207;0,160327477;0,103086879;0,076585371
Marinobacterium_Oceanospirillaceae_Oceanospirillales_Gammaproteobacteria_Proteobacteria;0,035441396;0,014555379;0,031364349;0,036590593;0,023561508;0,014396775;0,027064515;0,023446659;0,009659969;0,025311192;0,022582754;0,016685902;0,007857752;0,021285956;0,021400838;0,010582867;0,021337885;0,01514201;0,01637495;0,006438773;0;0;0
Marinomonas_Oceanospirillaceae_Oceanospirillales_Gammaproteobacteria_Proteobacteria;0,031236484;0,028201046;0,038334205;0,08154475;0,017361111;0,010077743;0,018606854;0,042203986;0,015455951;0,019887365;0,028525584;0,009733443;0,029185937;0,034057529;0,025986731;0,031126079;0,017070308;0,02487616;0,038208217;0,033364552;0,010233669;0,008590573;0,00755067
Maritalea_Hyphomicrobiaceae_Rhizobiales_Alphaproteobacteria_Proteobacteria;0;0;0;0;0;0;0;0;0;0;0;0;0;0;0;0;0;0;0;0;0;0;0
Marivita_Rhodobacteraceae_Rhodobacterales_Alphaproteobacteria_Proteobacteria;0,02583017;0,02365249;0,029041064;0,008363564;0,024801587;0,012957098;0,025372983;0,034388433;0,017387944;0,012655596;0,015451358;0,008342951;0;0,031219401;0,010700419;0,018675648;0,012802731;0,010815722;0,01637495;0,009365488;0,01193928;0,009545081;0,012944006
Marmoricola_Nocardioidaceae_Propionibacteriales_Actinobacteria_Actinobacteria;0;0;0;0;0;0;0;0;0;0;0;0;0;0;0;0;0;0;0;0;0;0;0
Massilia_Oxalobacteraceae_Burkholderiales_Betaproteobacteria_Proteobacteria;0;0;0;0;0;0;0;0;0;0,005423827;0;0;0;0;0;0,006225216;0;0;0;0;0;0;0
Mesorhizobium_Phyllobacteriaceae_Rhizobiales_Alphaproteobacteria_Proteobacteria;0,39165746;0,44120992;0,29157228;0,3146791;0,234375;0,44054132;0,4364153;0,45642829;0,38060278;0,42848232;0,07250253;0,52282492;0,55565534;0,43423349;0,26445321;0,3921886;0,42249013;0,38720284;0,68047014;0,54612503;0,56796862;0,6805643;0,65582966
Methylibium_Comamonadaceae_Burkholderiales_Betaproteobacteria_Proteobacteria;0;0;0;0;0,518353175;0,395911316;0;0;0,158423493;0;0;0;0,234610031;0;0;0;0,418222554;0;0;0;0;0;0
Methylobacterium_Methylobacteriaceae_Rhizobiales_Alphaproteobacteria_Proteobacteria;0;0;0,006969855;0;0;0;0;0;0;0;0;0;0;0;0;0;0;0;0;0;0;0;0
Methyloferula_Beijerinckiaceae_Rhizobiales_Alphaproteobacteria_Proteobacteria;0;0;0;0;0;0;0;0;0;0;0;0;0;0;0;0;0;0;0;0;0;0;0
Methylosinus_Methylocystaceae_Rhizobiales_Alphaproteobacteria_Proteobacteria;0;0;0;0;0;0;0;0;0;0;0;0;0;0;0;0,003112608;0;0;0;0,002926715;0;0;0
Methylotenera_Methylophilaceae_Methylophilales_Betaproteobacteria_Proteobacteria;0,841582969;0,45212645;0,863100424;0,480904938;0,813492063;0,505326807;0,544673365;0,828448613;0,5312983;0,480912649;0,48374636;0,510310497;0,359211531;0,542082334;0,625210187;0,619408978;0,328603435;0,41316057;0,403915432;0,439007258;0,293365171;0,361758586;0,320364158
Methylovirgula_Beijerinckiaceae_Rhizobiales_Alphaproteobacteria_Proteobacteria;0;0,01546509;0;0;0;0;0;0;0;0;0;0;0;0;0;0;0;0;0;0;0;0;0
Microbacterium_Microbacteriaceae_Micrococcales_Actinobacteria_Actinobacteria;0,04805613;0,056402092;0,055758843;0,038681484;0,048363095;0,044630003;0,030447579;0,031262212;0,050231839;0,037966788;0,021394188;0,03059082;0,016838041;0,018447828;0,030572625;0,008715302;0,023471674;0,01514201;0;0,014048232;0,01193928;0,006681557;0,009708005
Micrococcus_Micrococcaceae_Micrococcales_Actinobacteria_Actinobacteria;0,088303138;0,034569024;0,04530406;0,037636039;0,029761905;0,02303484;0,032139112;0,034388433;0,028979907;0,065085922;0,030902716;0,069524591;0,012347896;0,01135251;0,029043994;0,016808083;0;0;0,018194389;0,010536174;0;0,008590573;0,009708005
Microvirga_Methylobacteriaceae_Rhizobiales_Alphaproteobacteria_Proteobacteria;0;0;0;0;0;0;0;0;0;0;0;0;0;0;0;0;0;0;0;0;0;0;0
Moraxella_Moraxellaceae_Pseudomonadales_Gammaproteobacteria_Proteobacteria;0;0;0;0;0;0;0;0;0;0;0;0;0,012347896;0,018447828;0,013757681;0;0;0;0;0,004097401;0;0,005727049;0
Mycobacterium_Mycobacteriaceae_Corynebacteriales_Actinobacteria_Actinobacteria;0;0;0;0;0;0;0;0;0;0;0;0;0;0;0;0;0;0;0;0;0;0;0
Nakamurella_Nakamurellaceae_Frankiales_Actinobacteria_Actinobacteria;0;0;0;0;0;0;0;0;0;0;0;0;0;0;0;0;0;0;0;0;0;0;0
Neptunomonas_Oceanospirillaceae_Oceanospirillales_Gammaproteobacteria_Proteobacteria;0;0;0;0;0;0;0;0;0;0;0;0;0;0;0;0;0;0;0;0;0;0;0
Nesiotobacter_Rhodobacteraceae_Rhodobacterales_Alphaproteobacteria_Proteobacteria;0;0;0;0;0;0;0;0;0;0;0;0;0;0;0;0;0;0;0;0;0;0;0
Nisaea_Rhodospirillaceae_Rhodospirillales_Alphaproteobacteria_Proteobacteria;0;0;0;0;0;0;0;0;0;0;0;0;0;0;0;0;0;0;0;0;0;0;0
Nitratireductor_Phyllobacteriaceae_Rhizobiales_Alphaproteobacteria_Proteobacteria;0,036042097;0;0;0,027181583;0;0;0;0,018757327;0,019319938;0,021695307;0,009508528;0,027809836;0,023573257;0,02696221;0,03668715;0,063497202;0,046943348;0,023794588;0,141916233;0,065558417;0,085280573;0,13363114;0,063641365
Nocardioides_Nocardioidaceae_Propionibacteriales_Actinobacteria_Actinobacteria;0,021625258;0,005458267;0,008131498;0;0;0;0;0;0;0,010847654;0,009508528;0,009733443;0;0,012771573;0,009171788;0,008092781;0;0;0;0;0;0;0
Noviherbaspirillum_Oxalobacteraceae_Burkholderiales_Betaproteobacteria_Proteobacteria;0;0;0;0;0;0;0;0;0;0;0;0;0;0;0;0;0;0;0;0;0;0;0
Novosphingobium_Sphingomonadaceae_Sphingomonadales_Alphaproteobacteria_Proteobacteria;0,045052621;0,014555379;0,009293141;0,022999801;0,040922619;0,012957098;0,025372983;0,017194216;0,017387944;0,041582673;0,028525584;0,006952459;0,040411297;0,08798195;0,064202513;0,164345699;0,017070308;0,029202449;0,023652706;0,11472723;0,040934675;0,035316801;0,023730678
Oceanibaculum_Rhodospirillaceae_Rhodospirillales_Alphaproteobacteria_Proteobacteria;0,021024557;0,025471913;0,005808213;0,015681683;0,014880952;0,02879355;0,013532258;0,037514654;0,021251932;0,014463538;0,008319962;0,016685902;0,017960577;0;0,009171788;0,017430604;0,012802731;0;0,009097194;0,009950831;0;0,004772541;0,009708005
Oceanibulbus_Rhodobacteraceae_Rhodobacterales_Alphaproteobacteria_Proteobacteria;0,141765582;0;0,126619039;0,123362571;0;0;0;0;0,036707883;0,043390615;0,111725204;0,011123935;0,13021418;0,012771573;0,114647345;0;0,093886696;0,062731186;0,054583167;0,107703114;0,075046904;0;0,011865339
Oceanicola_Rhodobacteraceae_Rhodobacterales_Alphaproteobacteria_Proteobacteria;0,007208419;0;0;0;0;0;0;0;0;0;0;0;0;0;0;0;0;0;0;0,003512058;0;0;0
Oceaniovalibus_Rhodobacteraceae_Rhodobacterales_Alphaproteobacteria_Proteobacteria;0;0;0,025150652;0;0;0,036059765;0;0;0,054010262;0;0;0;0;0;0;0;0;0,007061233;0;0;0,008537522;0;0
Oceanisphaera_Aeromonadaceae_Aeromonadales_Gammaproteobacteria_Proteobacteria;4,39893796;3,055719809;2,954057037;2,688885869;2,056051587;2,630290815;2,560979735;1,941383353;1,827666151;1,672346619;1,828014501;2,258158711;1,518791253;1,118222197;1,065455991;1,725629836;0,919662861;1,708884034;0,722317237;1,216342777;0,989254648;0,640474963;0,476770902
Oceanobacter_Oceanospirillaceae_Oceanospirillales_Gammaproteobacteria_Proteobacteria;0;0;0;0;0;0;0;0;0;0;0;0;0;0;0;0,004980173;0;0;0;0;0;0;0
Oceanospirillum_Oceanospirillaceae_Oceanospirillales_Gammaproteobacteria_Proteobacteria;0;0;0;0;0;0;0;0;0;0;0;0;0;0;0;0;0;0;0;0;0;0;0
Ochrobactrum_Brucellaceae_Rhizobiales_Alphaproteobacteria_Proteobacteria;0,023427363;0,033659313;0;0;0;0;0;0;0,052163833;0;0,048731206;0;0;0;0;0,00373513;0;0;0;0;0;0;0
OM27-clade_Bdellovibrionaceae_Bdellovibrionales_Deltaproteobacteria_Proteobacteria;0;0;0;0;0;0;0;0;0;0;0;0;0;0;0;0;0;0;0;0;0;0;0
OM43-clade_Methylophilaceae_Methylophilales_Betaproteobacteria_Proteobacteria;0,004204911;0;0;0;0;0;0;0;0;0;0;0;0;0;0;0,00373513;0;0;0;0,002926715;0;0;0
Opitutus_Opitutaceae_Opitutales_Opitutae_Verrucomicrobia;0,042049113;0,026381624;0,068536911;0,034499702;0,063244048;0,082061618;0,020298386;0,037514654;0,028979907;0,018983394;0,019017056;0,034762295;0,013470432;0,022705019;0,027515363;0,028013471;0,019204097;0,029202449;0,030930461;0,028681808;0,035817841;0,046770899;0,022652011
Owenweeksia_Cryomorphaceae_Flavobacteriales_Flavobacteriia_Bacteroidetes;0;0;0,012778068;0;0,016121032;0;0;0;0;0;0;0;0;0,015609701;0;0;0;0;0,009097194;0;0;0;0
Oxalicibacterium_Oxalobacteraceae_Burkholderiales_Betaproteobacteria_Proteobacteria;0,004805613;0;0;0;0,013640873;0;0;0;0;0;0;0;0;0;0;0;0;0;0;0,005268087;0;0;0,00755067
Palleronia_Rhodobacteraceae_Rhodobacterales_Alphaproteobacteria_Proteobacteria;0;0;0;0;0;0;0;0;0;0;0;0;0;0;0;0;0;0;0;0;0;0;0
Pannonibacter_Rhodobacteraceae_Rhodobacterales_Alphaproteobacteria_Proteobacteria;0;0;0;0;0;0;0;0;0;0;0;0;0;0;0;0,01182791;0;0;0;0;0;0;0
Paracocccus_Rhodobacteraceae_Rhodobacterales_Alphaproteobacteria_Proteobacteria;0,021625258;0;0,019747924;0;0;0,007198388;0,008457661;0;0;0;0;0;0,006735216;0,02696221;0;0,026145907;0;0;0;0,009950831;0;0,004772541;0
Paraglaciecola_Alteromonadaceae_Alteromonadales_Gammaproteobacteria_Proteobacteria;0,009611226;0,018194223;0,012778068;0,008363564;0,007440476;0,007198388;0;0,009378664;0;0;0,00594283;0;0;0;0;0,003112608;0;0,00973415;0;0,003512058;0;0;0
Parapusillimonas_Alcaligenaceae_Burkholderiales_Betaproteobacteria_Proteobacteria;0;0;0;0;0;0;0;0;0;0;0;0;0;0;0;0;0;0;0;0;0;0;0
Parasphingopyxis_Sphingomonadaceae_Sphingomonadales_Alphaproteobacteria_Proteobacteria;0;0;0;0;0;0;0;0;0;0;0;0;0;0;0;0;0;0;0;0;0;0,007636065;0
Parvibaculum_Rhodobiaceae_Rhizobiales_Alphaproteobacteria_Proteobacteria;0,190422413;0,161928588;0,137073822;0,201770985;0,152529762;0,201554852;0,199600798;0,23915592;0,245363215;0,234128527;0,210376181;0,207183281;0,300839657;0,133391988;0,111590082;0,238425767;0,198442334;0,165480543;0,138277355;0,196675252;0,122804025;0,194719661;0,214654773
Patulibacter_Patulibacteraceae_Solirubrobacterales_Thermoleophilia_Actinobacteria;0;0;0;0;0;0;0;0;0;0;0;0;0;0;0;0;0;0;0;0;0;0;0
Paucimonas_Oxalobacteraceae_Burkholderiales_Betaproteobacteria_Proteobacteria;0;0;0;0;0;0;0;0;0;0;0;0;0;0;0;0;0;0;0;0;0;0;0
Pedobacter_Sphingobacteriaceae_Sphingobacteriales_Sphingobacteriia_Bacteroidetes;0,105122783;0,099158517;0,04995063;0,061681285;0,03844246;0,089260006;0,055820562;0,065650645;0,048299845;0,041582673;0,015451358;0,073696066;0,049391585;0,024124083;0,055030725;0,021788256;0,010668943;0,00973415;0,012736072;0,028681808;0,015350503;0,013363114;0,010786672
Pedomicrobium_Hyphomicrobiaceae_Rhizobiales_Alphaproteobacteria_Proteobacteria;0,00360421;0;0;0;0;0;0;0;0;0;0;0;0;0;0;0;0;0;0;0;0;0;0
Pelagibacterium_Hyphomicrobiaceae_Rhizobiales_Alphaproteobacteria_Proteobacteria;0;0;0;0;0;0;0;0;0;0;0;0;0;0;0;0;0;0;0;0;0;0;0
Peredibacter_Bacteriovoracaceae_Bdellovibrionales_Deltaproteobacteria_Proteobacteria;0,057667355;0,038207869;0,039495847;0,026136138;0,022321429;0,02303484;0,033830644;0,020320438;0,030911901;0,014463538;0,01782849;0,016685902;0,041533833;0,028381274;0;0,022410777;0,019204097;0,007571005;0,01637495;0,033949895;0;0,004772541;0,009708005
Perlucidibaca_Moraxellaceae_Pseudomonadales_Gammaproteobacteria_Proteobacteria;0,029434379;0,016374801;0,039495847;0,024045247;0,029761905;0,01151742;0,010149193;0;0,011591963;0,009039711;0,009508528;0,011123935;0;0;0;0,009960345;0,01493652;0,016223583;0;0,008194802;0,010233669;0,005727049;0
Phaeobacter_Rhodobacteraceae_Rhodobacterales_Alphaproteobacteria_Proteobacteria;0;0;0;0;0;0;0;0;0;0;0;0;0;0;0;0;0;0;0;0;0;0;0
Phaselicystis_Phaselicystidaceae_Myxococcales_Deltaproteobacteria_Proteobacteria;0,025229468;0;0,018586281;0,015681683;0,031001984;0,014396775;0,01522379;0,029699101;0,019319938;0,012655596;0,01782849;0,013904918;0;0,014190637;0;0,004980173;0;0,014060438;0;0,004097401;0,01193928;0;0
Phenylobacterium_Caulobacteraceae_Caulobacterales_Alphaproteobacteria_Proteobacteria;0;0;0;0;0;0;0;0;0;0;0;0;0;0;0;0;0;0;0;0;0;0;0
Phyllobacterium_Phyllobacteriaceae_Rhizobiales_Alphaproteobacteria_Proteobacteria;0;0;0;0;0;0;0;0;0;0;0;0;0;0;0;0,006225216;0;0;0;0,014048232;0;0;0
Pir4-lineage_Planctomycetaceae_Planctomycetales_Planctomycetacia_Planctomycetes;0,056465952;0,047304981;0,023232851;0,036590593;0,009920635;0,02879355;0,03890524;0,020320438;0,02511592;0,018983394;0,028525584;0,058400656;0,016838041;0,014190637;0,025986731;0,014940518;0,019204097;0,028120877;0;0,012292203;0,027289783;0,004772541;0,00755067
Pirellula_Planctomycetaceae_Planctomycetales_Planctomycetacia_Planctomycetes;0;0;0;0;0;0;0;0;0;0;0;0;0;0;0;0,012450432;0;0;0,010916633;0,01170686;0;0,011454098;0
Planctomyces_Planctomycetaceae_Planctomycetales_Planctomycetacia_Planctomycetes;0,837978759;0,856947919;0,558750073;1,089354228;0,760168651;0,706881659;1,113028181;0,692457991;0,622102009;0,545998572;0,706008201;0,721665253;0,850882313;0,517958251;0,692469962;0,731462863;0,428891497;0,71167449;0,480331866;0,470030438;0,358178407;0,352213504;0,278296137
Planococcus_Planococcaceae_Bacillales_Bacilli_Firmicutes;0,187418905;0,08551285;0,096416333;0,082590196;0,090525794;0,084940973;0,055820562;0,039077765;0,057959815;0,093109028;0,074879658;0,075086558;0,078577522;0,02696221;0,055030725;0,03548373;0,044809559;0,054078609;0,023652706;0,061461016;0,02387856;0,01049959;0,024809346
Planomicrobium_Planococcaceae_Bacillales_Bacilli_Firmicutes;0,008409823;0;0,009293141;0,005227228;0;0,008638065;0;0;0;0;0;0;0;0;0;0,003112608;0;0;0;0;0;0;0
Pleomorphomonas_Methylocystaceae_Rhizobiales_Alphaproteobacteria_Proteobacteria;0;0;0;0;0;0;0;0;0;0;0;0;0;0;0;0;0;0;0;0;0;0;0
Polaribacter_Flavobacteriaceae_Flavobacteriales_Flavobacteriia_Bacteroidetes;1,679561728;0,913350011;1,304524598;0,910583045;0,869295635;1,078318457;0,67999594;0,66275889;0,515842349;0,541478716;0,401735306;0,724446237;0,479322886;0,577558927;0,603809349;0,390943556;0,192040969;0,309329642;0,280193588;0,385155701;0,34965035;0,232899987;0,225441445
Polaromonas_Comamonadaceae_Burkholderiales_Betaproteobacteria_Proteobacteria;0;0;0;0;0;0;0;0;0;0;0;0;0;0;0;0;0;0;0;0;0;0;0
Prosthecobacter_Verrucomicrobiaceae_Verrucomicrobiales_Verrucomicrobiae_Verrucomicrobia;0,007208419;0,010916534;0;0;0,008680556;0;0;0;0;0;0;0;0,00561268;0;0;0,004980173;0;0;0;0;0;0;0
Pseudahrensia_Phyllobacteriaceae_Rhizobiales_Alphaproteobacteria_Proteobacteria;0;0;0;0;0;0;0;0;0;0;0;0;0;0;0;0;0;0;0;0;0;0;0
Pseudaminobacter_Phyllobacteriaceae_Rhizobiales_Alphaproteobacteria_Proteobacteria;0;0;0;0;0;0;0;0;0;0;0;0;0;0;0;0;0;0;0;0;0;0;0
Pseudoalteromonas_Pseudoalteromonadaceae_Alteromonadales_Gammaproteobacteria_Proteobacteria;0,102119275;0,076415738;0,105709473;0,065863068;0,053323413;0,070544198;0,071044352;0,062524424;0,02511592;0,022599279;0,016639924;0,029200328;0,014592968;0,01135251;0,044330307;0,02365582;0,010668943;0,008652577;0,020013828;0,026925779;0;0,020044671;0,014022674
Pseudochrobactrum_Brucellaceae_Rhizobiales_Alphaproteobacteria_Proteobacteria;0,015618242;0,033659313;0,026717779;0,022999801;0,01984127;0,015836453;0,008457661;0,034388433;0,013523957;0,034350904;0,021394188;0,018076394;0,014592968;0,008514382;0;0,018053126;0;0,01514201;0,009097194;0,008194802;0;0,014317622;0
Pseudolabrys_Xanthobacteraceae_Rhizobiales_Alphaproteobacteria_Proteobacteria;0,076889807;0,137366386;0,09525469;0,218498113;0,167410714;0,223150014;0,275719747;0,26416569;0,25309119;0,407690987;0,361324063;0,349013446;0,808225944;0,664121812;0,60533798;0,831688839;1,150112024;0,9755781;1,331829264;1,048934676;0,94490875;1,462306473;1,394716688
Pseudomonas_Pseudomonadaceae_Pseudomonadales_Gammaproteobacteria_Proteobacteria;4,344274;4,020923;3,99605;4,451507;7,18006;4,59689;3,728137;3,870262;3,066074;3,77408;3,656029;4,341115;3,100445;4,01595;3,664129;3,45126;1,922543;3,334487;2,370729;2,691407;2,713628;2,534219;1,546809
Pseudorhodobacter_Rhodobacteraceae_Rhodobacterales_Alphaproteobacteria_Proteobacteria;2,595030996;0,164657721;4,221409072;2,290571127;4,215029762;0,154045494;2,379985791;1,620945682;1,655718702;1,741048426;1,141023355;1,993965266;0,990076781;1,516979097;0,582408511;0,364175128;0,448095594;1,491488027;0,664095193;0,584757668;1,130820399;1,016551171;0,160721413
Pseudospirillum_Oceanospirillaceae_Oceanospirillales_Gammaproteobacteria_Proteobacteria;0,073886299;0,041846714;0,082476622;0,045999603;0,034722222;0,059026778;0,027064515;0,040640875;0,011591963;0,009039711;0,015451358;0,040324263;0,022450721;0,01135251;0,033629888;0,010582867;0,012802731;0,006489433;0;0,007024116;0,010233669;0;0,006472003
Pseudoxanthobacter_Xanthobacteraceae_Rhizobiales_Alphaproteobacteria_Proteobacteria;0,013215436;0;0,012778068;0,061681285;0,027281746;0;0;0,021883548;0,038639876;0;0,055862602;0,01529541;0,00561268;0;0,015286313;0,148160137;0,034140617;0,08977049;0,014555511;0,112385858;0;0,01049959;0,009708005
Psychrobacter_Moraxellaceae_Pseudomonadales_Gammaproteobacteria_Proteobacteria;0;0;0;0;0;0;0;0;0;0;0;0;0;0;0;0;0;0;0;0,003512058;0;0;0
Pusillimonas_Alcaligenaceae_Burkholderiales_Betaproteobacteria_Proteobacteria;0;0;0;0;0;0;0;0;0;0;0;0;0;0;0;0;0;0;0;0;0;0;0
Reyranella_Rhodospirillales-Incertae-Sedis_Rhodospirillales_Alphaproteobacteria_Proteobacteria;0;0;0;0;0;0;0;0;0;0;0;0;0;0;0;0;0;0;0;0;0;0;0
Rheinheimera_Chromatiaceae_Chromatiales_Gammaproteobacteria_Proteobacteria;0,206641357;0,171025699;0,236975083;0,1515896;0,223214286;0,172761301;0,159004026;0,154747948;0,094667697;0,092205057;0,117668034;0,150173116;0,080822594;0,093658204;0,038215782;0,047934162;0,053344714;0,136278094;0,078235872;0,045656755;0,126215248;0,023862704;0,025888013
Rhizobacter_Comamonadaceae_Burkholderiales_Betaproteobacteria_Proteobacteria;0,155581719;0,141005231;0,073183481;0,17249851;0,120287698;0,089260006;0,109949592;0,175068386;0,098531685;0,108476537;0,09508528;0,07647705;0,07071977;0,032638465;0,09630377;0,052291813;0,076816387;0,04001817;0,045485972;0,051510185;0,05799079;0,008590573;0,01941601
Rhizobium_Rhizobiaceae_Rhizobiales_Alphaproteobacteria_Proteobacteria;0,123143832;0,270184217;0,270662717;0,3146791;0,079365079;0,349841635;0,030447579;0,070339977;0,239567233;0,123844047;0,262673085;0,374042299;0,305329801;0,30651776;0,395915497;0,249631156;0,273124933;0,22388544;0,058222044;0,265745727;0,228551936;0,208082775;0,220048109
Rhodobacter_Rhodobacteraceae_Rhodobacterales_Alphaproteobacteria_Proteobacteria;0,138762074;2,663634296;0,063890341;0,067953959;0,055803571;2,735387273;0,191143137;0,046893318;1,447063369;0,340797122;0,478992096;0,018076394;0,008980288;0,025543147;0,796416888;1,015955228;0,010668943;0,121136083;0,365707216;0,151018497;0;0,004772541;0,632098979
Rhodococcus_Nocardiaceae_Corynebacteriales_Actinobacteria_Actinobacteria;0,332788697;0,236524903;0,298542139;0,188180193;0,124007937;0,138209041;0,191143137;0,121922626;0,181607419;0,169042604;0,166399239;0,223869183;0,110008531;0,100753523;0,074902932;0,064742245;0,049077136;0,093015207;0,027291583;0,078435963;0,080163739;0,06681557;0,032360016
Rhodoferax_Comamonadaceae_Burkholderiales_Betaproteobacteria_Proteobacteria;0;0;0;0;0;0;0;0;0;0;0;0;0;0;0;0;0;0;0;0;0;0;0
Rhodoglobus_Microbacteriaceae_Micrococcales_Actinobacteria_Actinobacteria;0;0;0;0;0;0;0;0;0;0;0;0;0;0;0;0,004980173;0;0;0;0;0;0;0
Rhodopirellula_Planctomycetaceae_Planctomycetales_Planctomycetacia_Planctomycetes;0,014416839;0,008187401;0;0,005227228;0,014880952;0;0;0;0;0,004519856;0;0,006952459;0,007857752;0;0;0;0;0;0;0;0;0;0
Rhodoplanes_Hyphomicrobiaceae_Rhizobiales_Alphaproteobacteria_Proteobacteria;0;0;0;0;0;0;0;0;0;0;0;0;0;0;0;0;0;0;0;0,007024116;0;0;0
Rhodovulum_Rhodobacteraceae_Rhodobacterales_Alphaproteobacteria_Proteobacteria;0;0;0;0;0;0;0;0;0;0;0;0;0;0;0;0,006225216;0;0;0;0;0;0;0
Roseicitreum_Rhodobacteraceae_Rhodobacterales_Alphaproteobacteria_Proteobacteria;0;0;0;0;0;0;0;0;0;0;0;0;0;0;0;0;0;0;0;0;0;0;0
Roseicyclus_Rhodobacteraceae_Rhodobacterales_Alphaproteobacteria_Proteobacteria;0;0;0;0;0;0;0;0;0;0;0;0;0;0;0;0;0;0;0;0;0;0;0
Roseivirga_Flammeovirgaceae_Cytophagales_Cytophagia_Bacteroidetes;0,182613292;0,099158517;0,168438172;0,13068069;0,126488095;0,067664843;0,035522176;0,039077765;0,057959815;0,026215163;0,019017056;0,070915083;0,029185937;0,056762548;0,0244581;0,024900863;0,021337885;0,032447165;0,023652706;0,037461953;0,010233669;0,012408606;0,020494677
Roseivivax_Rhodobacteraceae_Rhodobacterales_Alphaproteobacteria_Proteobacteria;0;0;0;0;0;0;0;0;0;0;0;0;0;0;0;0;0;0;0;0;0;0;0
Roseobacter-clade-CHAB-I-5-lineage_Rhodobacteraceae_Rhodobacterales_Alphaproteobacteria_Proteobacteria;0;0;0;0;0;0;0;0;0;0;0;0;0;0;0;0;0;0,005407861;0;0;0;0;0
Roseobacter_Rhodobacteraceae_Rhodobacterales_Alphaproteobacteria_Proteobacteria;0;0;0;0;0;0;0;0;0;0;0;0;0;0;0;0;0;0;0;0;0;0;0
Roseovarius_Rhodobacteraceae_Rhodobacterales_Alphaproteobacteria_Proteobacteria;0;0;0;0;0;0;0;0;0;0;0;0;0;0;0;0;0;0;0;0;0;0;0
Rubellimicrobium_Rhodobacteraceae_Rhodobacterales_Alphaproteobacteria_Proteobacteria;0;0;0;0;0;0;0;0;0;0;0;0;0;0;0;0;0;0;0;0;0;0;0
Ruegeria_Rhodobacteraceae_Rhodobacterales_Alphaproteobacteria_Proteobacteria;0,00360421;0;0;0;0;0;0;0;0;0;0;0;0;0;0;0,004357651;0;0;0;0;0;0;0
Sagittula_Rhodobacteraceae_Rhodobacterales_Alphaproteobacteria_Proteobacteria;0;0;0;0;0;0;0;0;0;0;0;0;0;0;0;0;0;0;0;0;0;0;0
Salinimonas_Alteromonadaceae_Alteromonadales_Gammaproteobacteria_Proteobacteria;0,006607718;0;0;0,005227228;0;0;0;0;0;0;0;0;0;0;0;0,016808083;0;0,006489433;0;0;0;0;0
Salinirepens_Cryomorphaceae_Flavobacteriales_Flavobacteriia_Bacteroidetes;0;0;0;0;0;0;0;0;0;0;0;0;0;0;0;0;0;0;0;0,002926715;0;0;0
Sandaracinus_Sandaracinaceae_Myxococcales_Deltaproteobacteria_Proteobacteria;0,005406315;0,008187401;0,005808213;0,005227228;0,013640873;0;0,008457661;0;0;0;0;0;0;0;0;0,003112608;0;0;0;0;0;0;0
SAR92-clade_Porticoccaceae_Cellvibrionales_Gammaproteobacteria_Proteobacteria;0,08890384;0,076415738;0,138235465;0,054363167;0,091765873;0,099337748;0,027064515;0,039077765;0,056027821;0,027119134;0,034468414;0,033371804;0,00561268;0,015609701;0,021400838;0,022410777;0,019204097;0,029202449;0,012736072;0,019316319;0,017056115;0,019090163;0,010786672
Sedimentitalea_Rhodobacteraceae_Rhodobacterales_Alphaproteobacteria_Proteobacteria;0;0;0;0;0;0;0;0;0;0;0;0;0;0;0;0;0;0;0;0;0;0;0
Sediminibacterium_Chitinophagaceae_Sphingobacteriales_Sphingobacteriia_Bacteroidetes;0,006007016;0;0;0;0;0;0;0;0;0;0;0;0;0;0;0,018053126;0;0;0;0,01756029;0;0;0
Sediminicola_Flavobacteriaceae_Flavobacteriales_Flavobacteriia_Bacteroidetes;0,01862175;0,004548556;0,006969855;0,00940901;0;0,008638065;0,008457661;0;0;0,005423827;0,01188566;0,006952459;0,021328185;0;0,007643156;0,006225216;0;0,008652577;0;0,005268087;0;0,006681557;0
Seohaeicola_Rhodobacteraceae_Rhodobacterales_Alphaproteobacteria_Proteobacteria;0,057667355;0,052763248;0,094093048;0,03972693;0,045882937;0,0575871;0,064278223;0,07815553;0,028979907;0,038870759;0,049919772;0,051448197;0,013470432;0,031219401;0,039744413;0,023033299;0,051210925;0,062731186;0,018194389;0,032193866;0,030701006;0,022908195;0,00755067
Shewanella_Shewanellaceae_Alteromonadales_Gammaproteobacteria_Proteobacteria;0,012614734;0;0;0;0,012400794;0,007198388;0,010149193;0;0;0;0,009508528;0;0;0,017028764;0,010700419;0;0;0,005407861;0;0;0;0;0
Shimia_Rhodobacteraceae_Rhodobacterales_Alphaproteobacteria_Proteobacteria;0;0;0;0;0;0;0;0;0;0;0;0;0;0;0;0;0;0;0;0;0;0;0
Shinella_Rhizobiaceae_Rhizobiales_Alphaproteobacteria_Proteobacteria;0,168797155;0,028201046;0;0,016727128;0,287698413;0;0,243580635;0,204767487;0,013523957;0,31548593;0,135496523;0,029200328;0,153787437;0;0;0,021788256;0,012802731;0,028120877;0,165568939;0,014633575;0,01193928;0,01527213;0,018337342
Sideroxydans_Gallionellaceae_Nitrosomonadales_Betaproteobacteria_Proteobacteria;0;0;0;0;0;0;0;0;0;0;0;0;0;0;0;0;0;0;0;0;0;0;0
Simiduia_Cellvibrionaceae_Cellvibrionales_Gammaproteobacteria_Proteobacteria;0;0;0;0;0;0;0;0;0;0;0;0;0;0;0;0;0;0;0;0;0;0;0
Simplicispira_Comamonadaceae_Burkholderiales_Betaproteobacteria_Proteobacteria;0,006007016;0;0;0;0;0;0;0;0;0;0;0;0;0;0;0;0;0;0;0,00585343;0;0;0
Skermanella_Rhodospirillaceae_Rhodospirillales_Alphaproteobacteria_Proteobacteria;0;0;0;0;0;0;0;0;0;0;0;0;0;0;0;0;0;0;0;0;0;0;0
SM1A02_Phycisphaeraceae_Phycisphaerales_Phycisphaerae_Planctomycetes;0,014416839;0;0;0,005227228;0,009920635;0;0;0;0;0,007231769;0,008319962;0,006952459;0;0,008514382;0;0;0;0,006489433;0;0;0;0;0
Smithella_Syntrophaceae_Syntrophobacterales_Deltaproteobacteria_Proteobacteria;0;0;0;0;0;0;0;0;0;0;0;0;0;0;0;0;0;0;0;0;0;0;0
Sneathiella_Sneathiellaceae_Sneathiellales_Alphaproteobacteria_Proteobacteria;0,079292614;0,059131226;0,051112273;0,064817622;0,100446429;0,063345811;0,094725803;0,110980852;0,085007728;0,189833941;0,11291377;0,12236328;0,136949396;0,194411727;0,113118714;0,281379757;0,162167929;0,122217656;0,194679961;0,150433154;0,134743305;0,188992612;0,136990734
Sphingobium_Sphingomonadaceae_Sphingomonadales_Alphaproteobacteria_Proteobacteria;0,028833678;0,02365249;0,027879422;0,016727128;0,012400794;0,01151742;0,021989918;0,015631106;0,02511592;0,007231769;0,027337018;0,008342951;0,015715504;0,014190637;0,013757681;0,058517029;0,012802731;0,055160181;0,018194389;0,047412784;0,272897834;0,01527213;0
Sphingomonas_Sphingomonadaceae_Sphingomonadales_Alphaproteobacteria_Proteobacteria;0,027632274;0,029110757;0,020909566;0,025090692;0,021081349;0,010077743;0,018606854;0,028135991;0,017387944;0,026215163;0,030902716;0,016685902;0,020205649;0,032638465;0,029043994;0,037973817;0,040541982;0,030284021;0,021833267;0,046827441;0,05799079;0,030544261;0,008629338
Sphingopyxis_Sphingomonadaceae_Sphingomonadales_Alphaproteobacteria_Proteobacteria;1,552212985;1,939504207;1,325434164;1,335033925;1,641865079;1,235243305;1,640786224;1,255177804;1,561051005;1,591893187;1,36209663;1,53093149;1,686049122;1,454540294;1,384939925;1,998916812;2,359970127;1,706720889;1,723008624;1,376726762;1,739723691;2,07032816;1,641731477
Sphingorhabdus_Sphingomonadaceae_Sphingomonadales_Alphaproteobacteria_Proteobacteria;0,110529098;0,114623607;0,098739618;0,117089898;0,125248016;0,073423553;0,104874996;0,090660414;0,112055641;0,097628884;0,079633922;0,088991476;0,069597234;0,07662944;0,065731144;0,148782659;0,070415022;0,169806831;0,100069139;0,016974947;0,12792086;0,091632782;0,049618691
Stakelama_Sphingomonadaceae_Sphingomonadales_Alphaproteobacteria_Proteobacteria;0;0;0;0;0;0;0;0;0;0;0;0;0;0;0;0;0;0;0;0;0;0;0
Stappia_Rhodobacteraceae_Rhodobacterales_Alphaproteobacteria_Proteobacteria;0,00360421;0,006367978;0;0;0;0;0,013532258;0;0;0;0;0;0;0;0;0;0;0;0;0;0;0;0,005393336
Stenotrophomonas_Xanthomonadaceae_Xanthomonadales_Gammaproteobacteria_Proteobacteria;0;0;0;0;0;0;0;0;0;0;0;0;0;0;0;0;0;0;0;0;0;0;0
Streptomyces_Streptomycetaceae_Streptomycetales_Actinobacteria_Actinobacteria;0;0;0;0;0;0;0;0;0;0;0;0;0;0;0;0;0;0;0;0;0;0;0
Subsaxibacter_Flavobacteriaceae_Flavobacteriales_Flavobacteriia_Bacteroidetes;0,013816137;0,010916534;0,017424638;0,010454455;0,013640873;0,041750648;0,01522379;0,010941774;0;0,010847654;0,01188566;0,006952459;0,007857752;0,009933446;0;0,019920691;0,021337885;0,011897294;0,025472144;0,006438773;0,013644892;0,012408606;0,005393336
Sufflavibacter_Flavobacteriaceae_Flavobacteriales_Flavobacteriia_Bacteroidetes;0,033639291;0,011826245;0,025556136;0,011499901;0,034722222;0,007198388;0,01522379;0;0;0;0;0,029200328;0;0,007095319;0;0,00373513;0;0;0;0,002926715;0;0;0
Sulfitobacter_Rhodobacteraceae_Rhodobacterales_Alphaproteobacteria_Proteobacteria;0,030035081;0,183761656;0,024394494;0,00940901;0,091765873;0,156924849;0,109949592;0,15787417;0,158423493;0,068701807;0,019017056;0,109848854;0,014592968;0,048248166;0;0,128861968;0;0,008652577;0;0,004682744;0,013644892;0,064906554;0,02696668
Tabrizicola_Rhodobacteraceae_Rhodobacterales_Alphaproteobacteria_Proteobacteria;0;0;0;0;0;0;0;0;0;0;0;0;0;0;0;0;0;0;0;0;0;0;0
Tateyamaria_Rhodobacteraceae_Rhodobacterales_Alphaproteobacteria_Proteobacteria;0;0;0;0;0;0;0;0;0;0;0;0;0;0;0;0;0;0;0;0;0;0;0
Tenacibaculum_Flavobacteriaceae_Flavobacteriales_Flavobacteriia_Bacteroidetes;0;0;0;0;0;0;0;0;0;0;0;0;0;0;0;0,003112608;0;0;0;0;0;0;0
Terrabacter_Intrasporangiaceae_Micrococcales_Actinobacteria_Actinobacteria;0;0;0;0;0;0;0;0;0;0;0;0;0;0;0;0;0;0;0;0;0;0;0
Terrimonas_Chitinophagaceae_Sphingobacteriales_Sphingobacteriia_Bacteroidetes;5,342039502;6,795542415;3,051635012;6,134674291;5,166170635;5,53843939;8,833181095;7,871824932;6,087712519;7,540927294;4,026861591;5,325583659;5,741771811;4,485660361;3,260570485;9,502169488;4,254774352;3,7973999;5,805829482;5,172676188;3,721644209;6,515472577;6,733040655
Thalassobaculum_Rhodospirillaceae_Rhodospirillales_Alphaproteobacteria_Proteobacteria;0,04805613;0,010916534;0,067375269;0,080499305;0,055803571;0,069104521;0,032139112;0,042203986;0,092735703;0,045198557;0,124799429;0,118191804;0,062862018;0,080886631;0,22929469;0,09026563;0,113090793;0,110320362;0,143735672;0,206626083;0,119392802;0,115495485;0,192002761
Thalassospira_Rhodospirillaceae_Rhodospirillales_Alphaproteobacteria_Proteobacteria;0,061271565;0,050943825;0,020909566;0,043908712;0,031001984;0,04031097;0,027064515;0,018757327;0,021251932;0,018079423;0,020205622;0,020857377;0,012347896;0,007095319;0,013757681;0,026768428;0,023471674;0,00973415;0,012736072;0,016389604;0,008528057;0,011454098;0,005393336
Thauera_Rhodocyclaceae_Rhodocyclales_Betaproteobacteria_Proteobacteria;0;0;0;0;0;0;0;0;0;0;0;0;0;0;0;0;0;0;0;0;0;0;0
Thermovum_Phyllobacteriaceae_Rhizobiales_Alphaproteobacteria_Proteobacteria;0;0,006367978;0,022071209;0;0;0;0,013532258;0;0;0;0;0;0;0;0;0,026768428;0;0;0,030930461;0,031608523;0,035817841;0;0
Thiobacillus_Hydrogenophilaceae_Hydrogenophilales_Betaproteobacteria_Proteobacteria;0;0;0;0;0;0;0;0;0;0;0;0;0;0;0;0;0;0;0;0;0;0;0
Thiogranum_Ectothiorhodospiraceae_Chromatiales_Gammaproteobacteria_Proteobacteria;0;0;0;0;0;0;0;0;0;0;0;0;0;0;0;0;0;0;0;0;0;0;0
Thiohalocapsa_Chromatiaceae_Chromatiales_Gammaproteobacteria_Proteobacteria;0,004805613;0;0;0;0;0;0;0;0;0;0;0;0;0;0;0,018675648;0;0;0;0;0;0;0
Tistrella_Rhodospirillaceae_Rhodospirillales_Alphaproteobacteria_Proteobacteria;0,003003508;0;0,006969855;0;0;0;0;0,007815553;0,009659969;0;0,00594283;0;0;0;0;0;0;0;0;0;0,008528057;0,006681557;0
Tropicimonas_Rhodobacteraceae_Rhodobacterales_Alphaproteobacteria_Proteobacteria;0;0;0;0;0;0;0;0;0;0;0;0;0;0;0;0;0;0;0;0;0;0;0
Tumebacillus_Alicyclobacillaceae_Bacillales_Bacilli_Firmicutes;0;0;0;0;0;0;0;0;0;0;0;0;0;0;0;0;0;0;0;0;0;0;0
uncultured_Alcaligenaceae_Burkholderiales_Betaproteobacteria_Proteobacteria;0;0;0;0;0;0;0;0;0;0;0;0;0;0;0;0;0;0;0;0;0;0;0
uncultured_Aurantimonadaceae_Rhizobiales_Alphaproteobacteria_Proteobacteria;0;0;0;0;0;0;0;0;0;0;0;0;0;0;0;0;0;0;0;0;0;0;0
uncultured_Beijerinckiaceae_Rhizobiales_Alphaproteobacteria_Proteobacteria;0,00360421;0,008187401;0,018586281;0,010454455;0,009920635;0;0;0;0;0,022599279;0;0;0;0;0;0;0;0,014060438;0;0,068485132;0;0,005727049;0
uncultured_Bradyrhizobiaceae_Rhizobiales_Alphaproteobacteria_Proteobacteria;0;0;0;0;0;0;0;0;0;0;0;0;0;0;0;0;0;0;0;0;0;0;0
uncultured_Brucellaceae_Rhizobiales_Alphaproteobacteria_Proteobacteria;0;0;0;0;0;0;0;0;0;0;0;0;0;0;0;0;0;0;0;0;0;0;0
uncultured_Caulobacteraceae_Caulobacterales_Alphaproteobacteria_Proteobacteria;33,272262;38,89015238;28,67979323;35,11442401;34,38368056;35,00431903;44,03227443;38,99179367;39,40301391;45,33324896;40,91163012;45,43292963;41,94355889;40,6036697;32,53997371;36,4642019;45,36007682;34,79633996;40,75725046;30,35647389;40,16885553;44,2672241;47,18090328
uncultured_Chitinophagaceae_Sphingobacteriales_Sphingobacteriia_Bacteroidetes;0,092508049;0,018194223;0,032525992;0,050181385;0,035962302;0,04031097;0,040596773;0,037514654;0,030911901;0,0470065;0,027337018;0,013904918;0,026940865;0,015609701;0,007643156;0,170570915;0,010668943;0,023794588;0,0327499;0,096581597;0,018761726;0,020999179;0,009708005
uncultured_Colwelliaceae_Alteromonadales_Gammaproteobacteria_Proteobacteria;0;0;0;0;0;0;0;0;0;0;0;0;0;0;0;0;0;0;0;0;0;0;0
uncultured_Comamonadaceae_Burkholderiales_Betaproteobacteria_Proteobacteria;1,90662694;0,554923812;1,89463902;0,942991856;0,115327381;0,251943565;0,527758043;0,515826495;0,266615147;0,476392794;0,437392286;0,510310497;0,453504557;0,420042856;0,609923874;0,587660377;0,068281233;0,336368946;0,394818238;0,598220557;0,416169197;0,335032358;0,441174884
uncultured_Corynebacteriaceae_Corynebacteriales_Actinobacteria_Actinobacteria;0;0;0;0;0;0;0;0;0;0;0;0;0;0;0;0;0;0;0;0;0;0;0
uncultured_Cryomorphaceae_Flavobacteriales_Flavobacteriia_Bacteroidetes;0,343000625;0,150102343;0,305511994;0,165180392;0,422867063;0,221710337;0,109949592;0,129738179;0,092735703;0,082261374;0,045165508;0,134877706;0,061739482;0,143325434;0,053502094;0,060384594;0,027739251;0,096259923;0,0327499;0,059704987;0,044345898;0,032453277;0,031281349
uncultured_Cyclobacteriaceae_Cytophagales_Cytophagia_Bacteroidetes;0;0,005458267;0,005808213;0,005227228;0,006200397;0;0;0;0;0;0;0;0;0;0;0;0;0;0;0;0;0;0
uncultured_Cytophagaceae_Cytophagales_Cytophagia_Bacteroidetes;0,023427363;0,008187401;0,018586281;0,006272673;0;0,021595163;0;0,029699101;0;0,007231769;0;0,008342951;0,012347896;0,014190637;0;0;0,012802731;0,010815722;0,009097194;0,018145633;0,01193928;0,004772541;0
uncultured_Erythrobacteraceae_Sphingomonadales_Alphaproteobacteria_Proteobacteria;0;0;0;0;0;0;0;0,010941774;0;0,004519856;0;0;0;0;0;0,013072953;0;0;0;0,004682744;0;0,006681557;0
uncultured_Gemmatimonadaceae_Gemmatimonadales_Gemmatimonadetes_Gemmatimonadetes;0;0;0;0;0;0;0;0;0;0;0;0;0;0;0;0;0;0;0;0,003512058;0;0,007636065;0,021573344
uncultured_Geodermatophilaceae_Frankiales_Actinobacteria_Actinobacteria;0;0;0;0;0;0,008638065;0;0;0;0;0;0;0,006735216;0;0;0,004980173;0;0;0;0,007024116;0;0;0
uncultured_Holophagaceae_Holophagales_Holophagae_Acidobacteria;0;0;0;0;0;0;0;0;0;0;0;0;0;0;0;0;0;0;0;0;0;0;0
uncultured_Hyphomicrobiaceae_Rhizobiales_Alphaproteobacteria_Proteobacteria;0,049858234;0,062770071;0,016262996;0,043908712;0,023561508;0,031672905;0,052437498;0,056271981;0,032843895;0,066893865;0,028525584;0,038933771;0,055004266;0,068115058;0;0,076570155;0,057612291;0,055160181;0,116444089;0,093654882;0,102336688;0,18517458;0,194160096
uncultured_Hyphomonadaceae_Caulobacterales_Alphaproteobacteria_Proteobacteria;0,039045605;0,02365249;0,022071209;0,017772574;0,01860119;0,02879355;0,018606854;0;0,019319938;0,010847654;0,010697094;0,01529541;0,006735216;0,008514382;0;0,018675648;0,02987304;0,00973415;0;0,009950831;0,008528057;0;0,006472003
uncultured_Methylophilaceae_Methylophilales_Betaproteobacteria_Proteobacteria;0;0;0;0;0;0;0;0;0;0;0;0;0;0;0;0;0;0;0;0;0;0;0
uncultured_Micromonosporaceae_Micromonosporales_Actinobacteria_Actinobacteria;0,005406315;0;0;0;0;0;0;0;0;0;0;0;0;0;0;0,004357651;0;0;0;0;0;0;0
uncultured_Nitrosomonadaceae_Nitrosomonadales_Betaproteobacteria_Proteobacteria;0;0;0;0;0;0;0;0;0;0;0;0;0;0;0;0;0;0;0;0;0;0;0
uncultured_Oceanospirillaceae_Oceanospirillales_Gammaproteobacteria_Proteobacteria;0;0;0;0;0;0;0;0;0;0;0;0;0;0;0;0;0;0;0;0;0;0;0
uncultured_Oxalobacteraceae_Burkholderiales_Betaproteobacteria_Proteobacteria;0;0;0;0;0;0;0;0;0;0;0;0;0;0;0;0;0;0;0;0;0;0;0
uncultured_Phycisphaeraceae_Phycisphaerales_Phycisphaerae_Planctomycetes;0;0;0;0;0;0;0;0;0;0;0;0;0;0;0;0;0;0;0;0;0;0;0
uncultured_Phyllobacteriaceae_Rhizobiales_Alphaproteobacteria_Proteobacteria;0,006607718;0;0;0;0,011160714;0;0,008457661;0,012504885;0,009659969;0;0;0;0;0,03831472;0;0,008715302;0;0,038936598;0;0,01170686;0,015350503;0,009545081;0,00755067
uncultured_Pseudomonadaceae_Pseudomonadales_Gammaproteobacteria_Proteobacteria;0,003003508;0;0;0;0;0;0;0;0;0;0;0;0;0;0;0;0;0;0;0,002926715;0;0;0
uncultured_Rhodobacteraceae_Rhodobacterales_Alphaproteobacteria_Proteobacteria;1,31253304;1,2381169;2,24661672;0,91894661;1,81547619;1,35041751;0,83223384;0,99726456;0,82689335;1,02148739;0,7761336;0,81899968;0,41197072;0,69250309;0,63285334;0,97735889;0,58252427;0,76899781;0,62406754;0,56134395;0,59696401;0,87814749;0,60405363
uncultured_Rhodobiaceae_Rhizobiales_Alphaproteobacteria_Proteobacteria;0;0;0,010454783;0;0;0;0,01522379;0;0;0;0,05348547;0;0,032553545;0,042571911;0;0,172438479;0,027739251;0,033528737;0,050944289;0,006438773;0,022172949;0,073497127;0,039910686
uncultured_Rhodospirillaceae_Rhodospirillales_Alphaproteobacteria_Proteobacteria;0,3556154;0,3411417;0,3310681;0,3470879;0,5009921;0,3224878;0,3670625;0,4704963;0,4327666;0,3570686;0,4159981;0,3239846;0,2716537;0,3618612;0,3592283;0,3728904;0,2389843;0,4099159;0,5203595;0,4103255;0,4485758;0,3541225;0,5576709
uncultured_Saprospiraceae_Sphingobacteriales_Sphingobacteriia_Bacteroidetes;0,012614734;0;0;0;0,008680556;0;0;0;0;0;0;0;0;0;0;0,00373513;0;0;0;0,003512058;0;0;0
uncultured_Sphingomonadaceae_Sphingomonadales_Alphaproteobacteria_Proteobacteria;0;0;0;0;0;0;0;0;0;0;0;0;0;0;0;0;0;0;0;0,039803325;0;0;0
uncultured_Xanthobacteraceae_Rhizobiales_Alphaproteobacteria_Proteobacteria;0,009611226;0;0;0;0;0;0;0;0;0;0;0;0;0;0;0,034238687;0;0,006489433;0;0,025169749;0;0;0
uncultured_Xanthomonadaceae_Xanthomonadales_Gammaproteobacteria_Proteobacteria;0,009611226;0,013645668;0,006969855;0,008363564;0,011160714;0;0,011840725;0,017194216;0;0;0;0;0;0;0;0;0;0;0;0;0;0;0
uncultured_Xanthomonadales-Incertae-Sedis_Xanthomonadales_Gammaproteobacteria_Proteobacteria;0;0;0;0;0;0;0;0;0;0;0;0;0;0;0;0;0;0;0;0;0;0;0
Undibacterium_Oxalobacteraceae_Burkholderiales_Betaproteobacteria_Proteobacteria;0;0;0;0;0;0;0;0;0;0;0;0;0;0;0;0;0;0;0;0,004097401;0;0;0
Variibacter_Xanthobacteraceae_Rhizobiales_Alphaproteobacteria_Proteobacteria;0,004204911;0;0;0;0;0;0;0;0;0;0;0;0,007857752;0,008514382;0;0,006225216;0,01493652;0;0,009097194;0;0;0,008590573;0
Variovorax_Comamonadaceae_Burkholderiales_Betaproteobacteria_Proteobacteria;0,009010524;0;0,005808213;0,018818019;0,014880952;0;0;0,007815553;0,02511592;0,007231769;0,01188566;0,011123935;0,007857752;0,008514382;0,018343575;0,016808083;0,01493652;0;0,009097194;0,007609459;0,008528057;0,008590573;0
Vitellibacter_Flavobacteriaceae_Flavobacteriales_Flavobacteriia_Bacteroidetes;0;0;0;0;0;0;0;0;0;0;0;0;0;0;0;0;0;0;0;0;0;0;0
Williamsia_Nocardiaceae_Corynebacteriales_Actinobacteria_Actinobacteria;0;0;0;0;0;0;0;0;0;0;0;0;0;0;0;0;0;0;0;0;0;0;0
Xanthobacter_Xanthobacteraceae_Rhizobiales_Alphaproteobacteria_Proteobacteria;0;0;0;0;0;0;0;0;0;0;0;0;0;0;0;0;0;0;0;0;0;0;0
Xylophilus_Comamonadaceae_Burkholderiales_Betaproteobacteria_Proteobacteria;0;0;0;0;0;0;0;0;0;0;0;0;0;0;0;0;0;0;0;0;0;0;0
Yangia_Rhodobacteraceae_Rhodobacterales_Alphaproteobacteria_Proteobacteria;0;0;0;0;0;0;0;0;0;0;0;0;0;0;0;0;0;0;0;0;0;0;0
Youngimonas_Rhodobacteraceae_Rhodobacterales_Alphaproteobacteria_Proteobacteria;0;0;0;0,012545346;0;0;0;0;0;0;0;0;0;0;0;0;0;0;0;0;0;0,007636065;0
