;X19_S2;X20_S3;X21_S4;X25_S8;X26_S9;X27_S10;X31_S14;X32_S15;X33_S16;X37_S20;X38_S21;X39_S22;X43_S26;X44_S27;X45_S28;X49_S32;X50_S33;X51_S34;X56_S38;X57_S39;X58_S40;X61_S43;X62_S44;X63_S45;X67_S49;X68_S50;X69_S51;X73_S55;X74_S56;X75_S57;X79_S61;X80_S62;X81_S63;X85_S67;X86_S68;X87_S69;X91_S73;X92_S74;X93_S75;X97_S79;X99_S80;X103_S83;X104_S84;X105_S85;X109_S89;X110_S90;X111_S91
____Hydrogenedentes;0;0;0;0;0;0;0;0;0;0;0;0;0;0;0;0;0;0;0;0;0;0;0;0;0;0;0;0;0;0;0;0;0;0;0;0;0;0;0;0;0;0;0;0;0;0;0
___028H05-P-BN-P5_Planctomycetes;0;0;0;0;0;0;0;0;0;0;0;0;0;0;0;0;0;0;0;0;0;0;0;0;0;0;0;0;0;0;0;0;0;0;0;0;0;0;0;0;0;0;0;0;0;0;0
___ARKICE-90_Proteobacteria;0;0;0;0,020950243;0,010816073;0;0;0;0;0,010691185;0,024777007;0,007570367;0,026680896;0,011624021;0,020887417;0,040512729;0,025850009;0,025936534;0,043929011;0,059769461;0,020164848;0,015615958;0,009633563;0,026181236;0,03351182;0,034394505;0,046329869;0,032924019;0,045293475;0,025388873;0,018117993;0,025860285;0,06577691;0,041643738;0,030427678;0,041277236;0,03263747;0,022954051;0,035717323;0,04009103;0,037988944;0,02559824;0,016652789;0,03327614;0,018097442;0,022037434;0,016359848
___Elev-16S-509_Proteobacteria;0;0;0;0;0;0;0;0;0;0;0;0;0;0;0;0;0;0;0;0;0;0;0;0;0;0;0;0;0;0;0;0;0;0;0;0;0;0;0;0;0;0;0;0;0;0;0
___JG30-KF-CM66_Chloroflexi;0;0;0;0;0;0;0;0;0;0;0;0;0;0;0;0;0;0;0;0;0;0;0;0;0;0;0;0;0;0;0;0;0;0;0;0;0;0;0;0;0;0;0;0;0;0;0
___ML635J-21_Cyanobacteria;0;0,005674596;0;0;0;0;0;0;0;0;0;0;0;0;0;0;0;0;0,007321502;0;0;0;0;0;0;0;0;0;0;0;0;0;0;0;0;0;0;0;0;0;0;0;0;0;0;0;0
___OM190_Planctomycetes;0;0;0;0;0;0;0;0;0;0;0;0;0;0;0;0;0;0;0;0;0;0;0;0;0;0;0;0;0;0;0;0;0;0;0;0;0;0;0;0;0;0;0;0;0;0;0
___SPOTSOCT00m83_Proteobacteria;0;0;0;0;0;0;0;0;0;0;0;0;0;0;0;0;0;0;0;0;0;0;0;0;0;0;0;0;0;0;0;0;0;0;0;0;0;0;0;0;0;0;0;0;0;0;0
___TA18_Proteobacteria;0;0;0;0;0;0;0;0;0;0;0;0;0;0;0;0;0;0;0;0;0;0;0;0;0;0;0;0;0;0;0;0;0;0;0;0;0;0;0;0;0;0;0;0;0;0;0
__42095_Bacilli_Firmicutes;0;0;0;0;0;0;0;0;0;0;0;0;0;0;0;0;0;0;0;0;0;0;0;0;0;0;0;0;0;0;0;0;0;0;0;0;0;0;0;0;0;0;0;0;0;0;0
__B38_Gammaproteobacteria_Proteobacteria;0;0;0;0;0;0;0;0;0;0,005345593;0,010202297;0;0,00606384;0,008718016;0,005967833;0;0,007602944;0;0,011714403;0,021346236;0;0,007348686;0,008429368;0;0;0,022255268;0,008057368;0;0;0;0;0;0;0,013385487;0,009015608;0,007370935;0;0;0;0;0,011789672;0;0;0,006239276;0,005170698;0;0
__E6aD10_Alphaproteobacteria_Proteobacteria;0;0;0;0;0;0;0;0;0;0;0;0;0;0;0;0;0;0;0;0;0;0;0;0;0;0;0;0;0;0;0;0;0;0;0;0;0;0;0;0;0;0;0;0;0;0;0
__Hot-Creek-32_Betaproteobacteria_Proteobacteria;0,205443088;0,121436354;0,087936783;0,043396932;4,131739765;0,101484766;0,060658035;7,393234349;0,084727812;0,104773614;3,866670553;0,078731812;0,100659746;0,056667103;0,064154209;0,071302403;0,034973542;0,109384515;0,049786212;0,041269389;2,470193835;3,86908316;1,96524692;0,070843344;2,838305468;1,662063873;0,031222303;0,015852305;0,019982415;3,473197813;0;1,639542101;1,281588831;0,870056665;0,013523412;0;1,86879737;1,956495321;0;0;1,958395557;0,006636581;0;0,893256382;0,612727672;1,144477419;0,474435585
__oca12_Betaproteobacteria_Proteobacteria;0;0;0;0;0;0;0;0;0;0;0;0;0;0;0;0;0;0;0;0;0;0;0;0;0;0;0;0;0;0;0;0;0;0;0;0;0;0;0;0;0;0;0;0;0;0;0
__OCS116-clade_Alphaproteobacteria_Proteobacteria;0;0;0;0;0;0;0;0;0;0;0;0;0;0;0;0;0;0;0;0;0;0;0;0;0;0;0;0;0;0;0;0;0;0;0;0;0;0;0;0;0;0;0;0;0;0;0
_AKIW852_Sphingomonadales_Alphaproteobacteria_Proteobacteria;0;0;0;0;0;0;0;0;0;0;0;0;0;0;0;0;0;0;0;0;0;0;0;0;0;0;0;0;0;0;0;0;0;0;0;0;0;0;0;0;0;0;0;0;0;0;0
_alphaI-cluster_Rhizobiales_Alphaproteobacteria_Proteobacteria;0;0;0;0;0;0;0;0;0;0;0;0;0;0;0;0;0;0;0;0;0;0;0;0;0;0;0;0;0;0;0;0;0;0;0;0;0;0;0;0;0;0;0;0;0;0;0
_AT-s3-44_Rhodospirillales_Alphaproteobacteria_Proteobacteria;0;0;0;0;0;0;0;0;0;0;0;0;0;0;0;0;0;0;0;0;0;0;0;0;0;0;0;0;0;0;0;0;0;0;0;0;0;0;0;0;0;0;0;0;0;0;0
_BIgi5_Order-III_Cytophagia_Bacteroidetes;0;0;0;0;0;0;0;0;0;0;0;0;0;0;0;0;0;0;0;0;0;0;0;0;0;0;0;0;0;0;0;0;0;0;0;0;0;0;0;0;0;0;0;0;0;0;0
_Blfdi19_Myxococcales_Deltaproteobacteria_Proteobacteria;0;0;0;0;0;0;0;0;0;0;0;0;0;0;0;0;0;0;0;0;0;0;0;0;0;0;0;0;0;0;0;0;0;0;0;0;0;0;0;0;0;0;0;0;0;0;0
_C2U_Rhizobiales_Alphaproteobacteria_Proteobacteria;0;0;0;0;0;0;0;0;0;0;0;0;0;0;0;0;0;0;0;0;0;0;0;0;0;0;0;0;0;0;0;0;0;0;0;0;0;0;0;0;0;0;0;0;0;0;0
_Comamonadaceae_Burkholderiales_Betaproteobacteria_Proteobacteria;0;0;0;0;0;0;0;0;0;0;0;0;0;0;0,004475875;0;0;0;0;0;0;0;0;0;0;0;0;0;0;0;0;0;0;0;0;0;0;0;0;0;0;0;0;0;0;0;0
_ctg-CGOF202_Sphingomonadales_Alphaproteobacteria_Proteobacteria;0;0;0;0;0;0;0;0;0;0;0;0;0;0;0;0;0;0;0;0;0;0;0;0;0;0;0;0;0;0;0;0;0;0;0;0;0;0;0;0;0;0;0;0;0;0;0
_D05-2_Rhizobiales_Alphaproteobacteria_Proteobacteria;0;0;0;0;0;0;0;0;0;0;0;0;0;0;0;0;0;0;0;0;0;0;0;0;0;0;0;0;0;0;0;0;0;0;0;0;0;0;0;0;0;0;0;0;0;0;0
_DA111_Rhodospirillales_Alphaproteobacteria_Proteobacteria;0;0;0;0;0;0;0;0;0;0;0;0;0;0;0;0;0;0;0;0;0;0;0;0;0;0;0;0;0;0;0;0;0;0;0;0;0;0;0;0;0;0;0;0;0;0;0
_DEV007_Verrucomicrobiales_Verrucomicrobiae_Verrucomicrobia;0;0;0;0;0;0;0;0;0;0;0;0;0;0;0;0;0;0;0;0;0;0;0;0;0;0;0;0;0;0;0;0;0;0;0;0;0;0;0;0;0;0;0;0;0;0;0
_DSSF69_Sphingomonadales_Alphaproteobacteria_Proteobacteria;0;0;0;0;0;0;0;0;0;0;0;0;0;0;0;0;0;0;0;0;0;0;0;0;0;0;0;0;0;0;0;0;0;0;0;0;0;0;0;0;0;0;0;0;0;0;0
_GR-WP33-58_Desulfuromonadales_Deltaproteobacteria_Proteobacteria;0;0;0;0;0;0;0;0;0;0;0;0;0;0;0;0;0;0;0;0;0;0;0;0;0;0;0;0;0;0;0;0;0;0;0;0;0;0;0;0;0;0;0;0;0;0;0
_JG34-KF-161_Sphingomonadales_Alphaproteobacteria_Proteobacteria;0;0;0;0;0;0;0;0;0;0;0;0;0;0;0;0;0;0;0;0;0;0;0;0;0;0;0;0;0;0;0;0;0;0;0;0;0;0;0;0;0;0;0;0;0;0,129286281;0
_JG34-KF-361_Rhizobiales_Alphaproteobacteria_Proteobacteria;0;0;0;0;0;0;0;0;0;0;0;0;0;0;0;0;0;0;0;0,021346236;0;0;0;0;0;0;0;0;0;0;0;0;0;0;0;0;0;0;0;0;0;0;0;0;0;0;0
_MND8_Rhodospirillales_Alphaproteobacteria_Proteobacteria;0;0;0;0;0;0;0;0;0;0;0;0;0;0;0;0;0;0;0;0;0;0;0;0;0;0;0;0;0;0;0;0;0;0;0;0;0;0;0;0;0;0;0;0;0;0;0
_MNG7_Rhizobiales_Alphaproteobacteria_Proteobacteria;0;0;0;0;0;0;0;0;0;0;0;0;0;0;0;0;0;0;0;0;0;0;0;0;0;0;0;0;0;0;0;0;0;0;0;0;0;0;0;0;0;0;0;0;0;0;0
_NS11-12-marine-group_Sphingobacteriales_Sphingobacteriia_Bacteroidetes;0,650954502;0,77401489;0,660747218;0;0;0;0,016733251;0;0;0;0,020404594;0;0,010914912;0,011624021;0,00895175;0,009723055;0,028891187;0,006766052;0,011714403;0,009961577;0,010082424;0,018371715;0,01324615;0,009240436;0,012384803;0,011127634;0,010071711;0,008535857;0;0;0;0;0,010609179;0,040156461;0,024792923;0,022112805;0,047143013;0,041857388;0,061229696;0,073107173;0,068118106;0,095756381;0,116569525;0,103987937;0,088548197;0,110921752;0,082660283
_NS7-marine-group_Flavobacteriales_Flavobacteriia_Bacteroidetes;0;0;0;0;0;0;0;0;0;0;0;0;0;0;0;0;0;0;0;0;0;0;0;0;0;0;0;0;0;0;0;0;0;0;0;0;0;0;0;0;0;0;0;0;0;0;0
_NS9-marine-group_Flavobacteriales_Flavobacteriia_Bacteroidetes;0;0;0;0;0;0;0;0;0;0;0;0;0;0;0;0;0;0;0;0;0;0;0;0;0;0;0;0;0;0;0;0;0;0;0;0;0;0;0;0;0;0;0;0;0;0;0
_OPB56_Chlorobiales_Chlorobia_Chlorobi;0;0;0;0;0;0;0;0;0;0;0;0,00908444;0;0,007265013;0;0;0;0;0;0;0;0;0;0;0;0;0;0;0;0;0;0;0;0;0;0;0;0;0;0;0;0;0;0;0;0;0
_Phyllobacteriaceae_Rhizobiales_Alphaproteobacteria_Proteobacteria;0;0;0;0;0;0;0;0;0;0;0;0;0;0;0;0;0;0;0;0;0;0;0;0;0;0;0;0;0;0;0;0;0;0;0;0;0;0;0;0;0;0;0;0;0,010341395;0,01909911;0
_Rhodobacteraceae_Rhodobacterales_Alphaproteobacteria_Proteobacteria;0;0;0;0;0;0,019855715;0;0;0;0;0;0;0;0;0;0;0;0;0;0;0;0;0;0;0;0;0;0;0;0;0;0;0;0;0;0;0;0;0;0;0;0;0;0;0,009048721;0;0
_Rhodobiaceae_Rhizobiales_Alphaproteobacteria_Proteobacteria;0;0;0;0;0;0;0;0;0;0;0;0;0;0;0;0;0;0;0;0;0;0;0;0;0;0;0;0;0;0;0;0;0;0;0;0;0;0;0;0;0;0;0;0;0;0;0
_Rhodospirillaceae_Rhodospirillales_Alphaproteobacteria_Proteobacteria;0;0;0;0;0;0;0;0;0;0;0;0;0;0;0;0;0;0;0;0;0;0;0;0;0;0;0;0;0;0;0;0;0;0;0;0;0;0;0;0;0;0;0;0;0;0;0
_SAR116-clade_Rickettsiales_Alphaproteobacteria_Proteobacteria;0;0;0;0;0;0;0;0;0;0;0;0;0;0;0;0;0;0;0;0;0;0;0;0;0;0;0;0;0;0;0;0;0;0;0;0;0;0;0;0;0;0;0;0;0;0;0
_SHWN-night2_Rickettsiales_Alphaproteobacteria_Proteobacteria;0;0;0;0;0;0;0;0;0;0;0;0;0;0;0,003729896;0;0;0;0;0,011384659;0;0;0,012041954;0;0;0,008092825;0;0;0;0;0;0;0;0;0;0;0;0;0;0;0;0;0;0;0;0;0
_Sphingomonadaceae_Sphingomonadales_Alphaproteobacteria_Proteobacteria;0;0;0;0;0;0;0;0;0;0;0;0;0;0;0;0;0;0;0;0;0;0;0;0;0;0;0;0;0;0;0;0;0;0;0;0;0;0;0;0;0;0;0;0;0;0;0
_T9d_Rickettsiales_Alphaproteobacteria_Proteobacteria;0;0;0;0;0;0;0;0;0;0;0;0;0;0;0;0;0;0;0;0;0;0;0;0;0;0;0;0;0;0;0;0;0;0;0;0;0;0;0;0;0;0;0;0;0;0;0
_TM146_Solirubrobacterales_Thermoleophilia_Actinobacteria;0;0;0;0;0;0;0;0;0;0;0;0;0;0;0;0;0;0;0;0;0;0;0;0;0;0;0;0;0;0;0;0;0;0;0;0;0;0;0;0;0;0;0;0;0;0;0
_uncultured_Gaiellales_Thermoleophilia_Actinobacteria;0,079638051;0,089658616;0,048853768;0,00748223;0;0,022061906;0;0;0;0,00748383;0;0;0;0,010171018;0;0,01944611;0;0;0,013178703;0,008538494;0,006301515;0,013778786;0,01565454;0,0169408;0,009470732;0;0,014100395;0,014632897;0;0,013540732;0;0,013792152;0;0;0,015777314;0,010319309;0,008461566;0,006751192;0,022110724;0;0;0,00948083;0;0,006239276;0,005817035;0;0,004305223
_uncultured_Rhizobiales_Alphaproteobacteria_Proteobacteria;0;0;0;0;0;0;0;0;0;0;0;0;0;0;0;0;0;0;0;0;0;0;0;0;0;0;0;0;0;0;0;0;0;0;0;0;0;0;0;0;0;0;0;0;0;0;0
_uncultured_Sphingomonadales_Alphaproteobacteria_Proteobacteria;0;0;0;0;0;0;0;0;0;0;0;0;0;0;0;0;0;0;0;0;0;0;0;0;0;0;0;0;0;0;0;0;0;0;0,01465036;0;0;0;0;0;0;0;0;0;0;0;0
_Verrucomicrobiaceae_Verrucomicrobiales_Verrucomicrobiae_Verrucomicrobia;0;0;0;0;0;0;0;0;0;0;0;0;0;0;0;0;0;0;0;0;0;0;0;0;0;0;0;0;0;0;0;0;0;0;0;0;0;0;0;0;0;0;0;0;0;0;0
_WCHB1-69_Sphingobacteriales_Sphingobacteriia_Bacteroidetes;0;0;0;0;0;0;0;0;0;0;0;0;0;0;0;0;0;0;0;0;0;0;0;0;0;0;0;0;0;0;0;0;0;0;0;0;0;0;0;0;0;0;0;0;0;0;0
_WW2-159_Sphingomonadales_Alphaproteobacteria_Proteobacteria;0;0;0;0;0;0;0;0;0;0;0;0;0;0;0;0;0;0;0;0;0;0;0;0;0;0;0;0;0;0;0;0;0;0;0;0;0;0;0;0;0;0;0;0;0;0;0
_Xanthobacteraceae_Rhizobiales_Alphaproteobacteria_Proteobacteria;0;0;0;0;0;0;0;0;0;0;0;0;0;0;0;0;0;0;0;0;0;0;0;0;0;0;0;0;0;0;0;0;0;0;0;0;0;0;0;0;0;0;0;0;0;0;0
Achromobacter_Alcaligenaceae_Burkholderiales_Betaproteobacteria_Proteobacteria;0,023083493;0,015888869;0,010992098;0,010475122;0,027040182;0,028680477;0,037649815;0,042093984;0;0,019244133;0,026234478;0,030281466;0,032744737;0,014530026;0,028347209;0,051856293;0,018247065;0,045107016;0,033678908;0,02988473;0,022685454;0,044092116;0,04214684;0,024641163;0,010927767;0,02630168;0,031222303;0,018291121;0,009325127;0,028774056;0;0;0;0,020821869;0,007888657;0,01474187;0,009670362;0,010801907;0;0;0;0;0;0;0;0,008814974;0
Acidovorax_Comamonadaceae_Burkholderiales_Betaproteobacteria_Proteobacteria;0,020775144;0,032912657;0,048853768;0,038907594;0,043264291;0,083835242;0,048108097;0;0;0,073769177;0,061213782;0,075703666;0,048510721;0,068291124;0,093993376;0,059958839;0,036494131;0,050745393;0,021964505;0,056923296;0,037809089;0,031231915;0,016858736;0,024641163;0,016027392;0,024278474;0,020143421;0,012194081;0,018650254;0,016925915;0;0;0;0,014872764;0,020285119;0,019164431;0,020549518;0,006751192;0,011905774;0,00589574;0,010479709;0,00948083;0;0,009358914;0,003878023;0,008080393;0
Acinetobacter_Moraxellaceae_Pseudomonadales_Gammaproteobacteria_Proteobacteria;0;0;0;0;0;0;0;0;0;0;0;0;0;0;0;0;0;0;0;0;0;0;0;0;0,008013696;0;0,006043026;0,008535857;0,01332161;0;0;0;0;0;0;0;0;0;0;0;0,017029527;0;0;0;0;0;0
Actibacterium_Rhodobacteraceae_Rhodobacterales_Alphaproteobacteria_Proteobacteria;0;0;0;0;0;0;0;0;0;0;0;0;0;0;0;0;0;0;0;0;0;0;0;0;0;0;0;0;0;0;0;0;0;0;0;0;0;0;0;0;0;0;0;0;0;0;0
Aequorivita_Flavobacteriaceae_Flavobacteriales_Flavobacteriia_Bacteroidetes;0,009233397;0;0,007328065;0;0;0;0;0;0;0;0;0;0;0;0;0;0;0;0,007321502;0,031307813;0;0,007348686;0,010837759;0,009240436;0,005828143;0,01315084;0,010071711;0,01951053;0;0;0;0;0;0,008923658;0;0;0;0;0;0;0;0;0;0;0;0;0
Aeromicrobium_Nocardioidaceae_Propionibacteriales_Actinobacteria_Actinobacteria;0;0;0;0;0;0;0;0;0;0;0;0;0;0;0;0;0;0;0;0;0;0;0;0;0;0;0;0;0;0;0;0;0;0;0;0;0;0;0;0;0;0;0;0;0;0;0
Aeromonas_Aeromonadaceae_Aeromonadales_Gammaproteobacteria_Proteobacteria;0,005770873;0,010214273;0;0;0;0;0;0;0;0,005345593;0;0;0;0;0;0;0;0;0;0,008538494;0;0,005511514;0;0,012320582;0,004371107;0,006069619;0;0,008535857;0;0,008462958;0;0;0;0;0;0;0;0;0;0;0;0,006636581;0;0;0;0;0
Aestuariivita_Rhodobacteraceae_Rhodobacterales_Alphaproteobacteria_Proteobacteria;0;0;0;0;0;0;0;0;0;0;0;0;0;0;0;0;0;0;0;0;0;0;0;0;0;0;0;0;0;0;0;0;0;0;0;0;0;0;0;0;0;0;0;0;0;0;0
Afifella_Rhodobiaceae_Rhizobiales_Alphaproteobacteria_Proteobacteria;0;0;0;0;0;0;0;0;0;0;0;0;0;0;0;0;0;0;0;0;0;0;0;0;0;0;0;0;0;0;0;0;0;0;0;0;0;0;0;0;0;0;0;0;0;0;0
Afipia_Bradyrhizobiaceae_Rhizobiales_Alphaproteobacteria_Proteobacteria;0;0;0;0;0;0;0;0;0;0;0;0;0;0;0;0;0;0;0;0;0;0;0;0;0;0;0;0;0;0;0;0;0;0;0;0;0;0;0;0;0;0;0;0;0;0;0
Agrococcus_Microbacteriaceae_Micrococcales_Actinobacteria_Actinobacteria;0;0;0;0;0;0;0;0;0;0;0;0;0;0;0;0;0;0;0;0;0;0;0;0;0;0;0;0;0;0;0;0;0;0;0;0;0;0;0;0;0;0;0;0;0;0;0
Ahrensia_Phyllobacteriaceae_Rhizobiales_Alphaproteobacteria_Proteobacteria;0;0;0,007328065;0;0;0;0;0;0;0,006414711;0;0;0,00606384;0;0,006713813;0;0,010644121;0;0,010250103;0;0;0;0,006020977;0;0,008742214;0,007081222;0;0,00609704;0,007992966;0;0;0;0;0,007436382;0;0;0;0;0,008504125;0;0;0;0;0;0;0;0
Albidiferax_Comamonadaceae_Burkholderiales_Betaproteobacteria_Proteobacteria;0,031162716;0,019293626;0,014656131;0;0,0594884;0;0;0;0;0;0;0,019682953;0;0,011624021;0;0;0;0;0;0;0;0;0;0;0;0;0,022157763;0;0;0;0;0;0;0,031232803;0;0;0;0;0;0;0;0;0;0;0,007756046;0;0
Algoriphagus_Cyclobacteriaceae_Cytophagales_Cytophagia_Bacteroidetes;0;0;0,009770754;0;0;0;0;0;0;0;0;0;0;0;0;0;0;0;0,007321502;0;0;0;0;0;0;0,005058015;0,008057368;0;0;0;0;0;0,010609179;0;0;0;0;0;0;0;0;0;0;0;0;0;0
Aliihoeflea_Phyllobacteriaceae_Rhizobiales_Alphaproteobacteria_Proteobacteria;0;0;0;0;0;0;0;0;0;0;0;0;0;0;0;0;0;0;0;0;0;0;0;0;0;0;0;0;0;0;0;0;0;0;0;0;0;0;0;0;0;0;0;0;0,007109709;0;0
Alkanindiges_Moraxellaceae_Pseudomonadales_Gammaproteobacteria_Proteobacteria;0;0;0;0;0;0;0;0;0;0;0;0;0;0;0;0;0;0;0;0;0;0;0;0;0;0;0;0;0;0;0;0;0;0;0;0;0;0;0;0;0,007859781;0;0;0;0;0;0
Altererythrobacter_Erythrobacteraceae_Sphingomonadales_Alphaproteobacteria_Proteobacteria;0;0;0;0;0;0;0;0;0;0;0;0;0;0;0;0;0;0;0;0;0;0;0;0;0;0;0;0;0;0;0;0;0;0;0;0;0;0;0;0;0;0;0;0;0;0;0
Alteromonas_Alteromonadaceae_Alteromonadales_Gammaproteobacteria_Proteobacteria;0;0;0;0;0;0;0;0;0;0;0;0;0;0;0;0;0;0;0;0;0;0;0;0;0;0;0;0;0;0;0;0;0;0;0;0;0;0;0;0;0;0;0;0;0;0;0
Aminobacter_Phyllobacteriaceae_Rhizobiales_Alphaproteobacteria_Proteobacteria;0;0;0;0;0;0;0;0;0;0,005345593;0;0,00908444;0,021829824;0,034872063;0;0,027548656;0,01216471;0,019170482;0,021964505;0,022769318;0,10586545;0,121253318;0,027696495;0,052362472;0,049539212;0;0,025179276;0;0,031971865;0,008462958;0;0,008620095;0,014852851;0,038669185;0,010142559;0,032432114;0,058022169;0,054009533;0,153074241;0,022403811;0,041918835;0,057833062;0,024979184;0,035355899;0,010987733;0,041871125;0,007749402
Amorphus_Caulobacteraceae_Caulobacterales_Alphaproteobacteria_Proteobacteria;0;0;0;0;0;0;0;0;0;0;0;0;0;0;0;0;0;0;0;0;0;0;0;0;0;0;0;0;0;0;0;0;0;0;0;0;0;0;0;0;0;0;0;0;0;0;0
Ancylobacter_Xanthobacteraceae_Rhizobiales_Alphaproteobacteria_Proteobacteria;0;0;0;0;0;0;0;0;0;0;0;0;0;0;0;0;0;0;0;0;0;0;0;0;0;0;0;0;0;0;0;0;0;0;0;0;0;0;0;0;0;0;0;0;0;0;0
Antarctobacter_Rhodobacteraceae_Rhodobacterales_Alphaproteobacteria_Proteobacteria;0;0;0;0;0;0;0;0;0;0;0;0;0;0;0;0;0;0;0;0;0;0;0;0;0;0;0;0;0;0;0;0;0;0;0;0;0;0;0;0;0;0;0;0;0;0;0
Aquabacterium_Comamonadaceae_Burkholderiales_Betaproteobacteria_Proteobacteria;0;0;0;0;0;0;0;0;0;0;0;0;0;0;0;0;0;0;0;0;0;0;0;0;0;0;0;0;0;0;0;0;0;0;0;0;0;0;0;0;0;0;0;0;0;0;0
Aquamicrobium_Phyllobacteriaceae_Rhizobiales_Alphaproteobacteria_Proteobacteria;0;0;0;0;0;0;0;0;0;0;0;0;0;0;0;0;0;0;0;0;0,032767877;0,008267272;0;0;0;0;0;0;0;0;0;0;0;0;0,039443286;0;0,020549518;0;0;0,042449326;0;1,836436725;0;0,012478552;0;0,016895366;0,025831339
Aquimonas_Xanthomonadaceae_Xanthomonadales_Gammaproteobacteria_Proteobacteria;0;0;0;0;0;0;0;0;0;0;0;0;0;0;0;0;0;0;0;0;0;0;0;0;0;0;0;0;0;0;0;0;0;0;0;0;0;0;0;0;0;0;0;0;0;0;0
Arcobacter_Campylobacteraceae_Campylobacterales_Epsilonproteobacteria_Proteobacteria;0;0;0;0;0;0;0;0;0;0;0;0;0;0;0;0;0;0;0;0;0;0;0;0;0;0;0;0;0;0;0;0;0;0;0;0;0;0;0;0;0;0;0;0;0;0;0
Arenibacter_Flavobacteriaceae_Flavobacteriales_Flavobacteriia_Bacteroidetes;0;0;0;0;0;0;0;0;0;0;0;0;0;0;0;0;0;0;0;0;0;0;0;0;0;0;0;0;0;0;0;0;0;0;0;0;0;0;0;0;0;0;0;0;0;0;0
Arthrobacter_Micrococcaceae_Micrococcales_Actinobacteria_Actinobacteria;0;0;0;0;0;0;0;0;0;0;0;0;0;0;0;0;0;0;0;0;0;0;0;0;0;0;0;0;0;0;0;0;0;0;0;0;0;0;0;0;0;0;0;0;0;0;0
Aureimonas_Aurantimonadaceae_Rhizobiales_Alphaproteobacteria_Proteobacteria;0;0;0;0;0;0;0;0;0;0;0;0;0;0;0;0;0;0;0;0;0;0;0;0;0;0;0;0;0;0;0;0;0;0;0;0;0;0;0;0;0;0;0;0;0;0;0
Azoarcus_Rhodocyclaceae_Rhodocyclales_Betaproteobacteria_Proteobacteria;0;0;0;0;0;0;0;0;0;0;0;0;0;0;0;0;0;0;0;0;0;0;0;0;0;0;0;0;0;0;0;0;0;0;0;0;0;0;0;0;0;0;0;0;0;0;0
Bacillus_Bacillaceae_Bacillales_Bacilli_Firmicutes;0;0;0;0;0;0;0;0;0;0;0;0;0;0;0;0;0;0;0;0;0;0;0;0;0;0;0;0;0;0;0;0;0;0;0;0;0;0;0;0;0;0;0;0;0;0;0
Bacteriovorax_Bacteriovoracaceae_Bdellovibrionales_Deltaproteobacteria_Proteobacteria;0;0;0;0;0;0;0;0;0;0;0;0;0;0;0;0;0;0;0;0;0;0;0;0;0;0;0;0;0;0;0;0;0;0;0;0;0;0;0;0;0;0;0;0;0;0;0
BAL58-marine-group_Comamonadaceae_Burkholderiales_Betaproteobacteria_Proteobacteria;0,310472981;0,290539314;0,225948679;0,017957351;0,025237503;0,041917621;0,010458282;0;0;0,016036778;0,010202297;0,012112586;0,030319201;0,024701045;0,028347209;0,01944611;0,031932364;0,023681184;0,008785802;0,027038566;0,03402818;0,026638987;0,032513276;0,030801454;0,018941464;0,02933649;0,020143421;0,01951053;0,021314577;0,016925915;0,029441739;0,013792152;0;0;0,01126951;0,010319309;0,015714338;0,010801907;0,018709074;0,012970627;0;0,022753991;0,010407993;0,010398794;0,007756046;0,009549555;0,006888357
Balneola_Unknown-Family_Order-III_Cytophagia_Bacteroidetes;0;0;0;0;0;0;0;0;0;0;0;0;0;0;0;0;0;0;0;0;0;0;0;0;0;0;0;0;0;0;0;0;0;0;0;0;0;0;0;0;0;0;0;0;0;0;0
Bartonella_Bartonellaceae_Rhizobiales_Alphaproteobacteria_Proteobacteria;0;0;0;0;0;0;0;0;0;0;0;0;0;0;0;0;0;0;0;0;0;0;0;0;0;0;0;0;0;0;0;0;0;0;0;0;0;0;0;0;0;0;0;0;0;0;0
Bauldia_Rhizobiales-Incertae-Sedis_Rhizobiales_Alphaproteobacteria_Proteobacteria;0;0;0;0;0;0;0;0;0;0;0;0;0;0;0;0;0;0;0;0;0;0;0;0;0;0;0;0;0;0;0;0;0;0;0;0;0;0;0;0;0;0;0;0;0;0;0
BD1-7-clade_Spongiibacteraceae_Cellvibrionales_Gammaproteobacteria_Proteobacteria;0;0;0;0;0;0;0;0;0;0;0;0;0;0;0;0;0;0;0;0;0;0;0;0;0;0;0,005035855;0;0;0;0;0;0;0;0;0;0;0;0;0;0;0;0;0;0;0;0
Blastomonas_Sphingomonadaceae_Sphingomonadales_Alphaproteobacteria_Proteobacteria;14,9669846;4,1792664;4,3047485;0,3458167;12,1077441;16,6297117;2,2854152;19,9564936;27,345783;9,4207946;19,2815524;17,1107095;2,3740727;15,5234307;15,1577234;4,4296698;23,3239884;20,7119397;4,2811226;21,967434;19,4378825;5,0905137;19,3527645;21,8549426;5,6531937;22,3414563;22,859195;9,5416625;24,66009;26,1130205;12,385001;23,9497226;27,5705124;8,6108067;23,5183009;19,6247253;6,8457436;17,4815961;19,9754257;9,5153142;19,1293172;13,5332224;20,2368311;22,1565362;11,5667848;15,9865045;17,8304881
Blastopirellula_Planctomycetaceae_Planctomycetales_Planctomycetacia_Planctomycetes;0;0;0;0;0;0;0;0;0;0;0;0;0;0;0;0;0;0;0;0;0;0;0;0;0;0;0;0;0;0;0;0;0;0;0;0;0;0;0;0;0;0;0;0;0;0;0
Bosea_Bradyrhizobiaceae_Rhizobiales_Alphaproteobacteria_Proteobacteria;0;0;0;0;0;0;0;0;0;0;0;0;0;0;0;0;0;0;0;0;0;0;0;0;0;0;0;0;0;0;0;0;0;0;0;0;0;0;0;0;0;0;0;0;0;0;0
Boseongicola_Rhodobacteraceae_Rhodobacterales_Alphaproteobacteria_Proteobacteria;0;0;0;0;0;0;0;0;0;0,012829422;0,024777007;0;0;0;0,020141438;0,009723055;0,047138252;0,038340964;0;0;0;0,015615958;0;0;0,11073471;0;0;0;0;0,050777746;0,063412977;0;0,06577691;0;0;0,082554471;0,025384699;0,041857388;0;0;0,017029527;0,034130987;0;0;0,005170698;0,052889842;0
Bradyrhizobium_Bradyrhizobiaceae_Rhizobiales_Alphaproteobacteria_Proteobacteria;0;0;0;0;0;0;0;0;0;0;0;0;0;0;0;0;0;0;0;0,007115412;0;0;0;0;0;0;0;0,009755265;0;0;0;0;0;0;0;0;0,009670362;0,009451668;0,020409899;0,009433184;0;0,008532747;0;0,007279156;0,00452436;0,013957042;0,006027312
Brevundimonas_Caulobacteraceae_Caulobacterales_Alphaproteobacteria_Proteobacteria;0,018466794;0,024968222;0,020762852;0,049382716;0,050475006;0,044123811;0,035558159;0,049747436;0,137682694;0,052386807;0,036436775;0,030281466;0,064276705;0,063932116;0,046250709;0,084266477;0,060823551;0,08119263;0,074679318;0,157962146;0,108386056;0,099207261;0,101152415;0,09702458;0,086693622;0,089021072;0,125896382;0,175594766;0,157195002;0,157411012;0,08379572;0,099993104;0,089117104;0,148727635;0,144249732;0,162160568;0,280440485;0,299752906;0,367378178;0,262949992;0,267232571;0,297698055;0,293505412;0,311963812;0,10406029;0,149119972;0,074049837
Brucella_Brucellaceae_Rhizobiales_Alphaproteobacteria_Proteobacteria;0;0;0;0;0;0;0;0;0;0;0;0;0;0;0;0;0;0;0;0;0;0;0;0;0;0;0;0;0;0;0;0;0;0;0;0;0;0;0;0;0;0;0;0;0;0,003672906;0
Burkholderia_Burkholderiaceae_Burkholderiales_Betaproteobacteria_Proteobacteria;0,01500427;0,01475395;0,006106721;0;0,010816073;0;0;0;0;0;0;0;0;0;0;0;0;0;0;0;0;0;0;0;0;0;0;0;0;0;0;0;0;0;0;0;0;0;0;0;0;0;0;0;0;0;0
Caenimonas_Comamonadaceae_Burkholderiales_Betaproteobacteria_Proteobacteria;0;0;0;0;0;0;0;0;0;0;0;0;0;0;0;0;0;0;0;0;0;0;0;0;0;0;0;0;0;0;0;0;0;0;0;0;0;0;0;0;0;0;0;0;0;0;0
Candidatus-Aquiluna_Microbacteriaceae_Micrococcales_Actinobacteria_Actinobacteria;0;0;0;0;0;0;0;0;0;0;0;0;0;0;0;0;0;0;0;0;0;0;0;0;0;0;0;0;0;0;0;0;0;0;0;0;0;0;0;0;0;0;0;0;0;0;0
Caulobacter_Caulobacteraceae_Caulobacterales_Alphaproteobacteria_Proteobacteria;0;0;0;0;0;0;0;0;0;0;0;0;0;0;0;0;0;0;0;0;0;0;0;0;0;0;0;0;0;0;0;0;0;0;0;0;0;0;0;0;0;0;0;0;0;0;0
CB31G03_Microbacteriaceae_Micrococcales_Actinobacteria_Actinobacteria;0;0;0,006106721;0;0;0;0;0;0;0;0;0;0;0;0;0;0;0;0;0;0;0;0;0;0;0;0;0;0;0;0;0;0;0;0;0;0;0;0;0;0;0;0;0;0;0;0
Celeribacter_Rhodobacteraceae_Rhodobacterales_Alphaproteobacteria_Proteobacteria;0;0;0;0;0,009013394;0;0;0;0;0;0;0;0;0;0;0;0,009123533;0;0;0;0;0;0;0;0;0;0;0;0;0;0;0;0;0,008923658;0;0;0;0;0;0;0;0;0;0;0;0;0
Chelativorans_Phyllobacteriaceae_Rhizobiales_Alphaproteobacteria_Proteobacteria;0;0;0;0;0;0;0;0;0;0;0;0;0;0;0;0;0;0;0;0;0;0;0;0;0;0;0;0;0;0;0;0;0;0;0;0;0;0;0;0;0;0;0;0;0;0;0
Chlorochromatium_Comamonadaceae_Burkholderiales_Betaproteobacteria_Proteobacteria;0;0;0;0;0;0;0;0;0;0;0;0;0;0;0;0;0;0;0;0;0;0;0;0;0;0;0;0;0;0;0;0;0;0;0;0;0;0;0;0;0;0;0;0;0;0;0
Christensenellaceae-R-7-group_Christensenellaceae_Clostridiales_Clostridia_Firmicutes;0;0;0;0;0;0;0;0;0;0;0;0;0;0;0;0;0;0;0;0;0;0;0;0;0;0;0;0;0;0;0;0;0;0;0;0;0;0;0;0;0;0;0;0;0;0;0
Citreicella_Rhodobacteraceae_Rhodobacterales_Alphaproteobacteria_Proteobacteria;0;0;0;0;0;0;0;0;0;0;0;0;0;0;0;0;0;0;0;0;0;0;0;0;0;0;0;0;0;0;0;0;0;0;0;0;0;0;0;0;0;0;0;0;0;0;0
Cloacibacterium_Flavobacteriaceae_Flavobacteriales_Flavobacteriia_Bacteroidetes;0;0;0;0;0;0;0;0;0;0;0;0;0;0;0;0;0;0;0;0;0;0;0;0;0;0;0;0;0;0;0;0;0;0;0;0;0;0;0;0;0;0;0;0;0;0;0,01463776
Clostridium-sensu-stricto-13_Clostridiaceae-1_Clostridiales_Clostridia_Firmicutes;0;0;0;0;0;0;0;0;0;0;0;0;0;0;0;0;0;0;0;0;0;0;0;0;0;0;0;0;0;0;0;0;0;0;0;0;0;0;0;0;0;0;0;0;0;0;0
Cobetia_Halomonadaceae_Oceanospirillales_Gammaproteobacteria_Proteobacteria;0;0;0;0;0;0;0;0;0;0;0;0;0;0;0;0;0;0;0;0;0;0;0;0;0;0;0;0;0;0;0;0;0;0;0;0;0;0;0;0;0;0;0;0;0;0;0
Cohaesibacter_Phyllobacteriaceae_Rhizobiales_Alphaproteobacteria_Proteobacteria;0;0;0;0;0;0;0;0;0;0;0;0;0;0;0;0;0;0;0;0;0;0;0;0;0;0;0;0;0;0;0;0;0;0;0;0;0;0;0;0;0;0;0;0;0;0;0
Colwellia_Colwelliaceae_Alteromonadales_Gammaproteobacteria_Proteobacteria;0;0;0;0;0;0;0;0;0;0;0;0;0;0;0;0;0;0;0;0;0;0;0;0;0;0;0;0;0;0;0;0;0;0;0;0;0;0;0;0;0;0;0;0;0;0;0
Comamonas_Comamonadaceae_Burkholderiales_Betaproteobacteria_Proteobacteria;0;0;0;0;0;0;0;0;0;0;0;0;0;0;0;0;0;0;0;0;0;0;0;0;0;0;0;0;0;0;0;0;0;0;0;0;0;0;0;0;0;0;0;0;0;0;0
Crocinitomix_Cryomorphaceae_Flavobacteriales_Flavobacteriia_Bacteroidetes;0;0;0;0;0;0;0;0;0;0;0;0;0;0;0;0;0;0;0;0;0;0;0;0;0;0;0;0;0;0;0;0;0;0;0;0;0;0;0;0;0;0;0;0;0;0;0
Cupriavidus_Burkholderiaceae_Burkholderiales_Betaproteobacteria_Proteobacteria;6,14713418;5,09805702;5,11376821;1,72989151;1,93968237;1,68111721;2,51417097;1,90570948;0,78373226;1,86988828;1,52888708;1,32632822;2,82089842;2,1577089;1,79184197;1,26075613;1,12219451;1,72647105;1,20658349;1,10004269;1,45438964;1,90239108;1,55341209;1,30444157;0,80355517;1,63373899;1,74039159;1,38280878;1,5692857;1,28129179;0,86966369;0,90683401;0,86358718;0,98903877;0,8700062;1,02455995;0,90901399;1,08289113;1,02729824;0,6343816;0,539705;0,61909818;0,38509575;0,47418499;0,38069262;0,54285546;0,27295114
Defluviicoccus_Rhodospirillaceae_Rhodospirillales_Alphaproteobacteria_Proteobacteria;0;0;0;0;0;0;0;0;0;0;0;0;0;0;0;0;0;0;0;0;0;0;0;0;0;0;0;0;0;0;0;0;0;0;0;0;0;0;0;0;0;0;0;0;0;0;0
Defluviimonas_Rhodobacteraceae_Rhodobacterales_Alphaproteobacteria_Proteobacteria;0,005770873;0,047666606;0;0,049382716;0,048672327;0,090453813;0,027191533;0,034440533;0,074136835;0,020313252;0,084533318;0,080245886;0,057000097;0,097351176;0,070122042;0,102092077;0,079070616;0,066532849;0,04100041;0,113846592;0,030247271;0,071649688;0,048167817;0,073923489;0,055367355;0,045522139;0,04733704;0,060970405;0,039964831;0,028774056;0,024912241;0,0362044;0,053045895;0,089236581;0,045078041;0,030957927;0,021758313;0,03240572;0,078237945;0,033016143;0,048468653;0,029390572;0,03122398;0,034316019;0,032963198;0,048482355;0,029275517
Deinococcus_Deinococcaceae_Deinococcales_Deinococci_Deinococcus-Thermus;0;0;0;0;0;0;0;0;0;0;0;0;0;0;0;0;0;0;0;0;0;0;0;0;0;0;0;0;0;0;0;0;0;0;0;0;0;0;0;0;0;0;0;0;0;0;0
Delftia_Comamonadaceae_Burkholderiales_Betaproteobacteria_Proteobacteria;0,005770873;0;0;0;0;0;0;0;0;0;0;0;0;0;0;0;0,007602944;0;0;0;0;0;0;0;0;0;0;0;0,010657288;0,010155549;0;0;0;0;0;0;0;0,012152145;0;0;0;0;0;0;0;0;0
Desulfovibrio_Desulfovibrionaceae_Desulfovibrionales_Deltaproteobacteria_Proteobacteria;0;0;0;0;0;0;0;0;0;0;0;0;0;0;0;0;0;0;0;0;0;0;0;0;0;0;0;0;0;0;0;0;0;0;0;0;0;0;0;0;0;0;0;0;0;0,005142068;0,005166268
Devosia_Hyphomicrobiaceae_Rhizobiales_Alphaproteobacteria_Proteobacteria;0;0;0;0;0;0;0;0;0;0;0;0;0;0;0;0;0;0;0;0;0;0;0;0;0,004371107;0;0;0;0;0;0;0;0;0;0;0;0;0;0,010204949;0,008254036;0,006549818;0,021805908;0,014571191;0,037435657;0,045889942;0,046278612;0,031858651
Diplosphaera_Opitutaceae_Opitutales_Opitutae_Verrucomicrobia;0;0;0;0;0;0;0;0;0;0;0;0;0;0;0;0;0;0;0;0;0;0;0;0;0;0;0;0;0;0;0;0;0;0;0;0;0;0;0;0;0;0;0;0;0;0;0
Dokdonella_Xanthomonadaceae_Xanthomonadales_Gammaproteobacteria_Proteobacteria;0;0;0;0;0;0;0;0;0;0;0;0;0;0;0;0;0;0;0;0;0;0;0;0;0;0;0;0;0;0;0;0;0;0;0;0;0;0;0;0;0;0;0;0;0;0;0
Dokdonia_Flavobacteriaceae_Flavobacteriales_Flavobacteriia_Bacteroidetes;0;0;0;0;0;0;0;0;0;0;0;0;0;0;0;0;0;0;0;0;0;0;0;0;0;0;0;0;0;0;0;0;0;0;0;0;0;0;0;0;0;0;0;0;0;0;0
Dyadobacter_Cytophagaceae_Cytophagales_Cytophagia_Bacteroidetes;0;0;0;0;0;0;0;0;0;0;0;0;0;0;0;0;0;0;0;0;0;0;0;0;0;0;0;0;0;0;0;0;0;0;0;0;0;0;0;0;0;0;0;0;0;0;0
Endozoicomonas_Hahellaceae_Oceanospirillales_Gammaproteobacteria_Proteobacteria;0;0;0;0;0;0;0;0;0;0;0;0;0;0;0;0;0;0;0;0;0;0;0;0;0;0;0;0;0;0;0;0;0;0;0;0;0;0;0;0;0;0;0;0;0;0;0
Ensifer_Rhizobiaceae_Rhizobiales_Alphaproteobacteria_Proteobacteria;0;0;0;0;0;0;0;0;0;0;0;0;0,00606384;0;0,015665563;0;0;0;0;0;0,006301515;0;0;0;0;0;0;0;0,009325127;0;0;0;0;0;0;0;0;0;0;0;0;0,02559824;0;0,005199397;0;0;0
Erythrobacter_Erythrobacteraceae_Sphingomonadales_Alphaproteobacteria_Proteobacteria;0;0,006809515;0;0;0;0;0,016733251;0,042093984;0;0,019244133;0,023319536;0,03179554;0,02425536;0,017436032;0,04550473;0,051856293;0,065385317;0,085703331;0,070286417;0,085384944;0,026466363;0,053277973;0,060209771;0,077003635;0,121662478;0,105206721;0,091652566;0,143890156;0,061279407;0,060933295;0,047559733;0,0362044;0,097604447;0,07733837;0,040570237;0,079606097;0,049560603;0,033755958;0,062930521;0,014149775;0,028819199;0,008532747;0,06244796;0,027036864;0,12732843;0,123409632;0,027553428
Escherichia-Shigella_Enterobacteriaceae_Enterobacteriales_Gammaproteobacteria_Proteobacteria;0;0;0;0;0;0;0;0;0;0,009622067;0;0,010598513;0;0,007265013;0,010443708;0;0,01216471;0,013532105;0;0,014230824;0;0,007348686;0;0;0,007285178;0,010116031;0,013093224;0,009755265;0;0;0;0;0;0,010410934;0;0;0;0;0;0;0;0,011376996;0;0;0;0;0
Exiguobacterium_Family-XII_Bacillales_Bacilli_Firmicutes;0;0;0;0;0;0;0;0;0;0;0;0;0;0;0;0;0;0;0;0;0;0;0;0;0;0;0;0;0;0;0;0;0;0;0;0;0;0;0;0;0;0;0;0;0;0;0
Falsirhodobacter_Rhodobacteraceae_Rhodobacterales_Alphaproteobacteria_Proteobacteria;0;0;0;0;0;0;0;0;0;0,012829422;0;0;0;0;0;0;0;0;0;0;0;0;0;0;0;0;0;0;0;0;0;0;0;0;0;0;0;0;0;0;0;0;0;0;0;0;0
Ferrovibrio_Rhodospirillaceae_Rhodospirillales_Alphaproteobacteria_Proteobacteria;49,7668567;49,072771;48,6424759;40,0897868;36,0373515;33,7172105;25,9553641;9,4864534;23,5331498;22,742289;28,7821372;30,6932942;23,3724653;24,0951426;24,0951273;13,169878;12,4292926;13,4994023;9,9499209;10,690195;13,5016258;16,5134159;14,290187;13,3662909;1,881033;6,4853874;12,0497945;9,340666;14,9868116;11,7652037;9,2152644;11,0578581;6,5670818;6,3863646;13,6642813;13,5580977;11,3663012;11,6701098;9,3817501;10,5958235;8,3274385;10,8176268;9,1278102;7,215723;2,9860779;6,2858108;2,5039178
Ferruginibacter_Chitinophagaceae_Sphingobacteriales_Sphingobacteriia_Bacteroidetes;0;0;0;0;0;0;0;0;0;0;0;0;0;0;0;0;0;0;0;0;0;0;0;0;0;0;0;0;0;0;0;0;0;0;0;0;0;0;0;0;0;0;0;0;0;0;0
Filomicrobium_Hyphomicrobiaceae_Rhizobiales_Alphaproteobacteria_Proteobacteria;0;0;0;0;0;0;0;0;0;0;0;0;0;0;0;0;0;0;0;0;0;0;0;0;0;0;0;0;0;0;0;0;0;0;0;0;0;0;0;0;0;0;0;0;0;0;0
Flavobacterium_Flavobacteriaceae_Flavobacteriales_Flavobacteriia_Bacteroidetes;0,012695921;0,01361903;0;0;0;0;0;0;0;0;0;0;0;0;0;0;0;0;0;0,017076989;0;0;0;0;0;0;0;0;0;0;0;0;0;0;0;0;0;0;0,011905774;0;0;0;0;0;0;0;0
Fluviicola_Cryomorphaceae_Flavobacteriales_Flavobacteriia_Bacteroidetes;0;0;0;0;0;0;0;0;0;0;0;0;0;0;0,003729896;0;0;0,007893728;0,010250103;0,091077273;0,006301515;0,005511514;0;0;0;0;0;0,013413489;0;0;0;0;0;0;0,005634755;0;0;0,00810143;0,011905774;0,009433184;0;0,004740415;0;0;0,003878023;0,004407487;0
Frankia_Frankiaceae_Frankiales_Actinobacteria_Actinobacteria;0;0;0;0;0;0;0;0;0;0;0;0;0;0;0;0;0;0;0;0;0;0;0;0;0;0;0;0;0;0;0;0;0;0;0;0;0;0;0;0;0;0;0;0;0;0;0
Frondihabitans_Microbacteriaceae_Micrococcales_Actinobacteria_Actinobacteria;0;0;0;0;0;0;0;0;0;0;0;0;0;0;0;0;0;0;0;0;0;0;0;0;0;0;0;0;0;0;0;0;0;0;0;0;0;0;0;0;0;0;0;0;0;0;0
Gallaecimonas_Unknown-Family_Gammaproteobacteria-Incertae-Sedis_Gammaproteobacteria_Proteobacteria;1,793587406;1,622934447;2,149565812;0,61204639;0,549817028;0,564784786;0,847120835;0,264044084;0,60368566;2,720906612;1,969043316;3,492967129;2,465557388;2,536942592;3,468803151;2,26871283;2,730977434;3,405579738;3,285890002;3,715668137;2,918861694;3,846118516;3,085148658;3,63919177;1,434451608;5,067119865;4,749818709;2,629043862;2,429861722;2,745383457;2,17868871;2,251568857;1,548940143;1,781757068;2,695666873;2,143467877;1,965500985;1,670244798;1,508631686;2,140153525;1,666273678;1,087451174;1,396752706;0,922373005;0,435631278;0,530367584;0,363360829
Gemmobacter_Rhodobacteraceae_Rhodobacterales_Alphaproteobacteria_Proteobacteria;0,006925048;0,01475395;0;0,032921811;0,010816073;0;0,04601644;0,049747436;0;0,041695622;0,007287355;0,02725332;0,037595809;0,03341906;0,032823084;0,048615275;0,044097074;0,040596315;0,030750308;0,018500071;0,068056361;0,03674343;0,038534253;0,010780509;0,024041088;0,024278474;0,056401579;0,01951053;0,009325127;0;0;0,008620095;0;0,025283698;0,01126951;0;0,006043976;0;0;0;0,011789672;0;0;0;0;0,01909911;0,02238716
GKS98-freshwater-group_Alcaligenaceae_Burkholderiales_Betaproteobacteria_Proteobacteria;1,177258143;1,347149083;1,139514149;0,046389824;0,043264291;0;0,029283189;0;0;0,082322125;0,039351717;0,046936273;0,087319298;0,11624021;0,042520813;0,029169165;0,019767654;0,117278243;0,030750308;0,14230824;0,040329695;0,142380791;0,105969197;0,155547342;0,059009944;0;0,014100395;0,017071713;0,062611568;0,010155549;0,047559733;0,027584305;0,048802224;0;0,01126951;0,064864227;0,066483736;0,049958818;0,015307424;0,083719504;0,015719563;0,02559824;0,020815987;0,030156502;0,006463372;0,018364529;0,009471491
Gordonia_Nocardiaceae_Corynebacteriales_Actinobacteria_Actinobacteria;0;0;0;0;0;0;0;0;0;0;0;0;0;0;0;0;0;0;0;0,007115412;0;0;0;0;0,003642589;0;0;0;0;0;0;0;0;0;0;0;0;0;0;0;0;0;0;0,005199397;0;0;0
Haematobacter_Rhodobacteraceae_Rhodobacterales_Alphaproteobacteria_Proteobacteria;0;0;0,019541507;0,026936027;0;0;0;0;0;0;0;0;0,009702144;0;0;0,053476802;0;0,028191885;0;0;0;0;0;0,032341527;0;0;0;0;0;0;0;0;0;0;0;0;0;0;0;0;0;0;0;0;0,005817035;0;0,018081937
Halomonas_Halomonadaceae_Oceanospirillales_Gammaproteobacteria_Proteobacteria;0;0;0;0;0;0;0;0;0;0;0;0;0;0;0;0;0;0;0;0;0;0;0;0;0;0;0;0;0;0;0;0;0;0;0;0;0;0;0;0;0;0;0;0;0;0;0
Hoeflea_Phyllobacteriaceae_Rhizobiales_Alphaproteobacteria_Proteobacteria;0,3127813;0,4097058;0,4873163;2,5125327;1,9829467;2,0010148;17,6619465;28,01546;18,0999788;8,6684129;9,0348627;6,4151286;12,2392549;10,4325589;13,6514189;24,847267;27,140989;20,2113264;32,2468225;21,2679664;17,1703678;21,2395396;21,0409065;17,6184316;55,0504499;33,7491022;24,7542503;34,5043716;29,3754829;26,7260202;38,3852338;27,2205365;41,4627936;41,7478472;28,585113;29,9083056;30,1727368;26,4147122;29,7763415;26,2266086;35,8497734;27,0848345;26,4883431;35,2706286;55,5636707;38,6661476;59,514543
Hydrogenophaga_Comamonadaceae_Burkholderiales_Betaproteobacteria_Proteobacteria;0;0;0;0;0;0;0;0;0;0;0;0;0;0;0;0,009723055;0,009123533;0,01240443;0;0;0,015123636;0,011023029;0,006020977;0,007700363;0,005099625;0,006069619;0,010071711;0;0;0;0;0;0,019096522;0,014872764;0,010142559;0,008845122;0,007252771;0,009451668;0;0,010612332;0,011789672;0,007584664;0;0;0,005817035;0,003672906;0,006027312
Hyphomicrobium_Hyphomicrobiaceae_Rhizobiales_Alphaproteobacteria_Proteobacteria;0;0;0;0,016460905;0,010816073;0,024268096;0,039741471;0,030613807;0;0,055594163;0,049554014;0,043908126;0,037595809;0,056667103;0,015665563;0,056717821;0,047138252;0,033830262;0,020500205;0,126654333;0,035288483;0,064301002;0,077068507;0,043122035;0,018212946;0,016185649;0,02820079;0,132915483;0,110569366;0,098170309;0,024912241;0,031032343;0,02546203;0,022309145;0,01126951;0,04422561;0,027802289;0,013502383;0,054426397;0,049524214;0,061568288;0,104289127;0,106161532;0,127905163;0,124096744;0,161607851;0,07835506
Hyphomonas_Hyphomonadaceae_Caulobacterales_Alphaproteobacteria_Proteobacteria;0,150042704;0,257626657;0,203964483;0,107744108;0,127990193;0,112515719;0,131774352;0,168375938;0,158864647;0,387020901;0,35125051;0,307356882;0,493596585;0,459148831;0,439381732;0,550973116;0,37102366;0,387920341;0,341181983;0,664579479;0,52932725;0,502466403;0,598485122;0,599088277;0,244053473;0,421838487;0,526750463;0,369480654;0,275757334;0,280970193;0,362359869;0,41031653;0,303422521;0,257298809;0,30540373;0,392133738;0,286484461;0,303803621;0,34696828;0,279458064;0,210904137;0,187720429;0,179017485;0,146622992;0,059463023;0,113125496;0,058551034
Idiomarina_Idiomarinaceae_Alteromonadales_Gammaproteobacteria_Proteobacteria;0,33009395;0,617396041;0,575253124;0,04788627;0,027040182;0,022061906;0,012549938;0,019133629;0;0,080183888;0,123885035;0,105985132;0,107936354;0,106069192;0,149195834;0,090748513;0,083632382;0,040596315;0,057107714;0,129500498;0,03402818;0,089102817;0,108377588;0,106265016;0,074308819;0,066765804;0,096688422;0,057312181;0,035968348;0,072781436;0,033971238;0,034480381;0,023340194;0,047592843;0,048458894;0,036854675;0,038681446;0,022954051;0,059528872;0,036553586;0,028819199;0,024650157;0,027060783;0,013518432;0,007109709;0,008080393;0,007749402
Ilumatobacter_Acidimicrobiaceae_Acidimicrobiales_Acidimicrobiia_Actinobacteria;0;0;0;0;0;0;0;0;0;0;0;0;0;0;0;0;0;0;0;0;0;0;0;0;0;0;0;0;0;0;0;0;0;0;0;0;0;0;0;0;0;0;0;0;0;0;0
Imperialibacter_Flammeovirgaceae_Cytophagales_Cytophagia_Bacteroidetes;0;0;0;0;0;0;0;0;0;0;0;0;0;0;0;0;0;0;0;0;0;0;0;0;0;0;0;0;0;0;0;0;0;0;0;0;0;0;0;0;0;0;0;0;0;0;0
Jahnella_Polyangiaceae_Myxococcales_Deltaproteobacteria_Proteobacteria;0;0;0;0;0;0;0;0;0;0;0;0;0;0;0;0;0;0;0;0;0;0;0;0;0;0;0;0;0;0;0;0;0;0;0;0;0;0;0;0;0;0;0;0;0;0;0
Jannaschia_Rhodobacteraceae_Rhodobacterales_Alphaproteobacteria_Proteobacteria;0;0;0;0;0;0;0;0;0;0;0;0;0;0;0;0;0;0;0;0;0;0;0;0;0;0;0;0;0;0;0;0;0;0;0;0;0;0;0;0;0;0;0;0;0;0;0
Jatrophihabitans_Frankiaceae_Frankiales_Actinobacteria_Actinobacteria;0;0;0;0;0;0;0;0;0;0;0;0;0;0;0;0;0;0;0;0;0;0;0;0;0;0;0;0;0;0;0;0;0;0;0;0;0;0;0;0;0;0;0;0;0;0;0
Jhaorihella_Rhodobacteraceae_Rhodobacterales_Alphaproteobacteria_Proteobacteria;0;0;0;0;0;0;0;0;0;0;0;0;0;0;0;0;0;0;0;0;0;0;0;0;0;0;0;0;0;0;0;0;0;0;0;0;0;0;0;0;0;0;0;0;0;0;0
Kaistia_Rhizobiaceae_Rhizobiales_Alphaproteobacteria_Proteobacteria;0;0;0;0;0;0;0;0;0;0;0;0;0;0;0;0;0;0;0;0;0;0;0;0;0;0;0;0;0;0;0;0;0;0;0;0;0;0;0;0;0;0;0;0;0;0;0
Kerstersia_Alcaligenaceae_Burkholderiales_Betaproteobacteria_Proteobacteria;0,009233397;0,01475395;0,201521795;0;0;0,03971143;0;0;0;0,009622067;0,008744826;0,030281466;0,010914912;0,031966058;0,041028854;0,123158696;0,06234414;0,01240443;0,102501025;0;0,110906662;0,007348686;0,05780138;0,010780509;0,008013696;0,123415577;0,14301829;0,047556916;0,006660805;0,052470337;0;0,01724019;0;0,047592843;0,042824139;0,007370935;0;0;0,054426397;0;0,014409599;0;0,014571191;0;0,003878023;0;0
Ketogulonicigenium_Rhodobacteraceae_Rhodobacterales_Alphaproteobacteria_Proteobacteria;0;0;0;0;0;0;0;0;0;0;0;0;0;0;0;0;0;0;0;0;0;0;0;0;0;0;0;0;0;0;0;0;0;0;0;0;0;0;0;0;0;0;0;0;0;0;0
Kiloniella_Sphingomonadales-Incertae-Sedis_Sphingomonadales_Alphaproteobacteria_Proteobacteria;0;0;0;0;0;0;0;0;0;0;0;0;0;0;0;0;0;0;0;0;0;0;0;0;0;0;0;0;0;0;0;0;0;0;0;0;0;0;0;0;0;0;0;0;0;0;0
Klebsiella_Enterobacteriaceae_Enterobacteriales_Gammaproteobacteria_Proteobacteria;0;0;0;0;0;0;0;0;0;0;0;0;0;0;0;0;0;0;0;0;0;0;0;0;0;0;0;0;0;0;0;0;0;0;0;0;0;0;0;0;0;0;0;0;0;0;0
Kordiimonas_Kordiimonadaceae_Kordiimonadales_Alphaproteobacteria_Proteobacteria;0;0;0;0;0;0;0;0;0;0;0;0;0;0;0;0;0;0;0;0;0;0;0;0;0;0;0;0;0;0;0;0;0;0;0;0;0;0;0;0;0;0;0;0;0;0;0
Labrenzia_Rhodobacteraceae_Rhodobacterales_Alphaproteobacteria_Proteobacteria;0;0;0;0;0;0;0;0;0;0;0;0;0;0;0;0;0;0;0;0;0;0;0;0;0;0;0;0;0;0;0;0;0;0;0;0;0;0;0;0;0;0;0;0;0;0;0
Labrys_Xanthobacteraceae_Rhizobiales_Alphaproteobacteria_Proteobacteria;0;0;0;0;0;0;0;0;0;0;0;0;0;0;0;0;0;0;0;0;0;0;0;0;0;0;0;0;0;0;0;0;0;0;0;0;0;0;0;0;0;0;0;0;0;0;0
Lapillicoccus_Intrasporangiaceae_Micrococcales_Actinobacteria_Actinobacteria;0;0;0;0;0;0;0;0;0;0;0;0;0;0;0;0;0;0;0;0,009961577;0;0;0;0;0;0;0;0;0;0;0;0;0;0;0;0;0;0;0;0;0;0;0;0;0;0;0
Lentibacter_Rhodobacteraceae_Rhodobacterales_Alphaproteobacteria_Proteobacteria;0,009233397;0,007944434;0;0;0;0;0;0;0;0;0;0;0;0;0;0;0;0;0;0;0;0,005511514;0,007225173;0,010780509;0;0,009104428;0,005035855;0;0;0;0;0;0;0;0;0;0;0;0;0;0;0;0;0;0;0;0
Leptothrix_Comamonadaceae_Burkholderiales_Betaproteobacteria_Proteobacteria;0;0;0;0;0;0;0;0;0;0;0;0;0;0;0;0;0;0;0;0;0;0;0;0;0;0;0;0;0;0;0;0;0;0;0;0;0;0;0;0;0;0;0;0;0;0;0
Lewinella_Saprospiraceae_Sphingobacteriales_Sphingobacteriia_Bacteroidetes;0;0;0;0;0;0;0;0;0;0;0;0;0;0;0;0;0;0;0;0;0;0;0;0;0;0;0;0;0;0;0;0;0;0;0;0;0;0;0;0;0;0;0;0;0;0;0
Limnobacter_Burkholderiaceae_Burkholderiales_Betaproteobacteria_Proteobacteria;0;0;0;0;0;0;0;0;0;0;0;0;0;0;0;0;0;0;0;0;0,006301515;0;0;0;0,005828143;0;0;0;0,009325127;0;0;0;0;0;0,007888657;0;0;0;0;0;0;0;0;0;0;0;0
Limnohabitans_Comamonadaceae_Burkholderiales_Betaproteobacteria_Proteobacteria;15,1473881;15,23288542;15,69793715;13,40216985;8,773637626;13,71588678;11,78439206;0,114801776;4,903622114;12,40391297;7,712936513;8,987539177;10,36431551;10,42093486;10,14158685;5,960232705;7,133081929;8,035814971;6,035846073;5,729329728;5,003402818;1,819718362;4,002745566;5,627425614;0,035697374;3,609399816;4,933123842;3,847232553;4,160338902;0,06601107;2,190012456;0,78442866;0,674743788;1,769858857;3,329013354;3,181295516;1,02868471;0,916811817;2,649885194;2,256889172;0,022269381;1,553907998;1,113655287;0,483543909;0,307010173;0,016160785;0,202345486
Loktanella_Rhodobacteraceae_Rhodobacterales_Alphaproteobacteria_Proteobacteria;0,1638928;0,174777556;0,123355765;0,017957351;0,018026788;0;0,010458282;0,038267259;0;0,068423585;0,068501137;0,036337759;0,054574561;0,042137076;0,057440396;0,113435641;0,072988261;0,067660525;0,054179113;0,058346378;0,079399088;0,065219588;0,083089484;0,053902544;0,030597749;0,030348093;0,035250987;0;0,007992966;0,011848141;0,038500736;0,018964209;0,012731015;0,025283698;0,027046825;0,069286788;0,026593494;0,02430429;0,023811549;0,018866367;0,019649454;0,017065494;0;0;0,007756046;0,008814974;0,005166268
Luteimonas_Xanthomonadaceae_Xanthomonadales_Gammaproteobacteria_Proteobacteria;0;0;0;0;0;0;0;0;0;0;0;0;0;0;0;0;0;0;0;0;0;0;0;0;0;0;0;0;0;0;0;0;0;0;0;0;0;0;0;0;0;0;0;0;0;0;0
Lutibacter_Flavobacteriaceae_Flavobacteriales_Flavobacteriia_Bacteroidetes;0;0;0;0;0;0;0;0;0;0;0;0;0;0;0;0;0;0;0;0;0;0;0;0;0;0;0;0;0;0;0;0;0;0;0;0;0;0;0;0;0;0;0;0;0;0;0
Magnetospira_Rhodospirillaceae_Rhodospirillales_Alphaproteobacteria_Proteobacteria;0;0;0;0;0;0;0;0;0;0;0;0;0;0;0;0;0;0;0;0;0;0;0;0;0;0;0;0;0;0;0;0;0;0;0;0;0;0;0;0;0;0;0;0;0;0;0
Maricaulis_Hyphomonadaceae_Caulobacterales_Alphaproteobacteria_Proteobacteria;0;0;0;0;0;0;0;0;0;0;0;0;0;0;0;0;0;0;0;0;0;0;0;0;0,003642589;0;0;0;0;0;0;0;0;0;0;0;0;0;0;0;0;0;0;0;0;0;0
Marinicella_Family-Incertae-Sedis_Order-Incertae-Sedis_Gammaproteobacteria_Proteobacteria;0;0;0;0;0;0;0;0;0;0;0;0;0;0;0;0;0;0;0;0,007115412;0;0;0;0;0;0;0;0;0;0;0;0;0;0;0;0;0;0;0;0;0;0;0;0;0;0;0
Marinobacterium_Oceanospirillaceae_Oceanospirillales_Gammaproteobacteria_Proteobacteria;0;0;0;0;0;0;0;0;0;0;0;0;0;0;0;0;0;0;0;0;0;0;0;0;0;0;0;0;0;0;0;0;0;0;0;0;0;0;0;0;0;0;0;0;0;0;0
Marinomonas_Oceanospirillaceae_Oceanospirillales_Gammaproteobacteria_Proteobacteria;0;0;0;0;0;0;0;0;0;0;0;0;0;0;0,003729896;0;0;0;0;0;0,008822121;0;0;0,013860654;0,003642589;0,011127634;0,005035855;0;0;0;0;0;0;0;0;0;0;0;0;0,008254036;0;0,004740415;0;0;0;0;0
Maritalea_Hyphomicrobiaceae_Rhizobiales_Alphaproteobacteria_Proteobacteria;0;0;0;0;0;0;0;0;0;0;0;0;0;0;0;0;0;0;0;0;0;0;0;0;0;0;0;0;0;0;0;0;0;0;0;0;0;0;0;0;0;0;0;0;0;0;0
Marivita_Rhodobacteraceae_Rhodobacterales_Alphaproteobacteria_Proteobacteria;0;0;0;0;0;0;0;0;0;0;0;0;0;0;0,004475875;0,009723055;0;0;0;0;0;0;0;0;0;0;0;0;0;0;0;0;0;0;0;0;0;0;0;0;0;0;0;0;0;0;0
Marmoricola_Nocardioidaceae_Propionibacteriales_Actinobacteria_Actinobacteria;0;0;0;0;0;0;0;0;0;0;0;0;0;0;0;0;0;0;0;0;0;0;0;0;0;0;0;0;0;0;0;0;0;0;0;0;0;0;0;0;0;0;0;0;0;0;0
Massilia_Oxalobacteraceae_Burkholderiales_Betaproteobacteria_Proteobacteria;0,0819464;0;0;0;0;0;0;0;0;0;0;0,012112586;0;0;0,005221854;0,014584582;0;0;0,014643004;0;0;0;0;0;0,010927767;0;0,005035855;0;0;0;0;0;0,012731015;0;0;0,011793496;0;0,009451668;0;0,011791479;0;0;0;0,019757708;0,00452436;0,005142068;0
Mesorhizobium_Phyllobacteriaceae_Rhizobiales_Alphaproteobacteria_Proteobacteria;0,02539184;0,07830942;0,02320554;0,01346801;0,01261875;0;0;0;0;0,03207355;0,04955401;0,03785183;0,06548947;0,0566671;0,08056575;0,12153819;0,11404416;0,13644872;0,31336028;0,26469333;0,19912787;0,21862341;0,23843069;0,22023039;0,26590901;0,22154108;0,26992184;0,1353543;1,17896251;1,2982177;1,12784509;1,12578443;1,02060303;1,49322546;1,75353581;1,88695934;1,90747882;1,55952526;1,67701335;1,47629323;1,7121224;0,07015814;1,7194005;1,93209588;0,71614163;0,96009755;0,74049837
Methylibium_Comamonadaceae_Burkholderiales_Betaproteobacteria_Proteobacteria;0;0;0;0;0;0;0;0;0;0;0;0;0;0;0;0;0;0;0;0;0;0;0;0;0;0;0;0;0;0;0;0;0;0;0;0;0;0;0;0;0;0;0;0;0;0;0
Methylobacterium_Methylobacteriaceae_Rhizobiales_Alphaproteobacteria_Proteobacteria;0;0;0;0;0;0;0;0;0;0;0;0;0;0;0;0;0;0;0;0;0;0;0;0;0;0;0;0;0;0;0;0;0;0;0;0;0;0;0;0;0;0;0;0;0;0;0
Methyloferula_Beijerinckiaceae_Rhizobiales_Alphaproteobacteria_Proteobacteria;0;0;0;0;0;0;0;0;0;0;0;0;0;0;0;0;0;0;0;0;0;0;0;0;0;0;0;0;0;0;0;0;0;0;0;0;0;0;0;0;0;0;0;0;0;0;0
Methylosinus_Methylocystaceae_Rhizobiales_Alphaproteobacteria_Proteobacteria;0;0;0;0;0;0;0;0;0;0;0;0;0;0;0;0;0;0;0;0;0;0;0;0;0;0;0;0;0;0;0;0;0;0;0;0;0;0;0;0;0;0;0;0;0;0;0
Methylotenera_Methylophilaceae_Methylophilales_Betaproteobacteria_Proteobacteria;6,302947762;6,416833121;6,350989899;1,583239805;1,490815352;1,806870077;1,250810517;1,308740242;1,535691591;1,699898434;1,421034221;1,629142883;2,083535461;2,037109687;1,844806493;3,816299081;2,92257162;3,477750964;3,589000176;3,596129216;4,490459506;3,607286222;3,788398781;3,771638021;0,90991877;1,663075476;1,920675207;0,502396137;0,524871446;0,455307121;0,187974182;0,210330322;0,15701585;0,306378928;0,30540373;0,314001828;0,195824821;0,175530981;0,202398163;0,146214346;0,093007414;0,073002389;0,126977519;0,074871315;0,073682442;0,05142068;0,042191186
Methylovirgula_Beijerinckiaceae_Rhizobiales_Alphaproteobacteria_Proteobacteria;0;0;0;0;0;0;0;0;0;0;0;0;0;0;0;0;0;0;0;0;0;0;0;0;0;0;0;0;0;0;0;0;0;0;0;0;0;0;0;0;0;0;0;0;0;0;0
Microbacterium_Microbacteriaceae_Micrococcales_Actinobacteria_Actinobacteria;0;0;0;0;0;0;0;0;0;0;0;0;0;0;0;0;0;0;0;0,009961577;0;0;0;0;0;0;0;0;0;0;0;0;0;0;0;0;0;0;0;0;0;0;0;0;0;0;0
Micrococcus_Micrococcaceae_Micrococcales_Actinobacteria_Actinobacteria;0;0;0;0,010475122;0;0;0;0;0;0;0;0;0;0;0;0;0;0;0;0,038423225;0;0;0;0;0;0;0;0,007316449;0;0;0;0;0;0;0,010142559;0;0;0;0;0;0;0;0;0;0;0;0
Microvirga_Methylobacteriaceae_Rhizobiales_Alphaproteobacteria_Proteobacteria;0;0;0;0;0;0;0;0;0;0;0;0;0;0;0;0;0;0;0;0;0;0;0;0;0;0;0;0;0;0;0;0;0;0;0;0;0;0;0;0;0;0;0;0;0;0;0
Moraxella_Moraxellaceae_Pseudomonadales_Gammaproteobacteria_Proteobacteria;0;0;0;0;0;0;0;0;0;0;0;0;0;0;0;0;0;0;0;0;0;0;0;0;0,005828143;0;0,010071711;0;0,029307543;0;0;0;0;0;0;0;0;0;0;0;0;0;0;0;0;0;0
Mycobacterium_Mycobacteriaceae_Corynebacteriales_Actinobacteria_Actinobacteria;0;0;0;0;0;0;0;0;0;0;0;0;0;0;0;0;0;0;0;0;0;0;0;0;0;0;0;0;0;0;0;0;0;0;0;0;0;0;0;0;0;0,004740415;0;0;0;0;0
Nakamurella_Nakamurellaceae_Frankiales_Actinobacteria_Actinobacteria;0;0;0;0;0;0;0;0;0;0;0;0;0;0;0;0;0;0;0;0;0;0;0;0;0;0;0;0;0;0;0;0;0;0;0;0;0;0;0;0;0;0;0;0;0;0;0
Neptunomonas_Oceanospirillaceae_Oceanospirillales_Gammaproteobacteria_Proteobacteria;0;0;0;0;0;0;0;0;0;0;0;0;0;0;0;0;0;0;0;0;0;0;0;0;0;0;0;0;0;0;0;0;0;0;0;0;0;0;0;0;0;0;0;0;0;0;0
Nesiotobacter_Rhodobacteraceae_Rhodobacterales_Alphaproteobacteria_Proteobacteria;0;0;0;0;0;0;0;0;0;0;0;0;0;0;0;0;0;0;0;0;0;0;0;0;0;0;0;0;0;0;0;0;0;0;0;0;0;0;0;0;0;0;0;0;0;0;0
Nisaea_Rhodospirillaceae_Rhodospirillales_Alphaproteobacteria_Proteobacteria;0;0;0;0;0;0;0;0;0;0;0;0;0;0;0;0;0;0;0;0;0;0;0;0;0;0;0;0;0;0;0;0;0;0;0;0;0;0;0;0;0;0;0;0;0;0;0
Nitratireductor_Phyllobacteriaceae_Rhizobiales_Alphaproteobacteria_Proteobacteria;0;0;0;0;0;0;0,037649815;0;0;0,00748383;0,01457471;0;0;0,020342037;0,005967833;0,059958839;0,016726476;0,034957938;0,04246471;0,044115554;0,030247271;0,016534543;0,030104885;0,026181236;0,014570357;0,010116031;0,050358553;0,009755265;0,018650254;0,010155549;0,018117993;0,0362044;0,014852851;0,013385487;0,030427678;0,033906301;0,007252771;0,014852621;0,027213198;0,016508071;0,030129162;0,007584664;0,035387177;0,029116622;0,031024186;0,028648665;0,030136562
Nocardioides_Nocardioidaceae_Propionibacteriales_Actinobacteria_Actinobacteria;0;0;0;0;0;0;0;0;0;0;0;0;0;0;0;0;0;0;0;0;0;0;0;0;0;0;0;0;0;0;0;0;0;0;0;0;0;0;0;0;0;0;0;0;0;0;0
Noviherbaspirillum_Oxalobacteraceae_Burkholderiales_Betaproteobacteria_Proteobacteria;0;0;0;0;0;0;0;0;0;0;0;0;0;0;0;0;0;0;0;0;0;0;0;0;0;0;0;0;0;0;0;0;0;0;0;0;0;0;0;0;0;0;0;0;0;0;0
Novosphingobium_Sphingomonadaceae_Sphingomonadales_Alphaproteobacteria_Proteobacteria;0,036933589;0,026103141;0,045189736;0,028432473;0,025237503;0,070598098;0,033466502;0,061227614;0;0,097289785;0,055383898;0,025739246;0,08610653;0,098804179;0,073851938;0,142604806;0,048658841;0,08119263;0,062964915;0,105308097;0,060494543;0,075324031;0,065026553;0,078543707;0,042982552;0,053614964;0,055394408;0,054873364;0,047957797;0,07785921;0,033971238;0,041376457;0,061533239;0,038669185;0,052966699;0,088451219;0,033846265;0,027004766;0,040819798;0,035374438;0,024889308;0,036975236;0,014571191;0,038475537;0,024560814;0,020568272;0,020665071
Oceanibaculum_Rhodospirillaceae_Rhodospirillales_Alphaproteobacteria_Proteobacteria;0;0;0;0;0;0;0;0;0;0;0;0;0;0;0,004475875;0;0;0;0;0;0;0,008267272;0,007225173;0;0;0;0;0;0;0;0;0;0;0;0;0;0;0;0;0;0;0;0;0;0;0;0
Oceanibulbus_Rhodobacteraceae_Rhodobacterales_Alphaproteobacteria_Proteobacteria;0;0;0;0;0;0;0;0;0;0;0;0;0;0;0;0;0;0;0;0;0;0;0;0;0;0;0;0;0;0;0;0;0;0;0;0;0;0;0,008504125;0;0;0;0;0;0;0;0
Oceanicola_Rhodobacteraceae_Rhodobacterales_Alphaproteobacteria_Proteobacteria;0;0;0;0;0;0;0;0;0;0;0;0;0;0;0;0;0;0;0;0;0;0;0;0;0;0;0;0;0;0;0;0;0;0;0;0;0;0;0;0;0;0;0;0;0;0;0
Oceaniovalibus_Rhodobacteraceae_Rhodobacterales_Alphaproteobacteria_Proteobacteria;0;0;0;0;0;0;0;0;0;0;0;0;0;0;0;0;0;0;0;0;0;0;0;0;0;0;0;0;0;0;0;0;0;0;0;0;0;0;0;0;0;0;0;0;0;0;0
Oceanisphaera_Aeromonadaceae_Aeromonadales_Gammaproteobacteria_Proteobacteria;0,008079223;0;0,006106721;0;0;0;0;0;0;0,006414711;0;0;0,009702144;0,007265013;0,003729896;0;0,009123533;0;0;0,028461648;0,013863333;0,004592929;0,006020977;0,007700363;0,009470732;0,015174046;0,005035855;0,056092773;0;0;0;0;0;0,008923658;0;0;0,010879157;0;0;0,00589574;0;0,019909743;0;0,005199397;0,006463372;0;0
Oceanobacter_Oceanospirillaceae_Oceanospirillales_Gammaproteobacteria_Proteobacteria;0;0;0;0;0;0;0;0;0;0;0;0;0;0;0;0;0;0;0;0,007115412;0;0;0;0,009240436;0;0;0,006043026;0;0;0;0;0;0;0;0,006761706;0;0;0;0;0;0;0;0;0;0;0;0
Oceanospirillum_Oceanospirillaceae_Oceanospirillales_Gammaproteobacteria_Proteobacteria;0;0;0;0;0;0;0;0;0;0;0;0,012112586;0;0;0;0;0;0;0;0;0;0;0;0;0;0;0;0;0;0;0;0;0;0;0;0;0;0;0;0;0;0;0;0;0;0;0
Ochrobactrum_Brucellaceae_Rhizobiales_Alphaproteobacteria_Proteobacteria;0,005770873;0;0;0;0;0;0;0;0;0;0;0;0;0;0;0;0;0;0;0;0;0;0;0;0;0;0;0;0;0;0;0;0;0;0;0;0;0;0;0;0;0;0;0;0;0;0
OM27-clade_Bdellovibrionaceae_Bdellovibrionales_Deltaproteobacteria_Proteobacteria;0;0;0;0;0;0;0;0;0;0;0;0;0;0;0;0;0;0;0;0;0;0;0;0;0;0;0;0;0;0;0;0;0;0;0;0;0;0;0;0;0;0;0;0;0;0;0
OM43-clade_Methylophilaceae_Methylophilales_Betaproteobacteria_Proteobacteria;0,019620969;0,018158707;0,009770754;0;0;0,011030953;0,016733251;0;0;0;0;0;0;0;0,003729896;0;0;0;0;0,027038566;0,007561818;0,008267272;0;0,02310109;0;0;0,011078882;0;0;0;0;0;0;0;0;0;0;0;0;0;0;0;0;0;0;0;0
Opitutus_Opitutaceae_Opitutales_Opitutae_Verrucomicrobia;0,026546017;0,027238061;0,037861671;0;0;0;0;0;0;0;0;0;0;0,011624021;0,006713813;0;0;0;0;0,015653906;0,010082424;0,005511514;0,007225173;0,021561018;0,01019925;0,011127634;0,010071711;0;0,006660805;0,018618507;0;0;0;0,017847316;0,010142559;0,013267683;0,012087952;0,021603813;0,017008249;0,018866367;0,013099636;0,023702074;0,020815987;0,017677949;0,008402384;0,010284136;0,013776714
Owenweeksia_Cryomorphaceae_Flavobacteriales_Flavobacteriia_Bacteroidetes;0;0;0;0;0;0;0;0;0;0;0;0;0;0;0;0;0;0;0;0;0;0;0;0;0;0;0;0;0;0;0;0;0;0;0;0;0;0;0;0;0;0;0;0;0;0;0
Oxalicibacterium_Oxalobacteraceae_Burkholderiales_Betaproteobacteria_Proteobacteria;0,021929318;0,026103141;0,05496049;0;0;0;0;0;0;0,005345593;0,007287355;0;0;0,008718016;0,006713813;0;0;0,016915131;0;0;0;0,0064301;0,009633563;0;0;0,006069619;0;0,007316449;0;0;0;0;0;0;0;0;0,006043976;0;0;0;0;0;0;0;0;0;0
Palleronia_Rhodobacteraceae_Rhodobacterales_Alphaproteobacteria_Proteobacteria;0;0;0;0;0;0;0;0;0;0;0;0;0;0;0;0;0;0;0;0;0;0;0;0;0;0;0;0;0;0;0;0;0;0;0;0;0;0;0;0;0;0;0;0;0;0;0
Pannonibacter_Rhodobacteraceae_Rhodobacterales_Alphaproteobacteria_Proteobacteria;0;0;0;0;0;0;0;0;0;0;0;0;0;0;0;0;0;0;0;0;0;0;0;0;0;0;0;0;0;0;0;0;0;0;0;0;0;0;0;0;0;0;0;0;0;0;0
Paracocccus_Rhodobacteraceae_Rhodobacterales_Alphaproteobacteria_Proteobacteria;0;0,005674596;0;0;0;0;0;0;0;0;0;0;0;0;0,004475875;0;0;0;0;0;0;0;0;0;0;0;0;0;0;0;0;0;0;0;0;0;0;0;0;0;0;0;0;0;0;0;0
Paraglaciecola_Alteromonadaceae_Alteromonadales_Gammaproteobacteria_Proteobacteria;0;0;0;0;0;0;0;0;0;0;0;0;0;0;0;0;0;0;0;0;0;0;0;0;0;0;0;0;0;0;0;0;0;0;0;0;0;0;0;0;0;0;0;0;0;0;0
Parapusillimonas_Alcaligenaceae_Burkholderiales_Betaproteobacteria_Proteobacteria;0;0;0;0;0;0;0;0;0;0;0;0;0;0;0;0;0;0;0;0;0;0;0;0;0;0;0;0;0;0;0;0;0;0;0;0;0;0;0;0;0;0;0;0;0;0;0
Parasphingopyxis_Sphingomonadaceae_Sphingomonadales_Alphaproteobacteria_Proteobacteria;0;0;0;0;0;0;0;0;0;0;0;0;0;0;0;0;0;0;0;0;0;0;0;0;0;0;0;0;0;0;0;0;0;0;0;0;0;0;0;0;0;0;0;0;0;0;0
Parvibaculum_Rhodobiaceae_Rhizobiales_Alphaproteobacteria_Proteobacteria;0,138500958;0,095333212;0,113585012;0,06285073;0,048672327;0,030886668;0,069024661;0,080361243;0,105909765;0,230929599;0,183641346;0,192287311;0,224362084;0,19906136;0,167845314;0,281968595;0,261541269;0,327025869;0,301645874;0,307385798;0,368008469;0,341713897;0,492515925;0,469722171;0,134775799;0,154775272;0,238699541;0,087797383;0,094583433;0,209881349;0,097384215;0,174125922;0,154894014;0,132367595;0,14199583;0,181324999;0,129341086;0,155277406;0,190492389;0,119093943;0,06942807;0,054988813;0,087427144;0,081110591;0,049767965;0,102106779;0,061134168
Patulibacter_Patulibacteraceae_Solirubrobacterales_Thermoleophilia_Actinobacteria;0;0;0;0;0;0;0;0;0;0;0;0;0;0;0;0;0;0;0;0;0;0;0;0;0;0;0;0;0;0;0;0;0;0;0;0;0;0;0;0;0;0;0;0;0;0;0
Paucimonas_Oxalobacteraceae_Burkholderiales_Betaproteobacteria_Proteobacteria;0;0;0;0;0;0;0;0;0;0;0;0;0;0;0;0;0;0;0;0;0;0;0;0;0;0;0;0;0;0;0;0;0;0;0;0;0;0;0;0;0;0;0;0;0;0;0
Pedobacter_Sphingobacteriaceae_Sphingobacteriales_Sphingobacteriia_Bacteroidetes;0,009233397;0,015888869;0,017098819;0;0;0;0;0;0;0;0;0;0;0;0;0;0;0;0;0;0;0;0;0;0;0;0;0;0;0;0;0;0;0;0;0;0;0;0;0;0;0;0;0;0;0;0
Pedomicrobium_Hyphomicrobiaceae_Rhizobiales_Alphaproteobacteria_Proteobacteria;0;0;0;0;0;0;0;0;0;0;0;0;0;0;0;0;0;0;0;0;0;0;0;0;0;0;0;0;0;0;0;0;0;0;0;0;0;0;0;0;0;0;0;0;0;0;0
Pelagibacterium_Hyphomicrobiaceae_Rhizobiales_Alphaproteobacteria_Proteobacteria;0;0;0;0;0;0;0;0;0;0;0;0;0;0;0;0;0;0;0;0;0;0;0;0;0;0;0;0;0;0;0;0;0;0;0;0;0;0;0;0;0;0;0;0;0;0;0
Peredibacter_Bacteriovoracaceae_Bdellovibrionales_Deltaproteobacteria_Proteobacteria;0,013850096;0,005674596;0,015877475;0;0;0;0;0;0;0;0;0;0;0;0;0;0;0;0,007321502;0;0;0,004592929;0;0;0;0;0,007050197;0;0;0;0;0;0;0;0;0,007370935;0;0;0;0;0;0;0;0;0;0,00661123;0
Perlucidibaca_Moraxellaceae_Pseudomonadales_Gammaproteobacteria_Proteobacteria;0,008079223;0;0,010992098;0;0;0;0;0;0;0;0;0;0;0;0;0;0;0;0;0;0;0;0;0;0;0;0,008057368;0;0;0;0;0;0;0;0;0;0;0;0;0,00589574;0;0;0;0;0;0;0
Phaeobacter_Rhodobacteraceae_Rhodobacterales_Alphaproteobacteria_Proteobacteria;0;0;0;0;0;0;0;0;0;0;0;0;0;0;0;0;0;0;0;0;0;0;0;0;0;0;0;0;0;0;0;0;0;0;0;0;0;0;0;0;0;0;0;0;0;0;0
Phaselicystis_Phaselicystidaceae_Myxococcales_Deltaproteobacteria_Proteobacteria;0;0;0;0;0;0;0;0;0;0;0;0;0;0;0;0;0;0;0;0;0;0;0;0;0;0;0;0;0;0;0;0;0;0;0;0;0;0;0;0;0;0;0;0;0;0;0
Phenylobacterium_Caulobacteraceae_Caulobacterales_Alphaproteobacteria_Proteobacteria;0;0;0;0;0;0;0;0;0;0;0;0;0;0;0;0;0;0;0;0;0;0;0;0;0;0;0;0;0;0;0;0;0;0;0;0;0;0;0;0;0;0;0;0;0;0;0
Phyllobacterium_Phyllobacteriaceae_Rhizobiales_Alphaproteobacteria_Proteobacteria;0;0;0;0;0;0;0;0,038267259;0;0,013898541;0,010202297;0;0,014553216;0;0;0;0;0,024808859;0,016107304;0,021346236;0,027726665;0,019290301;0;0;0;0,008092825;0,013093224;0;0;0,008462958;0;0;0;0;0,01126951;0,017690244;0;0,009451668;0;0;0;0;0;0;0,014865756;0;0
Pir4-lineage_Planctomycetaceae_Planctomycetales_Planctomycetacia_Planctomycetes;0;0;0;0;0;0;0;0;0;0;0;0;0;0;0;0;0;0;0;0;0;0;0;0;0;0;0;0;0;0;0;0;0;0;0;0;0;0;0;0;0;0;0;0;0;0;0
Pirellula_Planctomycetaceae_Planctomycetales_Planctomycetacia_Planctomycetes;0;0;0;0;0;0;0;0;0;0;0;0;0;0;0;0;0;0;0;0;0;0;0;0;0;0;0;0;0;0;0;0;0;0;0;0;0;0;0;0;0;0;0;0;0;0;0
Planctomyces_Planctomycetaceae_Planctomycetales_Planctomycetacia_Planctomycetes;0,012695921;0,018158707;0,024426884;0;0;0;0;0;0;0,018175015;0;0,0227111;0,008489376;0;0,006713813;0;0,01216471;0,009021403;0,010250103;0,034153978;0,01260303;0,004592929;0;0,009240436;0;0;0;0,013413489;0;0;0;0;0;0;0;0;0;0;0;0;0;0;0,010407993;0;0;0,00661123;0
Planococcus_Planococcaceae_Bacillales_Bacilli_Firmicutes;0,009233397;0,007944434;0,013434786;0;0;0;0;0;0;0;0;0;0;0;0;0;0;0;0;0;0;0;0;0;0;0;0;0;0;0;0;0;0;0;0;0;0;0;0;0;0;0;0;0;0;0;0
Planomicrobium_Planococcaceae_Bacillales_Bacilli_Firmicutes;0;0;0;0;0;0;0;0;0;0;0;0;0;0;0;0;0;0;0;0;0;0;0;0;0;0;0;0;0;0;0;0;0;0;0;0;0;0;0;0;0;0;0;0;0;0;0
Pleomorphomonas_Methylocystaceae_Rhizobiales_Alphaproteobacteria_Proteobacteria;0;0;0;0;0;0;0;0;0;0;0;0;0;0;0;0;0;0;0;0;0;0;0;0;0;0;0;0;0;0;0;0;0;0;0;0;0;0;0;0;0;0;0;0;0;0;0
Polaribacter_Flavobacteriaceae_Flavobacteriales_Flavobacteriia_Bacteroidetes;0,332402299;0,384737607;0,316328151;0;0,016224109;0,041917621;0;0;0;0,009622067;0,01457471;0;0,019404288;0,015983029;0,018649479;0,009723055;0,022808832;0,018042807;0,011714403;0,011384659;0,021425151;0,034906258;0,022879713;0,072383416;0,008742214;0,036417711;0,032229474;0,00609704;0,010657288;0;0;0;0;0;0,012396461;0,022112805;0,014505542;0,014852621;0;0,008254036;0,006549818;0;0;0;0;0,005876649;0
Polaromonas_Comamonadaceae_Burkholderiales_Betaproteobacteria_Proteobacteria;0;0,012484111;0,008549409;0;0;0;0;0;0;0;0;0;0;0;0;0;0;0;0;0;0;0;0;0;0;0;0;0;0;0;0;0;0;0;0;0,007370935;0;0;0;0;0;0;0;0;0;0;0
Prosthecobacter_Verrucomicrobiaceae_Verrucomicrobiales_Verrucomicrobiae_Verrucomicrobia;0;0;0;0;0;0;0;0;0;0;0;0;0;0;0;0;0;0;0;0;0;0;0;0;0;0;0;0;0;0;0;0;0;0;0;0;0;0;0;0;0;0;0;0;0;0;0
Pseudahrensia_Phyllobacteriaceae_Rhizobiales_Alphaproteobacteria_Proteobacteria;0;0;0;0;0;0;0;0;0;0;0;0;0;0;0;0;0;0;0;0;0;0;0;0;0;0;0;0;0;0;0;0;0;0;0;0;0;0;0;0;0;0;0;0;0;0;0
Pseudaminobacter_Phyllobacteriaceae_Rhizobiales_Alphaproteobacteria_Proteobacteria;0;0;0;0;0;0;0;0;0;0;0;0;0;0;0;0;0;0;0;0;0;0;0;0;0,041525516;0;0;0;0;0;0;0;0;0;0;0;0;0;0;0;0;0;0;0;0;0;0
Pseudoalteromonas_Pseudoalteromonadaceae_Alteromonadales_Gammaproteobacteria_Proteobacteria;0;0;0;0;0;0;0;0;0;0;0;0;0;0;0;0;0,007602944;0;0;0,007115412;0;0;0,007225173;0,010780509;0;0;0;0;0;0;0;0;0;0;0;0;0;0;0;0;0;0;0;0;0;0;0
Pseudochrobactrum_Brucellaceae_Rhizobiales_Alphaproteobacteria_Proteobacteria;0;0;0;0,011971568;0;0;0;0;0;0,008552948;0;0;0,008489376;0;0;0,008102546;0;0;0;0,051230966;0;0;0;0;0;0;0;0,007316449;0;0;0;0;0;0;0;0;0;0;0;0;0;0;0;0;0;0;0
Pseudolabrys_Xanthobacteraceae_Rhizobiales_Alphaproteobacteria_Proteobacteria;0;0,009079354;0,010992098;0,046389824;0,012618751;0,019855715;0,094124537;0,080361243;0,084727812;0,056663281;0,032064362;0,033309613;0,063063937;0,079915145;0,04550473;0,072922912;0,06234414;0,063149823;0,106893926;0,139462075;0,09326242;0,155240991;0,137278278;0,146306906;0,134775799;0,172984128;0,165176054;0,31460729;0,217142248;0,311436841;0,371418865;0,444796911;0,500753252;0,5785505;0,618696118;0,672229266;0,80989278;0,806092275;0,870822349;0,998738312;1,092509628;1,021085365;0,836802664;1,181302969;0,975969183;1,048981871;0,843823727
Pseudomonas_Pseudomonadaceae_Pseudomonadales_Gammaproteobacteria_Proteobacteria;1,57314;1,454966;1,784384;8,094276;8,191372;7,670925;3,936497;4,439002;5,486126;5,644946;4,977263;5,060033;8,680993;8,402714;6,664578;5,099742;6,159905;7,24757;5,688807;7,210759;6,009125;5,417819;5,156365;7,184439;6,163989;8,469141;6,691645;7,277428;6,083979;9,43789;7,786208;12,669816;9,527043;7,271294;10,019722;8,989592;9,042997;9,220777;9,652181;7,623191;6,272106;5,255224;5,407993;5,079811;3,244613;3,979961;1,84608
Pseudorhodobacter_Rhodobacteraceae_Rhodobacterales_Alphaproteobacteria_Proteobacteria;0;4,882422372;0;0;0;0;0;0;0;0,0288662;0;0;0,11642573;0,069744126;0,068630084;0,098851059;0,104920625;0,098107761;0,033678908;0,129500498;0,074357876;0,03674343;0,02890069;0,050822399;0,025498124;0,015174046;0,024172105;0,031704611;0,023978899;0;0;0,008620095;0,47104755;0,008923658;0,006761706;0,01474187;0,025384699;0;0;0,012970627;0,03274909;0,030338655;1,369691923;0,393074403;1,915743482;1,98116534;0,835213281
Pseudospirillum_Oceanospirillaceae_Oceanospirillales_Gammaproteobacteria_Proteobacteria;0;0;0;0;0;0;0;0;0;0;0;0;0;0;0;0;0;0;0;0;0;0;0;0;0;0;0;0;0;0;0;0;0;0;0;0;0;0;0;0;0;0;0;0;0;0;0
Pseudoxanthobacter_Xanthobacteraceae_Rhizobiales_Alphaproteobacteria_Proteobacteria;0;0;0;0;0;0;0;0;0;0;0;0;0;0;0;0;0;0;0;0,018500071;0;0;0;0;0;0;0;0;0;0;0;0;0;0;0;0;0;0;0,015307424;0;0;0;0;0;0;0;0
Psychrobacter_Moraxellaceae_Pseudomonadales_Gammaproteobacteria_Proteobacteria;0;0;0;0;0;0;0;0;0;0;0;0;0;0;0;0;0;0;0;0;0;0;0;0;0;0;0;0;0;0;0;0;0;0;0;0;0;0;0;0;0;0;0;0;0;0;0
Pusillimonas_Alcaligenaceae_Burkholderiales_Betaproteobacteria_Proteobacteria;0;0;0;0;0;0;0;0;0;0;0;0;0;0;0;0;0;0;0;0;0;0;0;0;0;0;0;0;0;0;0;0;0;0;0;0;0;0;0;0;0;0;0;0;0;0;0
Reyranella_Rhodospirillales-Incertae-Sedis_Rhodospirillales_Alphaproteobacteria_Proteobacteria;0;0;0;0;0;0;0;0;0;0;0;0;0;0;0;0;0;0;0;0;0;0;0;0;0;0;0;0;0;0;0;0;0;0;0;0;0;0;0;0;0;0;0;0;0;0;0
Rheinheimera_Chromatiaceae_Chromatiales_Gammaproteobacteria_Proteobacteria;0;0;0;0;0;0;0;0;0;0;0;0;0;0;0;0;0;0;0;0;0;0;0;0;0;0;0;0;0;0;0;0;0;0;0;0;0;0;0;0;0;0;0;0;0;0;0
Rhizobacter_Comamonadaceae_Burkholderiales_Betaproteobacteria_Proteobacteria;0,011541746;0,009079354;0,009770754;0;0;0;0;0;0;0,006414711;0;0;0;0;0;0;0;0,007893728;0,007321502;0;0;0,011023029;0,009633563;0;0,003642589;0,005058015;0;0;0,009325127;0;0,013588495;0;0;0;0;0;0;0;0;0;0;0;0;0;0;0;0
Rhizobium_Rhizobiaceae_Rhizobiales_Alphaproteobacteria_Proteobacteria;0,086563099;0,095333212;0,081830062;0,013468013;0,023434824;0,013237143;0,016733251;0;0;0,085529481;0,084533318;0,083274032;0,080042689;0,1104282;0,107421001;0,158809898;0,144455933;0,138704075;0,174251743;0,323039704;0,173921811;0,152485234;0,191467071;0,194049159;0,084508068;0,080928247;0,088631053;0,075603302;0,086590467;0,02200369;0,052089231;0,0362044;0,053045895;0,055029225;0,081140474;0,067812601;0,06527494;0,048608579;0,064631346;0,031836995;0,023579344;0,020857825;0,014571191;0,037435657;0,012926744;0,027179502;0,008610446
Rhodobacter_Rhodobacteraceae_Rhodobacterales_Alphaproteobacteria_Proteobacteria;6,733454906;2,403758852;7,100895245;10,64571642;10,93504948;12,37231672;7,36681378;13,22516455;15,1345054;11,00336772;10,55646243;7,696034642;9,219462501;9,81212676;9,041267568;7,206404252;6,684508242;7,015268725;4,114684004;5,793368436;7,546694225;7,025343781;7,256481582;6,796340787;2,334899647;3,731803789;4,380186931;1,826673333;2,218048118;1,904165468;1,759710112;1,625749948;1,101232787;1,860582715;1,87411957;2,354276616;1,177366519;1,21116377;1,61408283;1,146131805;1,273284603;1,36334332;0,014571191;1,071075755;0,052353314;0,038932801;0,661282268
Rhodococcus_Nocardiaceae_Corynebacteriales_Actinobacteria_Actinobacteria;0,016158445;0,021563465;0,028090917;0;0;0;0;0;0;0,011760304;0;0;0;0,007265013;0;0,012964073;0,007602944;0,007893728;0;0,03557706;0;0;0;0;0,007285178;0,009104428;0;0,014632897;0;0;0;0;0;0;0;0;0;0;0,022110724;0;0;0,010428913;0;0;0;0,005142068;0
Rhodoferax_Comamonadaceae_Burkholderiales_Betaproteobacteria_Proteobacteria;0;0,012484111;0,008549409;0;0,012618751;0;0;0;0;0;0,01457471;0,0227111;0;0,007265013;0,011935667;0;0;0;0;0;0;0;0;0;0;0;0;0;0;0;0;0;0;0;0;0;0;0;0;0;0;0;0;0;0;0;0
Rhodoglobus_Microbacteriaceae_Micrococcales_Actinobacteria_Actinobacteria;0;0;0;0;0;0;0;0;0;0;0;0;0;0;0;0;0;0;0;0;0;0;0;0;0;0;0;0;0;0;0;0;0;0;0;0;0;0;0;0;0;0;0;0;0;0;0
Rhodopirellula_Planctomycetaceae_Planctomycetales_Planctomycetacia_Planctomycetes;0;0;0;0;0;0;0;0;0;0;0;0;0;0;0;0;0;0;0;0;0;0;0;0;0;0;0;0;0;0;0;0;0;0;0;0;0;0;0;0;0;0;0;0;0;0;0
Rhodoplanes_Hyphomicrobiaceae_Rhizobiales_Alphaproteobacteria_Proteobacteria;0;0;0;0;0;0;0;0;0;0;0;0;0;0;0;0;0;0;0;0;0;0;0;0;0;0;0;0;0;0;0;0;0;0;0;0;0;0;0;0;0;0;0;0;0;0;0
Rhodovulum_Rhodobacteraceae_Rhodobacterales_Alphaproteobacteria_Proteobacteria;0;0;0;0;0;0;0;0;0;0;0;0;0;0;0;0;0;0;0;0;0;0;0;0;0;0;0;0;0;0;0;0;0;0;0;0;0;0;0;0;0;0;0;0;0;0;0
Roseicitreum_Rhodobacteraceae_Rhodobacterales_Alphaproteobacteria_Proteobacteria;0;0;0;0;0;0;0;0;0;0;0;0;0;0;0;0;0;0;0;0;0;0;0;0;0;0;0;0;0;0;0;0;0;0;0;0;0;0;0;0;0;0;0;0;0;0;0
Roseicyclus_Rhodobacteraceae_Rhodobacterales_Alphaproteobacteria_Proteobacteria;0;0;0;0;0;0;0;0;0;0;0;0;0;0;0;0;0;0;0;0;0;0;0;0;0;0;0;0;0;0;0;0;0;0;0;0;0;0;0;0;0;0;0;0;0;0;0
Roseivirga_Flammeovirgaceae_Cytophagales_Cytophagia_Bacteroidetes;0,096950671;0,081714182;0,068395276;0;0;0;0;0;0;0;0;0;0;0;0;0;0;0;0;0;0,007561818;0;0;0;0;0;0;0;0;0;0;0;0;0,007436382;0;0;0;0;0;0;0;0;0;0;0;0;0
Roseivivax_Rhodobacteraceae_Rhodobacterales_Alphaproteobacteria_Proteobacteria;0;0;0;0;0;0;0;0;0;0;0;0;0;0;0;0;0;0;0;0;0;0;0;0;0;0;0;0;0;0;0;0;0;0;0;0;0;0;0;0;0;0;0;0;0;0;0
Roseobacter-clade-CHAB-I-5-lineage_Rhodobacteraceae_Rhodobacterales_Alphaproteobacteria_Proteobacteria;0;0;0;0;0;0;0;0;0;0;0;0;0;0;0;0;0;0;0;0;0;0;0;0;0;0;0;0;0;0;0;0;0;0;0;0;0;0;0;0;0;0;0;0;0;0;0
Roseobacter_Rhodobacteraceae_Rhodobacterales_Alphaproteobacteria_Proteobacteria;0;0;0;0;0;0;0;0;0;0;0;0;0;0;0;0;0;0;0;0;0;0;0;0;0;0;0;0;0;0;0;0;0;0;0;0;0;0;0;0;0;0;0;0;0;0;0
Roseovarius_Rhodobacteraceae_Rhodobacterales_Alphaproteobacteria_Proteobacteria;0;0;0;0;0;0;0;0;0;0;0;0;0;0;0;0;0;0;0;0;0;0;0;0;0;0;0;0;0;0;0;0;0;0;0;0;0;0;0;0;0;0;0;0;0;0;0
Rubellimicrobium_Rhodobacteraceae_Rhodobacterales_Alphaproteobacteria_Proteobacteria;0;0;0;0;0;0;0;0;0;0;0;0;0;0;0;0;0;0;0;0;0;0;0;0;0;0;0;0;0;0;0;0;0;0;0;0;0;0;0;0;0;0;0;0;0;0;0
Ruegeria_Rhodobacteraceae_Rhodobacterales_Alphaproteobacteria_Proteobacteria;0;0;0;0;0;0;0;0;0;0;0;0;0;0;0;0;0;0;0;0;0;0;0;0;0;0;0;0;0;0;0;0;0;0;0;0;0;0;0;0;0;0;0;0;0;0;0
Sagittula_Rhodobacteraceae_Rhodobacterales_Alphaproteobacteria_Proteobacteria;0;0;0;0;0;0;0;0;0;0;0;0;0;0;0;0;0;0;0;0;0;0;0;0;0;0;0;0;0;0;0;0;0;0;0;0;0;0;0;0;0;0;0;0;0;0;0
Salinimonas_Alteromonadaceae_Alteromonadales_Gammaproteobacteria_Proteobacteria;0;0;0;0;0;0;0;0;0;0;0;0;0;0;0,005221854;0,009723055;0,007602944;0;0;0;0;0,008267272;0;0;0,005828143;0,005058015;0,013093224;0;0;0;0;0;0;0;0;0,010319309;0;0;0;0;0;0;0;0;0;0;0
Salinirepens_Cryomorphaceae_Flavobacteriales_Flavobacteriia_Bacteroidetes;0;0;0;0;0;0;0;0;0;0;0;0;0;0;0;0;0;0;0;0;0;0;0;0;0;0;0;0;0;0;0;0;0;0;0;0;0;0;0;0;0;0;0;0;0;0;0
Sandaracinus_Sandaracinaceae_Myxococcales_Deltaproteobacteria_Proteobacteria;0;0;0;0;0;0;0;0;0;0;0;0;0;0;0;0;0;0;0;0;0;0;0;0;0;0;0;0;0;0;0;0;0;0;0;0;0;0;0;0;0;0;0;0;0;0;0
SAR92-clade_Porticoccaceae_Cellvibrionales_Gammaproteobacteria_Proteobacteria;0;0,018158707;0,013434786;0;0;0;0;0;0;0;0;0;0;0;0;0;0;0;0;0;0;0;0;0;0;0;0;0;0;0;0;0;0;0;0;0;0;0;0;0;0;0;0;0;0;0;0
Sedimentitalea_Rhodobacteraceae_Rhodobacterales_Alphaproteobacteria_Proteobacteria;0;0;0;0;0;0;0;0;0;0;0;0;0;0;0;0;0;0;0;0;0;0;0;0;0;0;0;0;0;0;0;0;0;0;0;0;0;0;0;0;0;0;0;0;0;0;0
Sediminibacterium_Chitinophagaceae_Sphingobacteriales_Sphingobacteriia_Bacteroidetes;0;0;0;0;0;0;0;0;0;0;0;0;0;0;0;0,009723055;0;0;0,013178703;0;0;0;0;0;0,004371107;0;0,01913625;0;0;0;0;0;0;0;0;0;0;0,010801907;0;0;0;0;0;0;0;0;0
Sediminicola_Flavobacteriaceae_Flavobacteriales_Flavobacteriia_Bacteroidetes;0;0;0;0;0;0;0;0;0;0;0;0;0;0;0;0;0;0;0;0;0;0;0;0;0;0;0;0;0;0;0;0;0;0;0;0;0;0;0;0;0;0;0;0;0;0;0
Seohaeicola_Rhodobacteraceae_Rhodobacterales_Alphaproteobacteria_Proteobacteria;0,005770873;0,006809515;0;0;0;0;0;0;0;0,00748383;0,007287355;0;0;0;0,011935667;0;0,019767654;0,011276754;0;0,015653906;0,01260303;0,015615958;0,014450345;0,012320582;0,007285178;0,005058015;0,011078882;0;0;0;0;0,008620095;0;0;0,007888657;0;0,014505542;0;0,018709074;0;0;0,005688498;0;0;0;0;0
Shewanella_Shewanellaceae_Alteromonadales_Gammaproteobacteria_Proteobacteria;0;0,005674596;0;0;0;0;0;0;0;0;0;0;0;0;0;0;0;0;0;0;0;0;0;0;0;0,007081222;0;0;0;0;0;0;0;0;0;0;0;0;0;0;0;0;0;0;0;0;0
Shimia_Rhodobacteraceae_Rhodobacterales_Alphaproteobacteria_Proteobacteria;0;0;0;0;0;0;0;0;0;0;0;0;0;0;0;0;0;0;0;0;0;0;0;0;0;0;0;0;0;0;0;0;0;0;0;0;0;0;0;0;0;0;0;0;0;0;0
Shinella_Rhizobiaceae_Rhizobiales_Alphaproteobacteria_Proteobacteria;0;0;0;0;0;0;0;0;0;0;0;0;0;0;0;0;0;0;0;0;0;0;0;0;0;0;0;0;0;0;0;0;0;0;0;0;0;0;0;0;0;0;0;0;0;0;0
Sideroxydans_Gallionellaceae_Nitrosomonadales_Betaproteobacteria_Proteobacteria;0;0,006809515;0,009770754;0;0;0;0;0;0;0;0,011659768;0;0,007276608;0,007265013;0,004475875;0;0;0;0;0;0;0;0;0;0;0;0;0;0;0;0;0;0;0;0;0;0;0;0;0;0;0;0;0;0;0;0
Simiduia_Cellvibrionaceae_Cellvibrionales_Gammaproteobacteria_Proteobacteria;0;0;0;0;0;0;0;0;0;0;0;0;0;0;0,003729896;0;0;0;0;0,014230824;0;0;0;0;0;0;0;0;0,007992966;0;0;0;0;0;0;0;0;0;0;0;0;0;0;0;0;0;0
Simplicispira_Comamonadaceae_Burkholderiales_Betaproteobacteria_Proteobacteria;0;0,005674596;0;0;0,01442143;0;0;0,038267259;0;0,013898541;0,02914942;0;0,030319201;0,021795039;0,029093188;0,034030692;0,027370598;0,021425833;0,030750308;0,024192401;0,011342727;0,027557572;0,016858736;0,021561018;0,010927767;0,01315084;0,013093224;0,028046386;0,015985932;0,011848141;0;0;0,012731015;0,014872764;0,02141207;0,01474187;0;0,00810143;0;0,020045515;0,007859781;0;0;0,007279156;0,010341395;0,008080393;0,01119358
Skermanella_Rhodospirillaceae_Rhodospirillales_Alphaproteobacteria_Proteobacteria;0;0;0;0;0;0;0;0;0;0;0;0;0;0;0;0;0;0;0;0;0;0;0;0;0;0;0;0;0;0;0;0;0;0;0;0;0;0;0;0;0;0;0;0;0;0;0
SM1A02_Phycisphaeraceae_Phycisphaerales_Phycisphaerae_Planctomycetes;0;0;0;0;0;0;0;0;0;0;0;0;0;0;0;0;0;0;0;0;0;0;0;0;0;0;0;0;0;0;0;0;0;0;0;0;0;0;0;0;0;0;0;0;0;0;0
Smithella_Syntrophaceae_Syntrophobacterales_Deltaproteobacteria_Proteobacteria;0;0;0;0;0;0;0;0;0;0;0;0;0;0;0;0;0;0;0;0;0;0;0;0;0;0;0;0;0;0;0;0;0;0;0;0;0;0;0;0;0;0;0;0;0;0;0
Sneathiella_Sneathiellaceae_Sneathiellales_Alphaproteobacteria_Proteobacteria;0;0,006809515;0,006106721;0,020950243;0,025237503;0,015443334;0,054383066;0;0;0,037419148;0,037894246;0,034823686;0,021829824;0,036325066;0,022379375;0,037271711;0,060823551;0,074426577;0,020500205;0,111000427;0,061754846;0,051440802;0,022879713;0,032341527;0,023312571;0,050580154;0,050358553;0,101210872;0,075933179;0,05585552;0,040765485;0,046548514;0,089117104;0,04908012;0,049585845;0,041277236;0,044725422;0,028355005;0,057828047;0,035374438;0,044538762;0,065417725;0,029142381;0,038475537;0,021329128;0,030852408;0,017220892
Sphingobium_Sphingomonadaceae_Sphingomonadales_Alphaproteobacteria_Proteobacteria;0;0;0;0;0;0;0;0;0;0,005345593;0;0,00908444;0;0;0;0;0;0,009021403;0,007321502;0,014230824;0,010082424;0,011941615;0,012041954;0;0,00655666;0,008092825;0,006043026;0;0;0;0;0;0;0,007436382;0,006761706;0;0,007252771;0,006751192;0;0;0;0;0;0,006239276;0;0,030852408;0
Sphingomonas_Sphingomonadaceae_Sphingomonadales_Alphaproteobacteria_Proteobacteria;0,033471065;0,044261849;0,032976294;0;0;0;0,010458282;0;0;0,018175015;0,008744826;0;0;0,008718016;0,008205771;0,030789674;0,013685299;0,007893728;0,021964505;0;0,011342727;0,007348686;0,009633563;0;0,008742214;0;0,013093224;0,023168754;0,010657288;0,020311098;0,077001472;0,058616647;0,161259522;1,0187843;1,010875077;1,082053248;1,31033399;1,613534789;1,753550472;1,339512069;0,846236475;1,412643635;1,130308077;1,070035876;0,459545754;0,520083448;0,454631559
Sphingopyxis_Sphingomonadaceae_Sphingomonadales_Alphaproteobacteria_Proteobacteria;1,748574594;1,775013619;1,680569635;0,139169473;0,160438411;0,101484766;0,077391286;0,107148324;0,201228553;0,176404554;0,141374687;0,089330325;0,174638595;0,207779376;0,141736043;0,153948371;0,133811812;0,096980085;0,084929421;0,345809022;0,202908779;0,151566648;0,14450345;0,115505452;0,039339963;0,070812216;0,109781645;0,109746729;0,106572883;0,130329548;0,147208697;0,201710227;0,101848119;0,117494832;0,11945681;0,173954064;0,175275303;0,189033364;0,217705587;0,106123315;0,137546176;0,087223634;0,079100749;0,125825404;0,062048372;0,100637616;0,051662677
Sphingorhabdus_Sphingomonadaceae_Sphingomonadales_Alphaproteobacteria_Proteobacteria;0,091179797;0,161158526;0,119691733;0,049382716;0,115371442;0,07721667;0,085757912;0,099494872;0,052954882;0,275832576;0,202588468;0,211970264;0,394149607;0,382139692;0,266314564;0,421332383;0,447053099;0,417239902;0,683828267;0,567809876;0,708290273;0,685264966;0,66471587;0,628349658;0,499034714;0,597857425;0,729191846;0,765788286;0,909865985;1,017247508;0,527686559;0,582718433;0,642916251;0,58301233;0,631092579;0,824070525;0,863079768;0,955968728;0,875924824;0,731071728;0,623542666;0,446547082;0,416319734;0,422191026;0,268876278;0,365821409;0,263479654
Stakelama_Sphingomonadaceae_Sphingomonadales_Alphaproteobacteria_Proteobacteria;0;0;0;0;0;0;0;0;0;0;0;0;0;0;0;0;0;0;0;0;0;0;0;0;0;0;0;0;0;0;0;0;0;0;0;0;0;0;0;0;0;0;0;0;0;0;0
Stappia_Rhodobacteraceae_Rhodobacterales_Alphaproteobacteria_Proteobacteria;0;0;0;0;0;0;0;0;0;0;0;0;0;0;0;0;0;0;0;0;0;0;0;0;0;0;0;0;0;0;0;0;0;0;0;0;0;0;0;0;0;0;0;0;0;0;0
Stenotrophomonas_Xanthomonadaceae_Xanthomonadales_Gammaproteobacteria_Proteobacteria;0;0;0;0;0;0;0;0;0;0;0;0;0;0;0;0;0;0;0;0;0;0;0;0;0;0;0;0;0;0;0;0;0;0;0;0;0;0;0;0;0;0;0;0;0;0;0
Streptomyces_Streptomycetaceae_Streptomycetales_Actinobacteria_Actinobacteria;0;0;0;0;0;0;0;0;0;0;0;0;0;0;0;0;0;0;0;0;0;0;0;0;0;0;0;0;0;0;0;0;0;0;0;0;0;0;0;0;0;0;0;0;0;0;0
Subsaxibacter_Flavobacteriaceae_Flavobacteriales_Flavobacteriia_Bacteroidetes;0;0;0;0;0;0;0;0;0;0;0;0;0;0;0;0;0;0;0;0;0;0;0;0;0;0;0;0;0;0;0;0;0;0;0;0;0;0;0;0;0;0;0;0;0;0;0
Sufflavibacter_Flavobacteriaceae_Flavobacteriales_Flavobacteriia_Bacteroidetes;0;0;0;0;0;0;0;0;0;0;0;0;0;0;0;0;0;0;0;0;0;0;0;0;0;0;0;0;0;0;0;0;0;0;0;0;0;0;0;0;0;0;0;0;0;0;0
Sulfitobacter_Rhodobacteraceae_Rhodobacterales_Alphaproteobacteria_Proteobacteria;0;0;0;0;0;0;0;0;0;0;0;0;0;0;0;0;0;0;0;0;0;0;0;0;0;0;0;0;0;0;0;0;0;0;0;0;0;0;0;0;0;0;0;0;0;0;0
Tabrizicola_Rhodobacteraceae_Rhodobacterales_Alphaproteobacteria_Proteobacteria;0;0;0;0;0;0;0;0;0;0;0;0;0;0;0;0;0;0;0;0;0;0;0;0;0;0;0;0;0;0;0;0;0;0;0;0;0;0;0;0;0;0;0;0;0;0;0
Tateyamaria_Rhodobacteraceae_Rhodobacterales_Alphaproteobacteria_Proteobacteria;0;0;0;0;0;0;0;0;0;0;0;0;0;0;0;0;0;0;0;0;0;0;0;0;0;0;0;0;0;0;0;0;0;0;0;0;0;0;0;0;0;0;0;0;0;0;0
Tenacibaculum_Flavobacteriaceae_Flavobacteriales_Flavobacteriia_Bacteroidetes;0;0;0;0;0;0;0;0;0;0;0;0;0;0;0;0;0;0;0;0;0;0;0;0;0;0;0;0;0;0;0;0;0;0;0;0;0;0;0;0;0;0;0;0;0;0;0
Terrabacter_Intrasporangiaceae_Micrococcales_Actinobacteria_Actinobacteria;0;0;0;0;0;0;0;0;0;0;0;0;0;0;0;0;0;0;0;0;0;0;0;0;0;0;0;0;0;0;0;0;0;0;0;0;0;0;0;0;0;0;0;0;0;0;0
Terrimonas_Chitinophagaceae_Sphingobacteriales_Sphingobacteriia_Bacteroidetes;0,061171256;0,054476121;0,083051406;0,383090161;0,423629513;0,368433825;0,412056307;0,543395071;0,593094683;0,33784145;0,239025243;0,24679395;0,105510818;0,127864231;0,106675022;0,241455865;0,17334712;0,192832495;0,216716453;1,747545183;0,277266655;0,23975088;0,298640463;0,28029323;0,157359851;0,19321619;0,238699541;0,824319875;0,406309115;0,318207207;0,267240403;0,299979312;0,333128223;0,504186683;0,595030146;0,629477843;1,048025433;1,049135172;1,420188792;0,858419706;0,776808405;1,370927984;1,04704413;1,448551968;0,709031916;0,921164752;0,594981832
Thalassobaculum_Rhodospirillaceae_Rhodospirillales_Alphaproteobacteria_Proteobacteria;0,033471065;0,034047576;0,043968392;0,276842499;0,243361635;0,403732874;0,207073982;0,24873718;0,201228553;0,440476827;0,327930974;0,420912381;0,383234695;0,469319849;0,332706711;0,361373544;0,450094277;0,465729944;0,462718913;0,532232816;0,690646031;0,637498507;0,685187192;0,76079591;0,332932649;0,623147502;0,64761099;0,409721121;0,386326699;0,597484809;0,360095119;0,208606303;0,235523775;0,15467674;0,199470333;0,274198779;0,212747954;0,195784556;0,222808062;0,240546181;0,210904137;0,32803671;0,337218984;0,276607913;0,27533965;0,312931566;0,246258761
Thalassospira_Rhodospirillaceae_Rhodospirillales_Alphaproteobacteria_Proteobacteria;0;0;0;0;0;0;0;0;0;0;0;0;0;0;0;0;0;0;0;0;0;0;0;0;0;0;0;0;0;0;0;0;0;0;0;0;0;0;0;0;0;0;0;0;0;0;0
Thauera_Rhodocyclaceae_Rhodocyclales_Betaproteobacteria_Proteobacteria;0;0;0;0;0;0;0;0;0;0;0;0;0;0;0;0;0;0;0;0;0;0;0;0;0;0;0;0;0;0;0;0;0;0;0;0;0;0;0;0;0;0;0;0;0;0;0
Thermovum_Phyllobacteriaceae_Rhizobiales_Alphaproteobacteria_Proteobacteria;0;0;0;0;0;0;0;0;0;0;0;0;0;0;0;0;0;0;0;0;0;0;0;0;0,003642589;0;0;0;0;0;0;0;0;0;0;0;0;0;0;0;0;0;0;0;0;0,003672906;0,008610446
Thiobacillus_Hydrogenophilaceae_Hydrogenophilales_Betaproteobacteria_Proteobacteria;0;0;0;0;0;0;0;0;0;0;0;0;0;0;0;0;0;0;0;0;0;0;0;0;0;0;0;0;0;0;0;0;0;0;0;0;0;0;0;0;0;0;0;0;0;0;0
Thiogranum_Ectothiorhodospiraceae_Chromatiales_Gammaproteobacteria_Proteobacteria;0;0;0;0;0;0;0;0;0;0;0;0;0;0;0;0;0;0;0;0;0;0;0;0;0;0;0;0;0;0;0;0;0;0;0;0;0;0;0;0;0;0;0;0;0;0;0
Thiohalocapsa_Chromatiaceae_Chromatiales_Gammaproteobacteria_Proteobacteria;0;0;0;0;0;0;0;0;0;0;0;0;0;0;0;0;0;0;0;0;0;0;0;0;0;0;0;0;0;0;0;0;0;0;0;0;0;0;0;0;0;0;0;0;0;0;0
Tistrella_Rhodospirillaceae_Rhodospirillales_Alphaproteobacteria_Proteobacteria;0;0;0;0;0;0;0;0;0;0;0;0;0;0;0;0;0;0;0;0;0;0;0;0;0;0;0;0;0;0;0;0;0;0;0;0;0;0;0;0;0;0;0;0;0;0;0
Tropicimonas_Rhodobacteraceae_Rhodobacterales_Alphaproteobacteria_Proteobacteria;0;0;0;0;0;0;0;0;0;0;0;0;0;0;0;0;0;0;0;0;0;0;0;0;0;0;0;0;0;0;0;0;0;0;0;0;0;0;0;0;0;0;0;0;0;0;0
Tumebacillus_Alicyclobacillaceae_Bacillales_Bacilli_Firmicutes;0;0;0;0;0;0;0;0;0;0;0;0;0;0;0;0;0;0;0;0;0;0;0;0;0;0;0;0;0;0;0;0;0;0;0;0;0;0;0;0;0;0;0;0,007279156;0;0;0
uncultured_Alcaligenaceae_Burkholderiales_Betaproteobacteria_Proteobacteria;0;0;0;0;0;0;0;0;0;0;0;0;0;0;0;0;0;0;0;0;0;0;0;0;0;0;0;0;0;0;0;0;0;0;0;0;0;0;0;0;0;0;0;0;0;0;0
uncultured_Aurantimonadaceae_Rhizobiales_Alphaproteobacteria_Proteobacteria;0;0;0;0;0;0;0;0;0;0;0;0;0;0;0;0;0;0;0;0;0;0;0;0;0;0;0;0;0;0;0;0;0;0;0;0;0;0;0;0;0;0;0;0;0;0;0
uncultured_Beijerinckiaceae_Rhizobiales_Alphaproteobacteria_Proteobacteria;0;0;0;0,00748223;0;0,030886668;0,020916564;0;0,063545859;0,029935318;0,049554014;0,043908126;0,01819152;0,045043082;0,050726584;0,021066619;0,041055897;0,016915131;0,048321912;0,064038708;0,03402818;0,040417773;0,050576208;0,032341527;0,005099625;0,010116031;0,025179276;0,009755265;0,054618602;0,020311098;0,024912241;0,032756362;0,036071209;0,019334593;0,037189384;0,076657723;0,035055061;0,099917635;0,032315673;0,044807622;0,039298907;0,152641359;0,139467111;0,041595175;0,046536279;0,138835836;0,157571165
uncultured_Bradyrhizobiaceae_Rhizobiales_Alphaproteobacteria_Proteobacteria;0;0;0;0;0;0;0;0;0;0;0;0;0;0;0;0;0;0;0;0;0;0;0;0;0;0;0;0;0;0;0;0;0;0;0;0;0;0;0;0;0;0;0;0;0;0;0
uncultured_Brucellaceae_Rhizobiales_Alphaproteobacteria_Proteobacteria;0;0;0;0;0;0;0;0;0;0;0;0;0;0;0;0;0;0;0;0;0;0;0;0;0;0;0;0;0;0;0;0;0;0;0;0;0;0;0;0;0;0;0;0;0;0;0
uncultured_Caulobacteraceae_Caulobacterales_Alphaproteobacteria_Proteobacteria;0,63248771;0,75812602;1,06745484;0,15263749;0,24516431;0,1632581;0,0481081;0,03444053;0;0,87346982;0,85699295;0,72221297;0,52876686;0,46496084;0,40655865;1,18297169;1,08722097;1,09384515;1,2329409;5,85598406;1,33087994;0,88551666;1,00550317;0,93020391;0,12749062;0,17703054;0,18934816;2,17420464;0,06794021;0,07447403;0,1336202;0,16895387;0,12943198;0,41792465;0,53642869;0,48058496;0,29011085;0,22954051;1,12084361;0,22521726;0,1978045;0,19625318;0,21440466;0,18093901;0,41624116;0,5920724;0,18684668
uncultured_Chitinophagaceae_Sphingobacteriales_Sphingobacteriia_Bacteroidetes;0;0;0;0;0;0;0;0;0;0;0;0;0;0;0;0;0;0;0;0,021346236;0;0;0;0;0;0;0;0;0;0;0;0;0;0;0;0,008845122;0;0;0,008504125;0;0;0,005688498;0;0,009358914;0,003231686;0;0
uncultured_Colwelliaceae_Alteromonadales_Gammaproteobacteria_Proteobacteria;0;0;0;0;0;0;0;0;0;0;0;0;0;0;0,005221854;0;0;0;0;0;0;0;0;0;0;0;0;0;0;0;0;0;0;0;0;0;0;0;0;0;0;0;0;0;0;0;0
uncultured_Comamonadaceae_Burkholderiales_Betaproteobacteria_Proteobacteria;0,135038434;0,174777556;0,144118617;0,056864946;0,079317866;0,099278576;0,05229141;0,068881065;0,105909765;0,076976533;0,040809188;4,218208246;0,064276705;0,063932116;0,055202459;0,05833833;0,025850009;0,055256095;0,04246471;0,076846449;0,063015149;0,04317353;0,027696495;0,032341527;0,012384803;0,017197252;0,042301184;0,023168754;0,021314577;0,010155549;0,011323746;0;0;0,007436382;0,01126951;0,035380488;0;0,014852621;0,017008249;0,00589574;0,009169745;0,006636581;0;0,008319035;0,003231686;0;0
uncultured_Corynebacteriaceae_Corynebacteriales_Actinobacteria_Actinobacteria;0;0;0;0;0;0;0;0;0;0;0;0;0;0;0;0;0;0;0;0;0;0;0;0;0;0;0;0;0;0;0;0;0;0;0;0;0;0;0;0;0;0;0;0;0;0;0
uncultured_Cryomorphaceae_Flavobacteriales_Flavobacteriia_Bacteroidetes;0;0;0;0;0;0;0;0;0;0;0;0;0;0;0;0;0;0;0;0;0,007561818;0;0;0;0;0;0;0;0;0;0;0;0;0;0;0;0;0;0;0;0;0;0;0;0;0;0
uncultured_Cyclobacteriaceae_Cytophagales_Cytophagia_Bacteroidetes;0;0;0;0;0;0;0;0;0;0;0;0;0;0;0;0;0;0;0;0;0;0;0;0;0;0;0;0;0;0;0;0;0;0;0;0;0;0;0;0;0;0;0;0;0;0;0
uncultured_Cytophagaceae_Cytophagales_Cytophagia_Bacteroidetes;0;0;0;0;0;0;0;0;0;0;0;0;0;0;0;0;0;0;0;0;0;0;0;0;0;0;0;0;0;0;0;0;0;0;0;0;0;0;0;0;0;0;0;0;0;0;0
uncultured_Erythrobacteraceae_Sphingomonadales_Alphaproteobacteria_Proteobacteria;0;0;0;0;0;0;0;0;0;0;0;0;0;0;0;0;0;0;0;0;0;0;0;0;0;0;0;0;0;0;0;0;0;0;0;0;0;0;0;0;0;0;0;0;0;0;0
uncultured_Gemmatimonadaceae_Gemmatimonadales_Gemmatimonadetes_Gemmatimonadetes;0;0;0;0;0;0;0;0;0;0;0;0;0;0;0;0;0;0;0;0;0;0;0;0;0;0;0;0;0;0;0;0;0;0;0;0;0,008461566;0,006751192;0,011905774;0,014149775;0,013099636;0,057833062;0,052039967;0,047834451;0,085316511;0,09623013;0,074910882
uncultured_Geodermatophilaceae_Frankiales_Actinobacteria_Actinobacteria;0;0;0;0;0;0;0;0;0;0;0;0;0;0;0;0;0;0;0;0;0;0;0;0;0;0;0;0;0;0;0;0;0;0;0;0;0;0;0;0;0;0;0;0;0;0;0
uncultured_Holophagaceae_Holophagales_Holophagae_Acidobacteria;0;0;0;0;0;0;0;0;0;0;0;0;0;0;0;0;0;0;0;0;0;0;0;0;0;0;0;0;0;0;0;0;0;0;0;0;0;0;0;0;0;0;0;0;0;0;0
uncultured_Hyphomicrobiaceae_Rhizobiales_Alphaproteobacteria_Proteobacteria;0;0,005674596;0,014656131;0;0,016224109;0;0;0;0;0,006414711;0,023319536;0,0227111;0,023042592;0,018889034;0,014919583;0,016205092;0,021288243;0,021425833;0,017571604;0,031307813;0,027726665;0,014697372;0,012041954;0,018480872;0,01675591;0;0,01913625;0,009755265;0;0,010155549;0,020382743;0;0,012731015;0,03272008;0,025919874;0,041277236;0,088242049;0,094516682;0,132664342;0,278278916;0,307841442;0,720543062;0,813905079;0,825664223;1,054175985;1,234830899;0,824880745
uncultured_Hyphomonadaceae_Caulobacterales_Alphaproteobacteria_Proteobacteria;0;0;0;0;0;0;0;0;0;0;0;0;0;0;0;0;0;0;0;0;0;0;0;0;0;0;0;0;0;0;0;0;0;0;0;0;0;0;0;0;0;0;0;0;0;0;0
uncultured_Methylophilaceae_Methylophilales_Betaproteobacteria_Proteobacteria;0;0;0;0;0;0,011030953;0;0;0;0;0;0;0;0;0;0;0;0;0;0;0;0;0;0;0;0;0;0;0;0;0;0;0;0;0;0;0;0;0;0;0;0;0;0;0;0;0
uncultured_Micromonosporaceae_Micromonosporales_Actinobacteria_Actinobacteria;0;0;0;0;0;0;0;0;0;0;0;0;0;0;0;0;0;0;0;0;0;0;0;0;0;0;0;0;0;0;0;0;0;0;0;0;0;0;0;0;0;0;0;0;0;0;0
uncultured_Nitrosomonadaceae_Nitrosomonadales_Betaproteobacteria_Proteobacteria;0;0;0;0;0;0;0;0;0;0;0;0;0;0;0;0;0;0;0;0;0;0;0;0;0;0;0;0;0;0;0;0;0;0;0;0;0;0;0;0;0;0;0;0;0;0;0
uncultured_Oceanospirillaceae_Oceanospirillales_Gammaproteobacteria_Proteobacteria;0;0;0;0;0;0;0;0;0;0;0;0;0;0;0;0;0;0;0;0;0;0;0;0;0;0;0;0;0;0;0;0;0;0;0;0;0;0;0;0;0;0;0;0;0;0;0
uncultured_Oxalobacteraceae_Burkholderiales_Betaproteobacteria_Proteobacteria;0;0;0;0;0;0;0;0;0;0;0;0;0;0;0;0;0;0;0;0;0;0;0;0;0;0;0;0;0;0;0;0;0;0;0;0;0;0;0;0;0;0;0;0;0;0;0
uncultured_Phycisphaeraceae_Phycisphaerales_Phycisphaerae_Planctomycetes;0;0;0;0;0;0;0;0;0;0;0;0;0;0;0;0;0;0;0;0;0;0;0;0;0;0;0;0;0;0;0;0;0;0;0;0;0;0;0;0;0;0;0;0;0;0;0
uncultured_Phyllobacteriaceae_Rhizobiales_Alphaproteobacteria_Proteobacteria;0;0;0;0;0;0;0;0;0;0;0;0;0;0;0;0,03889222;0,013685299;0;0;0;0;0;0;0;0;0;0;0;0;0;0;0;0;0,010410934;0;0,020638618;0,010879157;0,006751192;0,008504125;0;0,010479709;0;0;0,010398794;0,012280407;0,00661123;0,004305223
uncultured_Pseudomonadaceae_Pseudomonadales_Gammaproteobacteria_Proteobacteria;0;0;0;0;0;0,011030953;0;0;0;0;0;0;0;0;0;0;0;0;0;0;0;0;0;0;0;0;0;0;0;0;0;0;0;0,007436382;0,009015608;0;0;0;0;0;0;0;0;0;0,00452436;0;0
uncultured_Rhodobacteraceae_Rhodobacterales_Alphaproteobacteria_Proteobacteria;0,85870594;0,98397494;0,91845085;0,09277965;0,11176608;0,12134048;0,06274969;0,07653452;0,09531879;0,54952691;0,35270798;0,5390101;0,61244785;0,74539035;0,75045505;0,59796788;0,95797093;0,75441485;0,76290049;1,22812011;1,0586545;1,19048713;1,35592404;1,39530586;0,42035479;0,82243331;1,06155829;0,24266221;0,20914928;0,27589242;0,31480014;0,28618716;0,17823421;0,34653539;0,50600101;0,41719492;0,34329783;0,3065041;0,37418148;0,34313205;0,27771228;0,16212219;0,12073272;0,12478552;0,10664564;0,10284136;0,0714667
uncultured_Rhodobiaceae_Rhizobiales_Alphaproteobacteria_Proteobacteria;0;0;0;0;0;0;0;0;0;0;0;0;0;0;0;0;0;0;0;0;0;0,005511514;0;0;0;0;0;0;0;0;0;0;0;0,007436382;0,007888657;0,008845122;0;0,012152145;0,015307424;0;0;0,008532747;0;0,015598191;0,007109709;0,005876649;0,007749402
uncultured_Rhodospirillaceae_Rhodospirillales_Alphaproteobacteria_Proteobacteria;0,2227557;0,1952061;0,2357194;7,2996633;7,2287419;8,1055442;6,8920078;4,549977;6,9688625;9,3612017;9,2418236;10,3895711;8,8544193;10,3482847;9,0009847;7,1869581;7,4660909;6,7389883;6,0387747;7,1296428;8,6330754;8,7890284;8,9327216;9,3174398;2,6678323;6,5137123;9,3525904;7,2566976;7,561346;8,4121799;9,0635262;9,5183091;6,6477116;6,8533694;11,5929453;10,1453548;16,2522514;17,1777319;15,657794;22,0677538;17,410726;22,6857295;24,3755204;18,3153954;12,3127238;21,0758675;12,5962217
uncultured_Saprospiraceae_Sphingobacteriales_Sphingobacteriia_Bacteroidetes;0;0;0;0;0;0;0;0;0;0;0;0;0;0;0;0;0;0;0;0;0;0;0;0;0;0;0;0;0;0;0;0;0;0;0;0;0;0;0;0;0;0;0;0;0;0;0
uncultured_Sphingomonadaceae_Sphingomonadales_Alphaproteobacteria_Proteobacteria;0;0,011349192;0;0;0;0;0;0;0;0;0;0;0;0;0;0;0;0;0,020500205;0;0;0;0;0;0;0;0;0;0;0;0;0;0;0;0;0;0;0;0;0;0;0;0;0;0;0;0
uncultured_Xanthobacteraceae_Rhizobiales_Alphaproteobacteria_Proteobacteria;0;0;0;0;0;0;0;0;0;0;0;0;0;0;0;0;0;0;0;0;0;0;0;0;0;0;0;0;0,006660805;0;0;0;0;0;0;0;0;0;0;0,011791479;0;0;0;0,015598191;0,013573081;0,007345811;0,012054625
uncultured_Xanthomonadaceae_Xanthomonadales_Gammaproteobacteria_Proteobacteria;0;0;0;0;0;0;0;0;0;0;0;0;0;0;0;0;0;0;0;0;0;0;0;0;0;0;0;0;0;0;0;0;0;0;0;0;0;0;0;0;0;0;0;0;0;0;0
uncultured_Xanthomonadales-Incertae-Sedis_Xanthomonadales_Gammaproteobacteria_Proteobacteria;0;0;0;0;0;0;0;0;0;0;0;0;0;0;0;0;0;0;0;0;0;0;0;0;0;0;0;0;0;0;0;0;0;0;0;0;0;0;0;0;0;0;0;0;0;0;0
Undibacterium_Oxalobacteraceae_Burkholderiales_Betaproteobacteria_Proteobacteria;0;0;0;0;0;0;0;0;0;0;0;0;0;0;0;0;0;0;0;0;0;0;0;0;0;0;0;0;0;0;0;0;0;0;0;0;0;0;0;0;0;0;0;0;0;0;0
Variibacter_Xanthobacteraceae_Rhizobiales_Alphaproteobacteria_Proteobacteria;0;0;0;0;0;0;0;0;0;0;0;0;0;0;0;0;0;0;0;0;0;0;0;0;0;0;0;0;0;0;0;0;0;0;0;0;0;0;0;0;0;0,011376996;0;0,012478552;0;0;0
Variovorax_Comamonadaceae_Burkholderiales_Betaproteobacteria_Proteobacteria;0,018466794;0;0,041525703;0,022446689;0;0,015443334;0,012549938;0;0;0,0288662;0,032064362;0,025739246;0,041234113;0,014530026;0,046250709;0,029169165;0,007602944;0,049617718;0,024893106;0,051230966;0,007561818;0,021127472;0,012041954;0;0,012384803;0,009104428;0,008057368;0,007316449;0,009325127;0;0;0;0;0;0,019158168;0;0,006043976;0,00810143;0;0,016508071;0;0;0;0;0,005817035;0,003672906;0
Vitellibacter_Flavobacteriaceae_Flavobacteriales_Flavobacteriia_Bacteroidetes;0;0;0;0;0;0;0;0;0;0;0;0;0;0;0;0;0;0;0;0;0;0;0;0;0;0;0;0;0;0;0;0;0;0;0;0;0;0;0;0;0;0;0;0;0;0;0
Williamsia_Nocardiaceae_Corynebacteriales_Actinobacteria_Actinobacteria;0;0;0;0;0;0;0;0;0;0;0;0;0;0;0;0;0;0;0;0,007115412;0;0;0;0;0;0;0;0;0;0;0;0;0;0;0;0;0;0;0;0;0;0;0;0;0;0;0
Xanthobacter_Xanthobacteraceae_Rhizobiales_Alphaproteobacteria_Proteobacteria;0;0;0;0;0;0;0;0;0;0;0;0;0;0;0;0;0;0;0;0;0;0;0;0;0;0;0;0;0;0;0;0;0;0;0;0;0;0;0;0;0;0;0;0;0;0;0
Xylophilus_Comamonadaceae_Burkholderiales_Betaproteobacteria_Proteobacteria;0;0;0;0;0;0;0;0;0;0;0;0;0;0;0;0;0;0;0;0;0;0;0;0;0;0;0;0;0;0;0;0;0;0;0;0;0;0,009451668;0;0;0;0;0;0;0;0;0
Yangia_Rhodobacteraceae_Rhodobacterales_Alphaproteobacteria_Proteobacteria;0;0;0;0;0;0;0;0;0;0;0;0;0;0;0;0;0;0;0;0;0;0;0;0;0;0;0;0;0;0;0;0;0;0;0;0;0;0;0;0;0;0;0;0;0;0;0
Youngimonas_Rhodobacteraceae_Rhodobacterales_Alphaproteobacteria_Proteobacteria;0;0;0;0;0;0;0;0;0;0;0;0;0;0;0;0;0;0;0;0;0;0;0;0;0;0;0;0;0;0;0;0;0;0;0;0;0;0;0;0;0;0;0;0;0;0;0
