species;44;62;69;72;76;79;83;86;91;98;105;112;119;126;133;140
X1;0;0;0;0;0;0;0;0;0;0;0;0;0;0;0;0
X2;0;0;0;0;0;0;0;0;0;0;0;0;0;0;0;0
X3;0;0;0;0;0;0;0;0;0;0;0;0;0;0;0;0
X4;0;0;0;0;0;0;0;0;0;0;0;0;0;0;0;0
X5;0;0;0;0;0;0;0;0;0;0;0;0;0;0;0;0,145737874
X6;0;0;0;0;0;0;0;0;0;0;0;0;0;0;0;0
X7;0;0;0;0;0;0;0;0;0;0;0;0;0;0;0;0
X8;0;0;0;0;0;0;0;0;0;0;0;0;0;0;0;0
X9;0;0;0;0;0;0;0;0;0;0;0;0;0;0;0;0
X10;0;0;0;0;0;0;0;0;0;0;0;0;0;0;0;0
X11;0;0;0;0;0;0;0;0;0;0;0;0;0;0;0;0
X12;3,099135692;22,14975969;9,835819523;14,46314759;27,37261325;16,85183173;11,46592643;11,64017965;10,67304175;6,8621501;6,593666247;21,75001379;19,56635465;33,25785983;23,72551912;17,02491903
X13;0;0;0;0;0;0;0;0;0;0;0;0;0;0;0;0
X14;0;0;0;0;0;0;0;0;0;0;0;0;0;0;0;0
X15;0;0;0;0;0;0;0;0;0;0;0;0;0;0;0;0
X16;0;0;0;0;0;0;0;0;0;0;0;0;0;0;0;0
X17;0,19584576;0;0;0;0;0;0;0;0;0;0;0;0;0;0;0
X18;0;0;0;0;0;0;0;0;0;0;0;0;0;0;0;0
X19;0;0;0;0;0;0;0;0;0;0;0;0;0;0;0;0
X20;0;0;0;0;0;0;0,526268918;0;0;0;0;0;0,78300441;0;0;0
X21;0,39169152;0;0;0;0;0;0;0;0;0;0;0;0;0;0;0
X22;3,229434453;0;0;0;0;0;0;0;0;0;0;0;0;0;0;0
X23;0;0;0;0;0;0;0;0;0;0;0;0;0;0;0;0
X24;0,989347231;0;0;0;0;0;0;0;0;0;0;0;0,378073485;0;0;0
X25;0;0;0;0;0;0;0;0;0;0;0;0;0;0;0;0
X26;0;0;0;0;0;0;0;0;0;0;0;0;0;0;0;0
X27;0;0;0;0;0;0;0;0;0;0;0;0;0;0;0;0
X28;0;0;0;0;0;0;0;0;0;0;0;0;0;0;0;0
X29;0;0;0;0;0;0;0;0;0;0;0;0;0;0;0;0
X30;0;0;0;0;0;0;0;0;0;0;0;0;0;0;0;0
X31;0;0;0;0;0;0;0;0;0;0;0;0;0;0;0;0
X32;0,288311806;0;0;0;0;0;0;0;0;0;0;0;0;0;0;0
X33;0;0;0;0;0;0;0;0;0;0;0;0;0;0;0;0
X34;0;0;0;0;0;0;0;0;0;0;0;0;0;0;0;0
X35;0,432467709;15,50549712;47,21950827;354,5052685;73,8517015;69,50760843;113,7468618;330,3674838;3,206028035;291,2410102;1,453400594;394,2575978;136,8066698;1251,007168;166,76272;111,6102063
X36;0;0;0;0;0;0;0;0;0;0;0;0;0;0;0;0
X37;0;0;0;0;0;0;0;0;0;0;0;0;0;0;0;0
X38;3,257148737;0;0,272945135;0;0;0;0;0;0;0;0;0;0;0;0;0
X39;0;0;0;0;0;0;0;0;0;0;0;0;0;0;0;0
X40;0;0;0;0;0;0;0;0;0;0;0;0;0;0;0;0
X41;0;0;0;0;0;0;0;0;0;0;0;0;0;0;0;0
X42;0;0;0;0;0;0;0;0;0;0;0;0;0;0;0;0
X43;0;0;0;0;0;0;0;0;0;0;0;0;0;0;0;0
X44;0;0;0;0;0;0;0;0;0;0;0;0;0;0;0;0
X45;0;0;0;0;0;0;0;0;0;0;0;0;0;0;0;0
X46;0;0;0;0;0;0,374743138;0;0;0;0;0;0;0;0;0;0
X47;0;0;0;0;0;0;0;0;0;0;0;0;0;0;0,363065076;0
X48;0;0;0;0;0;0;0;0;0;0;0;0;0;0;0;0
X49;0;0;0;0;0;0;0;0;0;0;0;0;0;0;0;0
X50;0;0;0;0;0;0;0;0;0;0;0;0;0;0;0;0
X51;0;0;0;0;0;0;0;0;0;0;0;0;0;0;0;0
X52;0;0;0;0;0;0;0;0;0;0;0;0;0;0;0;0
X53;0;0;0;0;0;0;0;0;0;0;0;0;0,378073485;0;0;0
X54;0,288311806;0;0;0;0;0;0;0;0;0;0;0;0;0;0;0
X55;0;0;0;0;0,361372396;0,364953823;0;0;0;0;0;0;0;0;0;0
X56;0;0;0;0;0;0;0;0;0;0;0;0;0;0;0;0
X57;0;0;0;0;0;0;0;0;0;0;0;0;0;0;0;0
X58;0;0;0;0;0;0;0;0;0;0;0;0;0;0;0;0
X59;0;0;0;0;0;0;0;0,337626415;0,461086488;0;0;0;0,378073485;0;0,363065076;0
X60;0;0;0;0;0;0;0;0;0;0;0;0;0;0;0;0
X61;0,233678475;0;0;0;0;0;0;0;0;0;0;0;0;0;0;0
X62;0;0;0;0;0;0;0;0;0;0;0;0;0;0;0;0
X63;0,144155903;0;0;0;0;0;0;0;0;0;0;0;0;0;0;0
X64;0;0;0,222205402;0;0;0;0;0;0;0;0;0;0;0;0;0
X65;0;0;0;0;0;0;0;0;0;0;0;0;0;0;0;0
X66;0;0;0;0;0;0;0;0;0;0;0;0;0;0;0;0
X67;0;0;0;0;0;0;0;0,30842555;0;0;0;0,453374573;0;0,486606795;0;0,35610206
X68;0;0;0;0;0;0;0;0;0;0;0;0;0;0;0;0
X69;0;0;0;0;0;0;0;0;0;0;0;0;0;0;0;0
X70;0;0;0;0;0;0;0;0;0;0;0;0;0;0;0;0
X71;0,377834378;0;0;0;0;0;0;0;0;0;0;0;0;0;0;0
X72;0;0;0;0;0;0;0;0;0;0;0;0;0;0;0;0
X73;0;0;0,444410804;0;0;0;0;0;0;0;0;0;0;0;0;0
X74;0;0;0;0;0;0;0;0;0;0;0;0;0;0;0;0
X75;0;0;0;0;0;0;0;0;0;0;0;0;0;0;0;0
X76;0;0;0;0;0;0;0;0;0;0;0;0;0;0;0;0
X77;0;0;0;0;0;0;0;0;0;0;0;0;0;0;0;0
X78;0;0;0;0;0;0;0;0;0;0;0;0;0;0;0;0
X79;0;0;0;0;0;0;0;0;0;0;0;0;0;0;0;0
X80;0,288311806;0;0;0;0;0;0;0;0;0;0;0;0;0;0;0
X81;0;0;0;0;0;0;0;0;0;0;0;0;0;0;0;0
X82;0;0;0;0;0;0;0;0;0;0;0;0;0;0;0;0
X83;0;0;0;0;0;0;0;0;0;0;0;0;0;0;0;0
X84;0;0;0;0,625319334;0;0;0;0;0;0;0;0;0;0;0;0
X85;0;0;0;0;0;0;0;0;0;0;0;0;0;0;0;0
X86;0;0;0;0;0;0;0;0;0;0;0;0;0;0;0;0
X87;0;0;0;0;0;0;0;0;0;0;0;0;0;0;0;0
X88;0;0;0;0;0;0;0;0;0;0;0;0;0;0;0;0
X89;0;0;0;0;0;0;0;0;0;0;0;0;0;0;0;0
X90;0;0;0;0;0;0;0;0;0;0;0;0;0;0;0;0
X91;0;0;0;0;0;0;0;0;0;0;0;0;0;0;0;0
X92;0;0;0;0;0;0;0;0;0;0;0;0;0;0;0;0
X93;0;0;0;0;0;0;0;0;0;0;0;0;0;0;0;0
X94;0;0;0;0;0;0;0;0,349982276;0;0;0;0;0;0;0;0
X95;0;0;0;0;0;0;0;0;0;0;0;0;0;0;0;0
X96;372,3219721;4,414040624;2,727491033;3,836671835;9,132445245;8,524817928;9,433626322;4,688590655;6,322351452;19,50508044;15,542012;16,71328153;12,26889793;23,68952509;35,9024404;66,92298827
X97;0;0;0;0;0;0;0;0;0;0;0;0;0;0;0;0
X98;0;0;0;0;0;0;0;0;0;0;0;0;0;0;0;0
X99;0;0;0;0;0;0;0;0;0;0;0;0;0;0;0;0
X100;0;0;0;0;0;0;0;0;0;0;0;0;0;0;0;0
X101;13,34468603;0;0,997158725;0,612453867;0,436804679;0,361868615;0,526268918;1,049946827;0;0;0;0,453374573;0,350661838;0,486606795;0,875965791;0
X102;0;0;0;0;0;0;0;0;0;0;0;0;0;0;0;0
X103;0;0;0;0;0;0;0;0;0;0;0;0;0;0;0;0
X104;0,233678475;0;0;0,416879556;0,436804679;0;0;0,30842555;0,378548882;0,457481228;0;0;0;0,486606795;0,363065076;0,811113455
X105;0;0;0;0;0;0;0;0;0;0;0;0;0;0;0;0
X106;20,36213709;0;2,933244966;0,696191899;0;0,749486276;0;1,275258925;1,844345951;1,562732296;5,997397002;0,638966809;1,753309191;2,028327753;7,516006901;4,16629365
X107;0;0;0;0;0;0;0;0;0;0;0;0;0;0;0;0
X108;0;0;0;0;0;0;0,330316464;0,349982276;0;0;0;0;0;0;0;0
X109;0;0;0;0;0;0;0;0;0;0;0;0;0;0;0;0
X110;0;0;0;0;0;0;0;0;0;0;0;0;0;0;0;0
X111;0;0;0;0;0;0;0;0;0;0;0;0;0;0;0;0
X112;0;0;0;0;0;0;0;0;0;0;0;0;0;0;0;0
X113;0;0;0;0;0;0;0;0;0;0;0;0;0;0;0;0
X114;10,11819505;0;0;0,782297245;0,436804679;0;0;0;0;0;0;0;0,75614697;0;0;0
X115;0;0;0;0;0;0;0;0;0;0;0;0;0;0;0;0
X116;0;0;0;0;0;0;0;0;0;0;0;0;0;0;0;0
X117;0;0;0;0;0;0;0;0;0;0;0;0;0;0;0;0
X118;0;0;0;0;0;0;0;0;0;0;0;0;0;0;0;0
X119;0;0;0;0;0;0;0;0;0;0;0;0;0;0;0;0
X120;0;0;0;0;0;0;0;0;0;0;0;0,229526257;0;0;0;0
X121;0;0;0;0;0;0;0;0;0;0;0;0;0;0;0;0
X122;23,69993081;12,25178876;7,777739696;10,04099562;9,207877528;10,69602962;9,618391655;11,94116659;6,815728482;10,46710821;30,54156641;3,661064226;3,036908187;10,24281532;3,635270896;1,767964783
X123;0;0;0;0;0;0;0;0;0;0;0,290680119;0;0,350661838;0;0;0
X124;0;0;0,272945135;0;0;0;0;0;0;0;0;0;0;0;0;0
X125;0;0;0;0;0;0;0;0;0;0;0;0;0;0;0;0
X126;0;0;0;0;0;0;0;0;0;0;0;0;0;0;0;0
X127;0,288311806;0;0;0;0;0;0;0;0;0;0;0;0;0;0;0
X128;0;0;0;0;0;0;0;0;0;0;0;0;0;0;0;0
X129;0;0;0;0;0;0;0;0;0;0;0;0;0;0;1,089195227;0
X130;0;0;0;0;0;0;0;0;0;0;0;0;0;0;0;0
X131;10,78771249;32,96127009;47,90164431;24,5825788;34,81056899;19,07050586;29,00072609;20,24933293;27,70966639;52,1926685;24,96639168;19,88689331;21,60831743;20,22065293;19,93295885;20,35559224
X132;0;0;0;0;0;0;0;0;0;0;0;0;0;0;0;0
X133;0;0;0;0;0;0;0;0;0;0;0;0;0;0;0;0
X134;1,833250551;6,435866593;2,559454191;9,375505374;5,582802036;3,298526315;7,843632446;4,60098806;5,016234842;2,973593821;3,8883495;8,704063808;9,354510842;7,279825938;11,2772511;10,10784534
X135;9,488593572;0;0,717355938;2,103808478;0,722744791;0;1,186901846;0;7,594403628;0,457481228;0,805779421;2,873261533;7,29027177;4,36018517;2,105809029;1,084791429
X136;0;0;0;0;0;0;0;0;0;0;0;0;0;0;0;0
X137;0,46735695;0;0;0;0;0;0;0;0;0;0;0;0;0;0;0
X138;1,112471036;2,946283554;6,994661073;2,876400374;2,184023395;4,364553532;1,65158232;0,925276649;1,173331943;3,260929815;19,88198068;2,74863714;1,875830292;11,76526029;2,604901978;0
X139;0,233678475;0;0,272945135;0,195574311;0;0,723737231;0;0;1,51419553;0;0;0;0;0,38543024;0;0
X140;24,53113968;16,35135708;13,70862583;11,5848299;8,372531685;8,796564883;8,504265374;10,55248178;12,75953105;5,777042409;8,275088208;4,424655428;16,90366023;8,233763546;6,898341739;4,83633744
X141;0;0;0;0;0;0;0;0;0;0;0;0;0;0;0;0
X142;0;0;0;0;0;0;0;0;0;0;0;0;0;1,845250623;0,857590536;0,799880463
X143;0;0;0;0;0;0;0;0;0;6,924449147;0;0;0;0;0;0
X144;0;0;0;0;0;0;0;0;0;0;0;0;0;0;0;0
X145;289,5629571;55,156987;100,8429944;59,45083319;66,90482121;55,33353238;33,49079258;27,88895872;33,17627456;21,23802629;63,04090534;44,74117417;41,51648635;47,65850721;36,90159854;49,827167
X146;0;0;0;0;0;2,248458828;0,330316464;0,349982276;0;0,457481228;0,402889711;0,453374573;1,051985515;2,312581437;0,285863512;0
X147;0;0;0;0;0;0;0;0;0;0;0;0;0;0;0;0
X148;0;0;0;0;0;0;0;0;0;0;0;0;0;0;0;0
X149;22,14738933;2,357026843;1,579439597;2,690531411;2,033158828;0,749486276;1,321265856;0;0,391110648;0;1,160919384;0,958450213;1,051985515;0,486606795;0,875965791;0,746487143
X150;0;0;0;0;0;0;0;0;0;0;0;0;0;0;0;0
X151;0;0;0;0;0;0;0;0;0;0;0;0;0;0;0;0
X152;0;0;0;0;0;0;0;0;0;0;0;0;0;0;0;0
X153;0;0;0;0;0;0;0;0,349982276;0,782221296;0;0,290680119;0;0;0;0,648928588;0
X154;0,58753728;0;0,272945135;0;0;0;0;0;0;0;0;0;0;0;0,363065076;0
X155;0;0;0;0;0;0;0;0;0;0;0;0;0;0;0;0
X156;0;0;0;0;0;0;0;0;0;0;0;0;0;0;0;0
X157;0,19584576;0;0,225634228;0;1,084117187;0;0;0;0;0;0;0;8,660926318;0,872037034;0;0,437213622
X158;0;0;0;0;0;0;0;0;0,378548882;0;0;0;0;0,38543024;1,089195227;0
X159;0;0;0;0;0;0;0;0;0;0;0;0;0;0;0;0
X160;0;0;0;0;0;0;0;0;0;0;0;0;0;0;0;0
X161;0;0;0;0;0;0;0;0;0;1,372443684;0;0;0;0;0;0
X162;0;0;0;0;0;0;0;0;0;0;0;0;0;0;0;0
X163;0,82415923;0,939727098;0,545890269;0,625319334;0;0,361868615;2,569756146;1,321304794;0,782221296;0;1,742279622;0;0;0;0;0
X164;0;0;0;0;0;0;0;0;0;0;0;0;0;0;0;0
X165;11,02304643;0,589256711;0;0,635024683;0;0;0,856585382;0;0;0,629495377;0;1,098019322;0;0;0;0,291475748
X166;0,340001663;0;0;0,660755617;0;0;1,321265856;0;0;0;2,417338264;0;0;0;0,648928588;0,145737874
X167;0;0;0;0;0;0;0;0;0;0;0;0;0;0;0;0
X168;0;0;0;0;0;0;0;0;0;0;0;0;0;0;0;0
X169;0,46735695;0;0;0;0;0;0;0;0;0;0;0;0;0;0;0
X170;0;0;0;0;0;0;0;0;0;0;0;0;0;0;0;0
X171;31,44810734;3,321982603;2,108185734;3,031010971;0,873609358;0;0,660632928;4,459472878;1,313283623;0;0,290680119;0,638966809;2,727086716;1,946427178;1,815325379;1,814793322
X172;1,319230464;0;0;0;0;0;0;0;0;0;0;0;0;0;0;0
X173;0;0;0;0;0;0;0;0;0;0;0;0;0;0;0;0
X174;14,44201192;4,030632475;4,664211098;1,725525322;3,327783843;2,965491952;2,239439682;0,30842555;1,300721858;3,90683074;1,453400594;1,008062174;0,350661838;0;0;0,327071295
X175;0;0;0;0;0;0;0;0;0;0;0;0;0;0;0;0
X176;0;0;0;0;0;0;0;0;0;0;0;0;0;0;0;0
X177;0;0;0;0;0;0;0;0;0;0;0,402889711;0;0;0;0;0
X178;0;2,357026843;16,28110266;4,650227445;2,680471336;8,176357523;3,818246435;1,346016516;1,243307783;0;1,274029521;0,638966809;0;0;0;1,201498538
X179;0,144155903;1,178513421;1,815994129;0,416879556;1,15954947;0,723737231;1,578806754;0,616851099;1,564442591;2,17395321;0;0;0;0;0,571727024;0,857941993
X180;0;0;0;0;0;0;0;0;0;0;0;0;0;0;0;0
X181;0;0,637463985;0;0;0;0;0;0;0;0;0;0;0;0;0;0
X182;0;0;0;0;0;0;0;0;0;0;0;0;0;0;0;0
X183;0;0;1,222792953;1,171078554;0;0;0;1,850553298;1,218184252;0;1,162720475;0;1,106808808;0;0;0
X184;0;0;0;0;0;0;0;0;0;0;0;0;0;0;0;0
X185;408,5600302;60,06066079;23,02465921;29,75621965;24,65474457;24,72197132;21,02272964;23,20934636;19,91797172;16,13069769;8,179588712;3,976958795;9,921694823;10,16091474;5,441461298;5,064499399
X186;0,951514516;0;0;0,487752121;0;0;0;0;0;0;0,805779421;0;0;0;0;0
X187;0;0;0;0;0,873609358;0;0;0,337626415;0,922172975;0;0;0;0,701323676;0;0,363065076;0,145737874
X188;0;0;0;0;0;0;0;0;0;0;0;0,453374573;0;0;0;0,163535647
X189;0;0;0;0;0;0;0;0;0;0;0;0;0;0;0;0
X190;0;0;0;0;0;0;0;0;0;0;0;0;0;0;0;0
X191;0;0;0;0;0;0;0;0;0;0;0;0;0;0;0;0,145737874
X192;0;0;0;0;0;0;0;0;0;0;0;0;0;0;0;0
X193;152,1343826;1593,641915;4955,749603;1371,031322;2665,529674;2786,940358;3724,179811;5003,345854;9202,256479;13074,48006;6919,013485;5833,453691;6811,361507;10678,97911;7772,021756;8191,472112
X194;0;0;0;0;0;0;0;0;0;0;0;0;0;0;0;0
X195;0;0;0;0;0;0;0;0;0;0;0;0;0;0;0;0
X196;0;0;0;0;0;0;0;0;0;0;0;0;0;0;0;0
X197;0;0;0;0;0;0;0;0;0;0;0;0;0;0;0;0
X198;1,504162556;0;4,07233641;0,195574311;0,986210409;0;0;4,788549111;12,15494673;16,42177151;3,197481307;7,45303039;7,642042018;11,19195628;4,792480059;15,17234474
X199;0;0;0;0;0;0;0;0;0;0;0;0;0;0;0;0
X200;10,24634558;14,52236021;16,45879216;16,64380606;10,87966396;10,71198935;19,63987534;14,49955116;13,54175235;10,80933592;15,81508148;7,513998232;7,923897636;24,65794202;10,81398906;6,647775075
X201;0,144155903;0;0;0;0;0;0;0;0;0;0;0;0;0;0;0
X202;0;0;0;0;0;0;0;0;0;0;0;0;0;0;0;0
X203;16,29543434;1,767770132;3,710934453;1,994339512;4,672023911;2,558829353;7,317363528;2,91734513;7,499304255;10,8092676;13,22525541;3,976958795;3,752768995;9,611683357;4,089345302;4,038353549
X204;0;0;0;0;0;0;0;0;0;0;0;0;0;0;0;0
X205;0;0;0;0;0;0;0;0;0;0;0;0;0;0;0;0
X206;0;0,637463985;0,222205402;0;0,493105204;0,361868615;0;0;0,757097765;0;0;0;0;0;0;0
X207;0;0;0;0;0;0;0;0;0;0;0;0;0;0;0;0
X208;0;0;0;0;0;0;0;0;0;0;0;0;0;0;0;0
X209;0;0;0;0;0;0;0;0;0;0;0;0;0;0;0;0
X210;4,613416679;1,274927971;0,225634228;0;0;0;0;0;0;0;0;0;0;0;0;0,309273521
X211;0;0;0;0;0;0;0;0;0;0;0;0;0;0;0;0
X212;0;0;0;0;0;0;0;0;0;0;0;0;0;0;0;0
X213;0;0;0;0;0;0;0;0;0;0;0;0;0;0;0;0
X214;0;0;0;0;0;0;0;0;0;0;0;0;0;0;0;0
X215;60,23586142;5,089752735;97,13378812;30,38730251;21,92131545;38,30731314;24,92493876;44,27950834;33,28216344;199,6342685;116,8573563;85,10461615;53,62715817;85,63782046;90,25100611;72,83375921
X216;0;0;0;0;0;0;0;0;0;0;0;0;0;0;0;0
X217;0;0;0;0;0;0;0;0;0;0;0;0;0;0;0;0,145737874
X218;0;0;0;0;0;0;0;0;0;0;0;0;0;0;0;0
X219;0;0;0;0;0;0;0;0;0;0;0;0;0;0;0;0
X220;1,32640542;0;0,225634228;0;2,202060404;0,729907647;0,330316464;0;0;0;0;0;0;0,486606795;4,356833559;22,76238463
X221;0;0;0;0;0;0;0;0;0;0;0;0;0;0;0;0
X222;0;0;0;0;0;0;0;0,337626415;0;0;0;0;0;0;0;0
X223;0,484157566;0,637463985;0;0;0;0;0;0;0;0;0;0;0;0;0;0,582951496
X224;0;0;0;0;0;0;0;0;0;0;0;0;0;0;0;0
X225;0;0;0;0;0;0;0;0;0;0;0;0;0;0;0;0
X226;0;0;0;0;0;0;0;0;0;0;0;0;0;0;0;0
X227;0;0;0;0;0;0;0;0;0;0;0;0;0;0;0;0
X228;0;0;0;0;0;0;0;0;0;0;0;0;0;0;0;0
X229;0;0;0;0;0;0;0;0;0;0;0;0;0;0;0;0
X230;0;0,589256711;1,117884662;0,977871556;5,277730166;0;0;0,349982276;0;0;2,434948906;0;0,728735323;0;0,726130151;0
X231;0;0;0;0;0;0;0;0;0;0;0;0;0,391502205;0;0;0
X232;0,144155903;0;0;0;0;0;0;0;0;0;0;0;0;0;0;0
X233;0;0;0,222205402;1,654652757;0;0;0;0;0;0;0,290680119;0;0;0,770860479;0,363065076;0
X234;0;0;0;0;0;0;0;0;0;0;0;0;0;0;0;0
X235;0;0;0;0;0;0;0;0;0;0;0;0;0;0;0;0
X236;0;0;0;0;0;0;0;0;0;0;0;0;0;0;0;0
X237;0;0;0;0;0;0;0;0;0;0;0;0;0;0;0;0
X238;307,9196841;648,8363232;787,9052524;271,1347655;412,5199171;433,3381493;525,8311976;701,0837224;852,3394124;1127,525443;582,6386046;236,5274021;306,7707488;228,7917119;147,4158442;101,9229748
X239;0;0;0;0;0;0;0;0;0;0;0;0;0;0;0;0
X240;0;0;0;0;0;0;0;0;0;0;0;0;0;0;0;0
X241;0,288311806;0;0;0;0;0;0;0;0;0;0;0;0;0;0;0
X242;3,075160119;0;0;0;0;0;0;0;0;0;0;0;0;0;0;0
X243;59,60656241;92,51717691;15,60762881;30,17287421;27,48942321;16,44878803;14,23163503;16,07737956;11,0264671;3,240786437;7,130878918;29,37517098;36,66134219;17,35884011;14,01904789;32,18457599
X244;0;0;0;0,208439778;0;0;0;0;1,135646647;1,410861525;1,676919232;2,043024549;1,457470646;0,38543024;1,770306836;1,447458271
X245;0,144155903;1,74479152;1,438140702;1,224907734;1,347582804;1,111354891;0;1,979712619;2,700089238;1,696328604;1,966698806;0,319483404;1,808132484;3,690501246;0,295051139;1,483053818
X246;0;0;0;0;0;0;0;0;0;0;0;0;0;0;0;0
X247;0;0;0;0;0;0;0;0;0;0;0;0;0;0;0;0
X248;0;0;0;0;0;0;0;0;0;0;0;0;0;0;0;0
X249;0;0;0;0;0;0;0;0;0;0;0;0;0;0;0;0
X250;0,46735695;0;0;0,975504242;0,493105204;0;0;0;0;0;0;0,638966809;0;0;0,295051139;0,472809169
X251;1,274715563;3,728369363;8,199617231;5,628099001;10,75928269;13,5652295;9,484027642;12,46143681;28,58344091;39,14195659;27,51535126;23,65854757;21,4712592;42,42628501;32,73961916;36,47136556
X252;0;0;0;0;0;0;0;0;0;0;0;0;0;0;0;0
X253;0;0;0;0;0;0;0;0;0;0;0;0;0,75614697;0;0;0
X254;0;0;0;0;0;0;0;0;0;0;0;0;0;0;0;0
X255;9,728586779;0;0;0;0;0,374743138;0;0;0;0;0;0;0;0;0;0
X256;12,28096138;11,22335622;24,28531128;9,345596522;14,70055301;16,57860064;14,3044106;9,089661804;12,20519379;12,3171765;25,20333932;2,917195554;2,267332497;19,73404614;12,67987272;11,24136188
X257;0;0;0;0;0;0;0;0;0;0;0;0;0;0;0;0
X258;0;0;0;0;0;0;0;0;0;0;0;0;0;0;0;0
X259;18,91550417;3,631954814;0,222205402;2,462680936;4,694498406;1,834558431;1,321265856;0;0,461086488;0;2,32363986;1,960834447;1,051985515;0,770860479;3,331032129;1,039275414
X260;0;0;0;0;0;0;0;0;0;0;0;0;0;0;0;0
X261;0;0;0;0;0;0;0;0;0;0;0;0;0;0;0;0
X262;0;0;0;0;0;0;0;0;0;0;0;0;0;0;0;0
X263;0,66320271;1,178513421;0,272945135;3,838246345;11,17695561;5,136169954;18,62089887;4,825616694;11,05513678;0;0,805779421;0,68857877;13,28421754;9,73213589;2,555263296;1,604429136
X264;0;0;0;0;0;0;0;0;0;0;0;0;0;0;0;0
X265;0;0;0;0;0;1,085605846;0;0;0;0;0;0;0;0;0;0
X266;1,071694846;1,178513421;3,439315806;4,18504614;4,464858819;4,736211462;11,1971984;12,7152663;11,02284624;32,17376089;11,42031704;12,56208638;15,5497399;28,65676959;25,57384182;29,96174424
X267;0,288311806;0;0,545890269;0;0;0;0;0;0;0;0;0;0;1,156290719;0;0
X268;0;0;0;0;0;0;0;0;0;0;0;0;0;0;0;0
X269;3,801826583;1,274927971;6,879407462;3,073785289;0;0,723737231;0;0,337626415;0;0;2,033860286;0,68290083;0;0;0;0,145737874
X270;0;0;0;0;0;0;0;0;0;0;0;0,453374573;0;0;0;0
X271;443,3818014;12473,55644;12306,9937;19991,40715;23870,94967;22976,68898;18766,07535;31175,30786;24579,74492;16633,61016;13573,00163;12189,81948;20343,83416;9149,225073;10096,81596;5322,504893
X272;0;0;0;0;0;0;0;0;0,378548882;0,629495377;0;0;0;0;0,590102279;0,291475748
X273;0;0;0;0;0;0;0;0;0;0;0;0;0;0;0;0
X274;0;0;0;0;0;0;0;0;0;0;0;0;0;0;0;0
X275;214,1061565;0,939727098;1,168624395;0,696191899;0,986210409;3,343320298;0;0;0;0;1,162720475;0,459052513;0;0,486606795;1,161829303;0
X276;0;0;0;0;0;0;0;0;0;0;0;0;0;0;0;0
X277;76,77846391;2,166447794;5,867123755;1,748096138;1,310414037;4,781005445;2,7657086;0,646051964;0,782221296;0;0;0,453374573;0;7,058196847;12,61099184;34,82827837
X278;0;0;0;0;0;0;0;0;0;0;0;0;0;0;0;0
X279;0,144155903;0;0;0;0;0;0;0;0;0;0;0;0;0;0;0
X280;0;0;0;0;0;0;0;0;0;0;0;0;0;0;0;0
X281;0;0;0;0;0;0;0;0;0;0;0;0;0;0;0;0
X282;0;0;0;0;0;0;0;0;0;0;0;0;0;0;0;0
X283;0;0;0;0;0;0;0;0;0;0;0;0;0;0;0;0
X284;0;0;0;0;0;0;0;0;0;0;0;0;0;0;0;0
X285;0;0;0;0;0;0;0;0;0;0;0;0;0;0;0;0
X286;7,076268707;3,39316849;0,666616205;5,836538779;65,75945036;5,830539241;9,226486747;20,58807091;16,2490086;11,08019804;14,01792692;80,56970048;48,53193994;103,830235;35,53578008;44,81533244
X287;0;0;0;0;0;0;0;0;0;0;0;0;0;0;0;0
X288;7,703294168;23,99096575;26,4304626;16,86804642;13,39457646;16,83332049;16,2974965;9,427288219;5,26924241;4,691934719;0;1,736986131;0,76957569;1,358643829;2,105809029;1,894592361
X289;0;0;0;0;0;0;0;0;0;0;0;0;0;0;0;0
X290;0;0;0;0;0;0;0;0;0;0;0;0;0;0;0;0
X291;0;0;0;0;0;0;0;0;0;0;0;0;0;0;0;0
X292;554,3717963;183,3855308;60,9968389;40,27798326;67,73302442;52,55605523;17,15408188;48,72166524;35,47616283;8,59502763;26,06825449;16,41233167;24,79223983;4,846791965;19,42197214;30,17414942
X293;0;0;0;0;0;0;0;0;0;0;0;0;0;0;0;0
X294;0;0;0;0;0;0;0;0;0;0;0;0;0;0;0;0,291475748
X295;13,68425991;25,48635022;10,63065314;0,404014089;0,798177075;4,358383115;1,578806754;0,925276649;1,761808345;0;2,997797956;0,906749146;0,350661838;0;0,726130151;0,145737874
X296;0;0;0;0;0;0;0;0;0;0;0;0;0;0;0;0
X297;1,112471036;0;0;0;0;0;0;0;0;0;0;0;0;0;0;0
X298;0;0;0;0;0;0;0;0;0;0;0;0;0;0;0;0
X299;0;0;0;0;0;0;0;0;0;0;0;0;0;0;0;0
X300;0;0;0;0;0;0;0;0;0;0;0;0;0;0;0;0
X301;0;0;0;0;0;0;0;0;0;0;0;0;0;0;0;0
X302;0;0;0;0;0;0;0;0;0;0;0;0;0;0;0;0
X303;0;0;0;0;0;0;0;0;0;0;0;0;0;0;0;0
X304;0,46735695;0;0;0,243876061;0;0;0,526268918;0;0;0;1,451599503;0;0;0;0;0
X305;0;0;0;0;0;0;0;0;0;0;0;0;0;0;0;0
X306;574,5338274;6626,360588;15228,53726;10912,46786;14237,64798;18254,45124;22900,1269;24648,6655;31326,59242;41940,28183;24787,65184;21527,8959;21808,07706;26120,03656;22878,28281;19235,56216
X307;2,300607501;1,879454196;8,173513109;15,4139276;13,27419518;6,952217137;8,761806271;2,596563719;34,8914567;2,631434438;7,241287419;6,38340077;2,227046336;8,132586991;5,532417977;7,470705572
X308;0;2,214655069;12,82063891;16,15629003;7,1747187;30,82574166;15,41853687;32,43197316;30,81535136;88,93383433;84,73863534;38,39961831;28,26274651;37,16030749;129,6673116;18,80586895
X309;12,0131889;18,33718497;29,71208688;25,32729745;10,63089262;27,6421356;21,08431808;14,48608372;16,39080888;6,558408557;16,01296374;2,41988696;2,103971029;3,468872156;5,863352682;2,292854749
X310;0;0;0;0;0;0;0;0;0;0;0;0;0;0;0;0
X311;1,349092985;0;0;0;0;0;1,65158232;0;0;0;0;0;0;0;1,089195227;0
X312;0,701035425;0;0;0;0;0;0;0;0;0;0;0;0;0;0;0
X313;0,288311806;0;0,666616205;0;0;0;0;0;0,922172975;0;0,581360238;0;2,536867807;0;0;0
X314;0;0;0;0;0;0;0;0;0;0;0;0;0;0;0;0
X315;0;0;0;0;0;0;0;0;0;0;0;0;0;0;0;0
X316;0;0;0;0;0;0;0;0;0;0;0;0;0;0;0;0
X317;0;0;0;0;0;0;0;0;0;0;0;0;0;0;0;0
X318;0;0;0,225634228;0;0;0;0;0;0;1,258990754;0;0;0;0;0,726130151;0
X319;0;0;0;0;0;0;0;0;0;0;0;0;0;0;0;0
X320;0,432467709;0;0;0;0;0,723737231;1,321265856;0;0;0;0;0,912427086;0;0;0;0
X321;0;0;0;0;0;0;0;0;0;0;0;0;0;0;0;0
X322;153,5666169;10,40527233;13,75510205;19,47764601;4,829573951;7,025845375;22,00249191;15,7492024;17,49254214;11,61638387;10,45457828;7,482009466;4,184003156;22,91386796;15,03842048;11,10262624
X323;20,16543111;0,589256711;0;0;1,972420817;0;0;0;0;0;0;0;0;0;0;0
X324;0;0;0;0;0;0;0;0;0;0;0;0;0;0;0;0
X325;0;0;0;0;0;0;0;0;0;0;0;0;0;0;0;0
X326;0;0,637463985;0;0;0;0;0;0;0;0;0;0;0;0;0;0
X327;0,144155903;0;0;0;0;0;0;0;0;0;0;0;0;0;0;0
X328;12,73268041;0;0;0;0;0;0;0;0;0;0;0,68857877;0;0;0;0
X329;0;0;0;0;0;0;0;0;0;0;0;0;0;0;0;0
X330;0;0;0;0;0;0;0;0;0;0;0;0;0;0;0;0
X331;0;0;0;0;0;0;0;0;0;0;0;0;0;0;0;0
X332;0;0;0;0;0;0;0;0;0;0;0;0;0;0;0;0
X333;0;0;0;0;0;0;0;0;0;0;0;0;0;0;0;0
X334;0;0;0,44783963;0;0;0;0;0,349982276;0;0;2,483599199;0,459052513;0;0;0,590102279;0,163535647
X335;0;0;0;0;0;0;0;0;0;0;0;0;0;0;0;0
X336;27,60943358;2,357026843;1,175482047;0,782297245;0;0,364953823;0,990949392;0,616851099;0,378548882;0;0;0,229526257;3,024587878;0;0;0
X337;0;0;0;0;0;0;0;0;0;0;0;0;0;0;0;0
X338;0;0;0;0;0;0;0;0;0;0;0;0;0;0;0;0
X339;0;0;0;0;0;0;0;0;0;0;0;0;0;0;0;0
X340;0,731693183;0;0;0;0;0;0;0;0;0;0;0;0;0;0;0
X341;5,200953959;0;0,892250433;1,674063455;2,202060404;1,498972552;1,51721831;0,658407825;1,243307783;4,175892271;2,483599199;1,865199359;3,793055157;1,541720958;0,295051139;1,62222691
X342;5,656109232;101,6878707;283,1399183;85,17207482;416,0731797;545,9634806;601,6471275;479,8608111;979,6748459;579,2963045;939,6173848;422,7291236;1103,601938;12,49277216;1293,208936;1145,146835
X343;0;0;0;0;0;0;0;0;0;0;0;0;0;0;0;0
X344;0;0;0;0;0;0;0;0;0;0;0;0;0;0;0;0
X345;189,2354608;17,31631284;20,01001594;17,26856868;18,53388834;25,21545128;10,62052817;18,04541978;9,101432142;12,33358205;21,59854475;14,1340927;21,81141086;14,01521714;13,7461252;25,14845466
X346;0;0;0;0;0;0;0;0;0;0;0;0;0;0;0;0
X347;0,144155903;0;0;0;0;0;0;0;0;0;0;0;0;0;0;0
X348;0;0;0;0;0;0;0;0;0;0;0;0;0;0;0;0
X349;0;0;0;0;0;0;0;0;0;0;0;0;0;0;0;0
X350;0;0;0;0;0;0;0;0;0;0;0;0;0;0;0;0
X351;0;0;0;0;0;0;0;0;0;0;0;0;0;0;0;0
X352;0;0;0;0;0;0;0;0;0;0;0;0,459052513;0;0;0;0
X353;0;0;0;0;0;0;0;0;0;0;0;0;0;0;0;0
X354;0;0;0;0;0;0;0,526268918;0;0;0;0;0;0;0,38543024;0;0
X355;0;0;0;0;0;0;0;0;0;0;0;0;0;0;0;0
X356;2,71333112;0;0;0;0;0;0;0;0;0;0;0;0;0;0;0
X357;0;0;0,222205402;0;0;0;0;0;0;0;0;0;0;0;0;0
X358;1,463386367;0;0;0,208439778;0;0;0;0;0;0;0;0;0;0,38543024;0;0
X359;0;0;0;0;0;0;0;0;0;0;0;0;0;0;0;0
X360;0;0;0;0;0;0;0;0;0;0;0;0;0;0;0;0
X361;1,071694846;0;0;0;0;0;0,330316464;0;0;0;0,805779421;1,147631283;0;1,156290719;0;0
X362;7,190069319;0;0;0,195574311;1,215849995;0;0;0;0;0;0;0;0,378073485;0;0,295051139;0,291475748
X363;0,288311806;0;0;0;0;0;0;0;0;0;0;0;0;0;0;0
X364;0;0;0;0;0;0;0;0;0;0;0;0;0;0;0;0
X365;0;0;0;0;0;0;0;0;0;0;0;0;0;0;0;0
X366;0;0;0;0;0;0;0;0;0;0;0;0;0;0;0;0
X367;3,812740251;0;0;0;0;0;0;0;0;0;0;0;0,701323676;1,156290719;0;1,254891858
X368;0;0;0;0;0;0;0;0;0;0;0;0;0;0;0;0
X369;0;0;0;0;0;0;0;0;0;0;0;0;0;0;0;0
X370;1799,8512;3597,150981;4479,875606;2205,615698;2547,598256;2739,497997;2532,463354;2796,338716;2632,248485;1947,745214;960,999636;748,550236;939,6019364;766,1351227;654,1563184;504,5201737
X371;75,40189879;29,79467873;55,30026293;61,3528654;81,82585176;84,75884526;100,1477141;115,2048239;49,57787131;167,3915622;182,1652298;171,472478;91,30239682;153,9120935;209,3464946;203,4511853
X372;0,19584576;0;0;0;0;0;0;0;0;0;0;0;0;0;0;0
X373;0;0;0;0;0;0;0;0;0;0;0;0;0;0;0;0
X374;0;0;0;0;0;0,749486276;0;0;0,391110648;4,062439341;0;0;0;0;0;0,163535647
X375;0;0;0;0;0;0;0;0;0;0;0;0;0;0;0;0
X376;0;0;0;0;0;0;0;0;0;0;0;0;0;0;0;0
X377;0;0;0;0;0;0;0;0;0;0;0;0;0;0;0;0
X378;0;0;0;0;0;0;0;0;0;0;0;0;0;0;0;0
X379;0;0;0;0;0;0;0;0;0;0;0;0;0;0;0;0
X380;0;0;0;0;0;0;0;0;0;0;0;0;0;0;0;0
X381;0;0;0;0;0;0;0;0;0;0;0;0;0;0;0;0
X382;0;0;0;0;0;0;0;0;0;0;0,402889711;0;0;0,38543024;0;0
X383;1089,062846;2427,219279;716,2758276;701,5583416;640,2003373;466,6232047;336,4979197;331,5923101;344,8165871;240,6865185;217,6030891;159,3321392;198,3733842;96,35285259;99,02505328;80,61388273
X384;0;0;0;0;0;0;0;0;0;0;0;0;0;0;0;0
X385;0;0;0;0;0;0;0;0;0;0;0;0;0;0;0;0
X386;1,504162556;1,577191083;0,225634228;0,869195395;0,493105204;0,739696961;0,330316464;0,30842555;0;0,629495377;0,805779421;0,68290083;0;0;0,590102279;0,309273521
X387;0;0;0;0;0;0;0;0;0;0;0;0;0;0;0;0
X388;0;0,469863549;2,030708053;0,869195395;0;0;0,660632928;0;0;0;2,662069726;0;0;0;0,363065076;0
X389;0;0;0;0;0;0;0;0;0;0;0;0;0;0;0;0
X390;0;0;0;0;0;0;0;0;0;0;0;0;0;0;0;0
X391;0;0;0;0;0;0;0;0;24,32245523;2,020213524;3,064959437;2,06573631;1,944082305;0,770860479;1,239030866;0,291475748
X392;0;0;0;0,208439778;0;0;0;0;0;1,086976605;0,290680119;0,459052513;0;0;1,515706751;0
X393;0;0;0;0;0;0;0;0;0;1,562732296;0;0;0;0;0,363065076;0
X394;0;0;0;0;0;0;0;0;0;0;0;0;0;0;0;0
X395;0;0;0;0;0;0;0,660632928;0;0;0;0;0;0;0;0;0
X396;0,144155903;0;0;0;0;0;0;0;0;0;0;0;0;0;0;0
X397;0;0;0;0;0;0;0;0;0;0;0;0;0;0;0;0
X398;0,19584576;0;0;0;0;0;0;0;0;0;0;0;0;0;0;0
X399;8,821587161;1,409590647;0;0;0,493105204;0;0;1,049946827;0;0;0;0;0;0;0;0,163535647
X400;8,354722982;2,33404823;13,43910952;6,69839614;10,80088894;17,72804541;17,59638811;13,88607763;23,37870488;49,92734297;49,37115594;35,29325192;25,05015654;30,80554988;41,62154982;25,5901899
X401;0;0;0;0;0;0;0;0;0;0;0;0;0;0;0;0
X402;0;0;0;0;0;0;0;0;0;0;0;0;0;0;0;0
X403;0;0;0;0;0;0;0;0;0;0;0;0;0;0;0;0
X404;0,39169152;0;0;0,391148622;0;0;0;0;0;0,457481228;0;0;0;0;0;0
X405;0,19584576;0;0,225634228;1,260344017;1,479315613;0;0;0,349982276;0;0;0;0,229526257;0;0;0;0
X406;12,50961314;10,32943766;7,36349567;4,970503502;7,502265066;10,98266893;4,478879363;9,301934575;9,610917092;8,578622082;5,855048305;13,1783312;14,63189409;19,85449867;18,834576;27,61855867
X407;0,19584576;0;0;0;0;0;0;0;0;0;0;0;0;0;0;0
X408;7,978544069;0,589256711;0;1,420482046;0;0,364953823;1,713170764;0;0;0;2,997797956;2,048702489;2,240475056;1,257467274;2,518512787;0,437213622
X409;0,701035425;0;0;0;0;0;0;0;0;0;0;0,229526257;0;0;0;0
X410;0;0;0;0;0;0;0;0;0;0;0;0;0;0;0;0
X411;0;0;0;0;0;0;0;0;0;0;0;0;0;0;0;0
X412;1,370920321;0,469863549;0;0;0;0;0;0;0;0;0;0;0;0;0;0
X413;0;0;0;0;0;0;0;0;0;0;0;0;0;0;0;0
X414;0;0;0;0;0;0;0;0;0;0;0;0;0;0;0;0
X415;12,17206217;2,468710907;1,626750503;2,420924417;2,582564558;3,330445775;1,3828543;0,337626415;2,877726214;0,629495377;29,44534879;3,991903511;24,1827201;11,2786535;1,583720687;0
X416;0;0;0;0;0;0;0;0;0;0;0;0;0;0;0;0
X417;0,19584576;0;0;0;0;0;0;0;0;0;0;0;0;0;0;0
X418;0;0;0;0;0;0;0;0;0,782221296;0;0;0;0;0;0;0
X419;0,896881185;28,40740511;74,57053856;57,42940213;93,07691634;69,16390688;73,05045839;75,67184014;113,3579469;99,87849883;32,3013775;27,33782437;28,94053798;38,0420272;30,70095713;21,98175889
X420;0;0;0;0;0;0;0;0;0;0;0;0;0;0;0;0
X421;0;0;0;0;0;0;0;0;0;0;0;0;0;0;0;0
X422;4,76848625;3,057967617;0,451268456;2,568196979;1,234981754;0,736611753;0,660632928;1,008390101;0;0;0;0,638966809;0;0;0;0
X423;97,9643456;1,864184681;0,676902684;1,186311334;0,361372396;1,09486147;0;0;0;0;0;1,545715955;1,079397161;0;1,297857175;0,35610206
X424;0;0;0;0;0;0;0;0;0;0;0;0;0;0;0;0
X425;0;0;0;0;0;0;0;0;0;0;0;0;0;0;0;0
X426;88,81096912;0,637463985;0,990301073;2,457153504;0,798177075;1,111354891;1,321265856;2,062826071;1,704394271;0;0;0;0,75614697;0;0;1,272689632
X427;0;0;0;0;0;0;0;0;0;0;0;0;0;0;0;0
X428;0;0;0;0;0;0;0;0;0;0;0;0;0;0;0;0
X429;0,82415923;0;0;0;0;0;0;0;0;0;0;0;0;0;0;0
X430;0;0;0;0;0;0;0;0;0;0;0;0;0;0;0;0
X431;0;0;0;0;0;0;0;0;0;0;0;0;0;0;0;0
X432;6,248673232;1,409590647;0,272945135;2,741993279;4,633760395;0,364953823;0,990949392;1,967356758;0;0,457481228;0;0,319483404;0;1,156290719;1,447692814;0,712204119
X433;0;0;0;0;0;0;0;0;0;0;0;0;0;0;0;0
X434;0,39169152;0;0;0;0;0;0;0;0;0;0,290680119;0;0;0;0;0
X435;16,66315028;1,05912026;0,451268456;1,612896239;3,45173643;2,593834022;0;0,954477514;1,761808345;2,517981508;0,290680119;0,958450213;5,114575982;2,129504308;0,363065076;0
X436;0;0;0,676902684;0;0;0;0;0;0;0,457481228;0;0,638966809;0;0;0;0
X437;0;0;0;1,237773201;0,361372396;1,498972552;3,034436619;2,671810453;0,461086488;0,781366148;0;0,319483404;0;0;0,295051139;0,490606942
X438;0;0;0;0;0;0;0;0;0;0;0;0;0;0;0;0
X439;0;0;0;0;0;0;0;0;0;0;0;0;0;0;0;0
X440;0,144155903;0;0,545890269;0;0,873609358;0;0;0;0,757097765;0,629495377;0;0;0;0;0,726130151;0
X441;75,65587445;10,45878997;4,735523789;4,557801864;2,601696316;1,860841167;0,856585382;3,680200554;1,930429708;0;0,693569829;0,459052513;0,78300441;1,541720958;1,239030866;1,774529565
X442;0;0;0;0;0;0;0;0;0;0;0;0;0;0;0;0
X443;0;0;0;0;0;0;0;0;0;0;0;0;0;0;0;0
X444;0;0;0;0;0;0;0;0;0;0;0;0;0;0;0;0
X445;0;0;0;0;0;0;0;0;0;0;0;0;0;0;0;0
X446;0;0;0;0;0;0;0;0;0;0;0;0;0;0;0;0
X447;17,6697909;4,365833348;1,390829796;1,623394392;2,5634328;1,09486147;0,990949392;0,67525283;2,556591406;0;1,208669132;1,461436747;0,350661838;0;1,475255696;1,173780296
X448;35,29285835;2,549855941;0,225634228;0,586722934;0;2,54542114;0;0,616851099;0;0;0,290680119;0,453374573;0;0,973213589;0,866778163;0,327071295
X449;0;0,589256711;0;0;0;0;0;0;0;0;0;0;0;0;0;0,35610206
X450;0;0;0;0;0;0;0;0;0;0;0;0;0;0;0;0
X451;0,233678475;0;0;0;0;0;0;0;0;0;0,402889711;0;0;0;0;0
X452;0;0;0,272945135;0;0;0;0;0;0;0,457481228;0;0,319483404;0;0;0,580914651;0
X453;0;0;0;0;0;0;0;0;0;0;0;0;0;0;0;0
X454;0;0;0;0;0;0;0;0;0;0;0;0;0;0;0;0
X455;2,46659074;21,88013697;4,807470305;8,271914273;2,620828074;2,613412651;0;3,979647817;5,714220981;0,457481228;1,741379076;0,229526257;2,32215579;0;1,747311442;0,145737874
X456;0;0;0;0;0;0;0;0;0;0;0;0;0;0;0;0
X457;0;0;0;0;0;0;0;0;0;0;0;0;0;0;0;0,163535647
X458;0,19584576;0;2,314573491;0,808028178;0;0,364953823;0;0;0;0;0,693569829;0,229526257;1,53915138;0,770860479;1,475255696;1,458691262
X459;1,057837705;0;0,676902684;0,808028178;0;1,498972552;0;0;0;1,562732296;0,581360238;1,37715754;0;0;1,42931756;1,337315944
X460;0;0;0;0;0;0;0;0;0;0;0,290680119;0;0;0;0;0
X461;0;0;0;0;0;0;0;0;0;0;0;0;0;0;0;0
X462;1,707183272;0;0;0;0;0,374743138;1,052537836;0;0,378548882;1,888486131;0;0;1,106808808;0;0,363065076;0
X463;0,377834378;0;0;0;0;0;0;0;0;0;0;0;0;0;0;0,327071295
X464;0;0;0;0;0;0;0;0;0;0;0;0;0;0;0;0
X465;0;0;0;0;0;0;0;0;0;0;0;0;0;0;0;0
X466;298,4237996;10,38760408;5,468697372;3,752140999;4,672023911;6,15793688;2,704120155;3,379641722;0,76965953;1,829924912;0,580459692;3,146721811;2,186205969;1,257467274;2,623277233;9,750430755
X467;2,068217034;0;1,041040805;0,843464461;1,366714562;1,8222176;0,856585382;0,616851099;1,975282017;0,781366148;0;0,459052513;1,402647353;0;0;0
X468;0;0;0;0;0;0;0;0;0;0,781366148;0,402889711;0,453374573;0;0;0;0
X469;0;0;0;0;0;0;0;0;0;0;0;0;0;0;0;0
X470;0;0;0;0;0;0;0;0;0;0;0;0;0;0;0;0
X471;0;0;0;0;0;0;0;0;0;0;0;0;0;0;0;0
X472;0;0;0;0;0;0,361868615;0;0;0;0;0;0,68857877;0;0;0;0
X473;1,960605838;0;0;0;0;0,364953823;0;0;0;0;0;0;0;0;0,295051139;0
X474;0;0;0;0;0;0;0;0;0;0;0;0;0;0;0;0
X475;2,328321785;0;0;0;0,722744791;0,723737231;0;0;0;0;0;0;0;0;0;5,341530893
X476;0,288311806;0;0;0;0;0,364953823;0;0;0;0,914962456;0;0;1,402647353;1,459820384;0;0
X477;37,32869716;1,274927971;0;0,391148622;0,798177075;0,364953823;0;0;1,704394271;2,344098444;0,581360238;1,467114688;0;0;0,866778163;0
X478;0;1,912391956;0;1,113071455;0,436804679;0;5,604192765;0;13,31571691;0;5,950547801;2,704703119;0;3,083441916;0,9347921;1,784450034
X479;0;0;0;0;0;0;0;0;0;0;0;0;0;0;0;0
X480;1,133503134;82,71562052;159,8559443;42,72317129;42,81394806;69,96138928;124,6974694;131,4061902;179,7408681;539,1329404;551,6378232;446,3477288;263,2486145;619,5026764;374,0601793;382,3762321
X481;7290,375435;15388,31075;8392,948933;5090,042252;8846,700331;5097,979984;5833,735628;4785,190724;4489,969536;2874,62022;4553,999973;9892,69891;10092,28904;9103,200466;7913,731758;7174,344143
X482;0;0;0;0;0;0;0;0;0;0;0;0;0;0;0,285863512;0
X483;0;0;0;0;0;0;0;0;0;0;0;0;0;0;0;0
X484;0;0;0;0;0;0;0;0;0;0;0;0;0;0;0;0
X485;696,3279578;23,99597876;16,53912368;15,75882117;1271,854756;64,97012195;29,19667855;10,18116536;16,78554039;269,2024442;205,7873573;164,0236929;11,79807932;204,7023666;203,992749;868,1694678
X486;0;0;0;0;0;0;0;0;0;0;0;0;0;0;0;0
X487;0;0;0;0;0;0;0;0;0;0;0;0;0;0;0;0
X488;33,7503703;2,118240519;0;0,195574311;0,361372396;0,723737231;1,186901846;2,004424341;0;0,629495377;0;0;1,957511026;0;0;1,330751162
X489;0,731693183;1,274927971;0;0,208439778;0;0,723737231;0;0;0;0;1,968499897;0,229526257;0;0;0;0
X490;0;0;0;0;0;0;0;0;0;0;0;0;0;0;0;0
X491;0,288311806;0;0;0;0;0;0;0;0;0;0;0;12,09835151;0;0;0
X492;0;0;0;0;0;0;0;0;0;0;0;0;0;0;0;0
X493;0;0;0;0;0;0;0;0;0;0;0;0;0;0;0;0
X494;0;0;0;0;0;0;0;0;0;0;0;0;0;0;0;0
X495;0;0;0;0;0;0;0;0;0;0;0;0;0;0;0;0
X496;0,731693183;0;2,939409956;1,783532421;0,986210409;1,091776262;2,043487228;0,699964551;2,095504919;4,821793196;5,275489159;4,910608142;10,47419416;3,406247562;1,384246366;2,509783716
X497;0,144155903;0;0;0;0;0;0;0;0;0;2,19291908;0;0;0;0;0
X498;0;0;0;0;0;0;0;0;0;0;0;0;0;0;0;0
X499;13,83258231;136,2914292;740,8509754;856,2855132;1953,285346;2812,277031;3661,806765;4340,851946;4588,523208;4265,040577;3277,806168;2111,375154;1574,940347;1333,176206;659,0133446;462,3922968
X500;4510,256959;15615,67612;7635,037512;4566,000392;2711,434385;2855,223453;1879,128816;2004,152036;1165,696087;442,0267975;470,6921379;370,3351599;439,2669916;215,8650961;288,7007739;40,19723015
X501;0;0;0;0;0;0;0;0;0;0;0;0;0;0;0;0
X502;2,580088885;1,274927971;9,521787312;3,85427193;22,75775604;4,380513262;4,478879363;2,679677171;6,598708658;4,690065803;12,22789755;3,558251468;1,53915138;3,468872156;4,375208814;1,610993918
X503;0;0;0;0;0;1,114440099;0;0,699964551;1,844345951;0;0;0;0,350661838;0;0;0
X504;0;0;0;0;0;0;0;0;0;0;0;0;0;0;0;0
X505;0;0;0;0;0;0;0;0;0;0;0,402889711;0;0;0,770860479;0;0
X506;0;0;0;0;0;0;0;0;0;0;0;0;0;0,486606795;0;0
X507;0;0;0;0;0;0;0;0;0;0;0;0;0;0;0,875965791;2,497966676
X508;1,006147847;0,637463985;1,656917278;0,820893645;2,033158828;0,739696961;1,052537836;0,658407825;0;0;0,290680119;1,147631283;5,61058941;0,486606795;3,793427219;0,35610206
X509;0;0;0;0;0;0;0;0;0;0;0;0;0;0;0;0
X510;0;0;0;0;0;0;0;0;0;0;0;0;0;0;0;0
X511;0;0;0;0;0;0;0;0;0;0;0;0;0;0;0;0
X512;0,19584576;0;0;0,416879556;0;0;0;0;0;0;0;0;0;0;0;0
X513;20,11614478;2,357026843;0;0,391148622;0;0;0;0;0;0;0;0;0;0;0;0
X514;0,521990281;1,409590647;0,225634228;0;0,493105204;0;0;0;0;0;0;0;1,134220454;0;0;0
X515;0;0;0;0;0;0;0;0;0;0;0;0;0;0;0;0
X516;0;0;0;0;0;0;0;0;0;0;0;0;0;0;0;0
X517;0;0;0;0;0;0;0;0;0;0;0;0;0;0;0;0
X518;141,1855233;0;1,121313488;0,195574311;0;0,374743138;0,660632928;0;0,461086488;0;0;1,136275403;1,051985515;0,486606795;0;0,472809169
X519;0;0;0;0;0;0;0;0;0;0;0;0;0,378073485;0;0;0
X520;35,69749494;0;0,545890269;0,195574311;0,361372396;0;0;0;0,757097765;0,629495377;0;0,638966809;0;0;0;0
X521;0;0;0;0;0;0;0;0;0;0;0;0;0;0;0;0
X522;0;0;0;0;0;0;0;0;0;0;0;0;0;0;0;0
X523;0;0;0;0;0;0;0;0;0;0;0;0;0;0;0;0
X524;0;0;0;0;0;0;0;0;0;0;0;0;0;0;0;0
X525;2,103106275;0;0;0;0;0;0;0;0;0;0;0;0;0;0;0
X526;0;0;0;0;0;0;0;0;0;0;0;0;0;0;0;0
X527;0;0;0;0;0;0;0;0;0;0;0;0;0;0;0;0
X528;0;0;0;0;0;0;0;0;0;0;0;0;0;0;0;0
X529;2,540172924;0;0,222205402;0,208439778;0,986210409;0;1,052537836;0,616851099;0;2,344098444;0;0,453374573;0,701323676;0,38543024;0,295051139;0,291475748
X530;0;0;0;0;0;0;0;0;0;0;0;0;0;0;0;0
X531;0;0;0;0;0;0;0;0;0;0;0;0;0;0;0;0
X532;0;0;0;0;0;0;0;0;0;0;0;0;0;0;0;0
X533;0;0;0;0;0;0;0;0;0;0;0;0;0;0;0;0
X534;0;0;0;0;0;0;0;0;0;0;0;0;0;0,973213589;0,363065076;0
X535;0;0;0;0;0;0;0;0;0;0;0;0;0;0;0;0
X536;0;0;0;0;0;0;0;0;0;0;0;0;0;0;0;0
X537;13,61325375;0;0;0;0;0;0;0;0;0;0;0,906749146;0;0;0;0
X538;0;0;0;0;0;0;0;0;0;0;0;0;0;0;0;0
X539;0;0;0;0;0;0;0;0;0;0;0;0;0;0;0;0
X540;0;0;0,451268456;0;0;0;0;0,30842555;0;0,781366148;0;0,229526257;0;0;0;0
X541;0;0;0;0;0;0;0;0;0;0;0;0;0;0;0;0
X542;0;0;0;0;0;0;0;0;0;0;0;0;0;0;0;0,35610206
X543;81,92048807;0,939727098;2,464832378;5,674033437;6,478885889;5,165004207;2,838484166;1,008390101;3,256275097;0;4,227679912;2,693347238;3,710820217;0,973213589;3,707904971;6,525231658
X544;0;0;0;0;0;0;0;0;0;0;0;0;0;0;0;0
X545;6,555933891;0;0;0,391148622;0;0;1,321265856;0,67525283;0,782221296;0;0,290680119;0;2,268440909;0,486606795;0;0,291475748
X546;0;0;0;0;0;0;0;0;0;0;0;0;0;0;0;0
X547;7,36997469;1,178513421;10,15354027;4,143289622;2,31909894;5,983015685;15,06584616;9,371580599;0,378548882;0;21,79306675;16,20252795;6,805322727;10,22353934;6,869911913;3,743522114
X548;0,233678475;0;0;0,208439778;0;0,723737231;0;0;0,922172975;0;0;0;0;0;0;0
X549;0;0;0;0;0;0;0;0;0;0;0;0;0;0;0;0
X550;0;0;0;0;0;0;0;0;0;0;0;0;0;0;0;0
X551;0;0;0,451268456;0,856329928;3,475305674;2,177382109;1,65158232;2,033625206;0,757097765;0;0,871139811;3,051086723;7,032355051;4,056655505;6,644608598;3,931566908
X552;0;0;0;0;0;0;0;0;0;0;0;0;0;0;0;0
X553;0;0;0;0;0;0;0;0;0;0;0;0;0;0;0;0
X554;0;0;0;0;0;0;0;0;0,461086488;0;0;0;0;0;0;0
X555;0;0;0,673473858;4,105486026;10,17605093;24,96488403;16,00639423;23,66647034;31,52035346;84,50563245;82,39181882;53,01100678;39,7468299;47,68737649;70,38490882;48,4134077
X556;0;0;0;0;0;0;0;0;0;0;0;0;0;0;0;0
X557;0;0;0,498579363;0,660755617;0;1,114440099;0;0,68760869;4,038496392;0;0,290680119;0;1,457470646;3,406247562;0,580914651;0
X558;0;0;0;0;0;0;0;0;0;0;0;0;0;0;0;0
X559;0,968315133;6,522321994;9,842677176;6,80651559;16,25305292;10,2219092;11,13560996;5,188638294;3,548740222;4,232584575;15,86611231;11,09497169;7,341068113;16,04354489;10,43428262;5,253710125
X560;1169,995913;789,3603131;1155,572236;565,6819984;753,2045247;913,4679203;602,7337009;462,6874235;377,4135568;554,112762;726,291852;504,6830412;539,8779599;560,0163736;770,0248721;926,5353465
X561;3,139911881;7,281429191;19,54425633;26,27187504;63,43372444;132,6281693;63,04581467;44,16608245;65,71759756;20,36148167;199,5666549;257,2902448;260,8943183;186,938731;366,5475021;716,1574478
X562;0;0;0;0;0;0;0;0;0;0;0;0;0;0;0;0
X563;0;0;0;0,635024683;1,479315613;2,942828115;1,713170764;1,962867615;1,148208412;2,801579672;0,805779421;1,870877299;0;2,433033973;5,795338746;2,982592885
X564;0;0;0;0;0;0;0;0;0;0;0;0;0,391502205;0;0;0
X565;1,697064842;48,40568915;52,37154118;20,31538024;17,03100349;26,50194646;14,83067951;12,97764599;10,00017914;14,31724665;30,69702302;11,89203093;2,294744144;11,98688939;6,235605386;3,286614147
X566;0;0;0;0;0;0;0;0;0;0;0;0;0;0;0;0
X567;0;0,637463985;0;0;0;0;0;0;0;0;0;0;0;0;0;0
X568;0;0;0;0;0;0;0;0;0;0;0;0;0;0;0;0
X569;0;0;0;0;0;0;0;0,337626415;0;0;0;0;0,78300441;0;0;0
X570;0;0;0;0;0;0;0;0;0;0;0;0;0;0;0;0
X571;0;0;0;0;0;0;0;0;0;0;0;0;0;0;0;0
X572;1,071694846;0;0;0;0,436804679;0;0;0;0;0;0;0;0;0;0;0
X573;0;0;0;0;0;0;0,660632928;0;0;0;2,371389607;0;0;0;0;0
X574;0;0;0;0;0;0;0;0;0;0;0;0;0;0;0;0
X575;0;0;0;0;0;0;0;0;0;0;0;0;0;0;0;0
X576;0,233678475;0;0;0;0;0;0;0;0;0;0;0;0;0;0;0
X577;0;0;4,444108037;0;0,361372396;0;0;0,30842555;0;0;0;0;0;0;0;1,308285178
X578;0;0;0;0;0;0;0;0;0;0;0;0;0;0;0;0
X579;2,173252214;0;0;0;0;0;0;0;0;0;0;0;0;0;0;0
X580;0;0;0;0;0;0;0;0;0;0;0;0;0;0;0;0
X581;0;0;0;0;0;0;0;0;0,461086488;0;0;0;0;0;0;0
X582;0;0;0;0;0;0;0;0;0;0;0;0;0;0;0;0
X583;0;0;0;0;0;0;0;0;0;0;0;0;0;0;0;0
X584;0;0;0;0;0;0;0;0;0;0;0;0;0;0,770860479;0;0
X585;0,288311806;6,976916031;32,36754821;27,61991001;64,43238114;176,0601451;282,6002819;533,3115794;933,0055241;2226,415064;1902,270006;1107,426163;1040,870489;2159,470682;1655,362644;929,169713
X586;33,78568732;2,382255505;2,64721835;5,7643167;4,807099456;4,729507355;1,186901846;6,309342712;5,22801096;0;0,580459692;0,459052513;1,051985515;0;1,543269633;1,237094085
X587;0,144155903;0;0;0;0;0;0;0;0;0;0;0;0;0;0;0
X588;0;0;0;0;0;0;0;0;0;0;0;0;0;0;0;0
X589;0;0;0;0;0;0;0;0;0;0;0;0;0;0;0;0
X590;27,04991305;11,66028201;3,680767678;4,474063832;4,765493204;4,826333121;2,435392136;7,522822333;5,333823498;2,517981508;0;0,68857877;0,391502205;1,459820384;0;0
X591;0,144155903;0;0;0;0;0;0;0;0;0;0;0,229526257;0;0;0;0
X592;0;0;0;0;0;0;0;0;0;0;0;0;0;0;0;0
X593;0;0;0,451268456;1,219380303;0;0;0;0;0;0;0,402889711;0;0;0;0;0
X594;0;0;0;0;0;0;0;0;1,51419553;0;0;0;0;0;0;0
X595;0;0;0,222205402;0;0;0,374743138;0;0,30842555;0,852197135;0;0;0;0;0;0;0
X596;0;0;0;0;0;0;0;0;0;0;0;0;0;0;0;0
X597;0;0;0;0;0;0;0;0;0;0;0;0;0;0;0;0
X598;0;0;0;0;0;0;0;0;0;0;0;0;0;0;0;0
X599;0;0;0;0;0;0;0;0;0;0;0;0;0;0;0;0
X600;0;0;0;0;0;0;0;0;0;0;0;0;0;0;0;0
X601;1,21585075;1,226720696;0,498579363;0;0;0,736611753;0,660632928;0;0;0;1,160919384;0,958450213;0;0;0;0
X602;0;0;0;0;0;0;0;0;0;0;0;0;0;0;0;0
X603;0;0;0;0;0,361372396;0;0;0;0;0,457481228;0;0;0;0;0;0
X604;1,576884511;0;0;0;0;0;0;0;0;0;0;0;0;0;0;0
X605;0;0;0;0;0;0;0;0;0;0;0;0;0;0;0;0
X606;0,625369995;0;0;0;0,436804679;0,374743138;0,330316464;0;0;0;1,677819778;0;0,742164044;0;7,751312136;192,7829966
X607;0;0;0;0;0;0;0;0;0;0;0;0;0;0;0;0
X608;0;0;0;0;0;0;0;0;0;0;0;0;0;0;0;0
X609;0;0;0;0;0;0;0;0;0;0;0;0;0;0;0;0
X610;6,515157702;2,357026843;4,746444093;2,106968596;0,722744791;1,114440099;0;2,258937304;1,551880826;0;0,580459692;3,753110479;2,914387086;1,642897513;2,332846232;3,046635148
X611;0;0;0;0;0;0;0;0;0;0;0;0,229526257;0;0,38543024;0;0
X612;2,191340839;6,953937417;3,399496377;5,17894328;19,74754884;9,874399242;13,55981497;6,393139629;15,9405866;20,64321092;6,952408391;20,00883922;24,57919043;0,872037034;14,30034392;11,5824378
X613;0;0;0;0;0;0;0;1,012879244;0;0;0;0,453374573;0,75614697;0;0;0
X614;0;0;0;0;0;0;0;0;0;0;0;0;0;0;0;0
X615;0;0;0;0;0;0;0;0;0;0;0;0;0;0;0;0
X616;258,9462582;71,34974383;241,1799339;177,5069999;97,02751878;157,0334827;160,8868479;104,2369905;78,94360823;101,3100503;1166,65549;304,4172615;57,12064286;727,8079481;293,3386893;33,57061704
X617;3,603037348;0,469863549;0;1,785899734;1,479315613;1,124229414;2,043487228;2,662832166;2,391516196;0;1,967599351;7,603955379;1,862955777;8,151862972;4,724466123;4,737428105
X618;0;0;0;0;0;0;0;0;0;0;0;0;0;0;0;0
X619;0;0;0;0;0;0;0;0;0;0;0;0;0;0;0;0
X620;0,19584576;0;0;0;0;0;0;0;0;0,457481228;0;0;0;0;0;0,291475748
X621;17,83779706;0,469863549;4,207411477;4,588267425;7,325583267;8,021863255;2,312215248;107,1899947;4,239408299;3,526253516;6,599069518;2,827238407;4,102876628;6,205435793;2,958779426;3,874233853
X622;0;0;0;0;0;0;0;0;0;0;0;0;0;0;0;0
X623;0;0;0;0;0;0;0;0;0;0;0;0;0;0;0;0
X624;23,28089246;0;0;0;0;1,447474462;0;0;0;0;0;0;0;0;0,285863512;0
X625;0;0;0;0;0;0,364953823;0;0;0;0;0;0;0;0;0;0
X626;0;0;0;0;0;0;0;0;0;0;0;0;0;0;0,590102279;0
X627;0;0;0;0;0;0;0;0;0;0;0;0;0;0;0;0
X628;0;0;0;0;0;0;0;0;0;0;0;0;0;0;0;0
X629;0;0;0;0;0;0;0;0;0;0;0;0;0;0;0;0
X630;0;0;0;0;0;0;0;0;0;0;0;0;0;0;0;0
X631;0;0;0;0;0;0;0;0;0;0;0;0;0;0;0;0
X632;0,144155903;0;0,451268456;0,195574311;0;0;0;0;0;0;0;0;0,701323676;0,973213589;2,155447711;1,091356211
X633;0;0;0;0;0;0;0;0;0;0;0;0;0;0;0;0
X634;0;0;0;0;0;0;0;0;0;0;0;0;0;0;0;0
X635;0;0;0;0;0;0;0;0;0;0;0;0;0;0;0;0
X636;0;0;0;0;0;0;0;0;0;0;0;0;0;0;0;0
X637;0;0;0;0;0;0;0;0;0;0;0;0;0;0;0;0
X638;0;0;0;0;0;0;0;0;0;0;1,611558843;0,319483404;0;0,770860479;0,295051139;0
X639;0;0;0;0;0;0;0;0;0;0;0;0;0;0;0;0
X640;0;0;0;0;0;0;0;0;0;0;0;0;0;0;0;0
X641;0;1,107327534;1,812565302;1,867270453;3,263703096;4,784624344;3,818246435;2,425164208;3,82317412;6,216249173;7,917246606;8,903101029;8,65374137;15,47503752;15,08159983;9,069153973
X642;6,768580268;1,767770132;0,225634228;0;0;0;0;0;0,757097765;0;0,581360238;0;0,78300441;0,770860479;0;0,291475748
X643;0;0;0;0;0;0;0;0;0;0;0;0;0;0;0,295051139;0
X644;0;0;0;0;0;0;0;0;0;0;0;0;0;0;0;0
X645;0;0;0;0;0;0;0;0;0;0;0;0;0;0;0;0
X646;0;0;0;0;0;0;0;0;0;0;1,160919384;0;0;0;0;0
X647;0;1,767770132;0;0;0;0;0;0;0;0;0;0;0;0;0;0
X648;0;0;0;0;0;0;0;0;0;0;0;0;0;0;0;0
X649;0;0;0;0;0;0;0;0;0;0;0;0;0;0;0;0
X650;0;0;0;0;0;0;0;0;0;0;0;0;0;0;0;0
X651;0;0;0;0;0;0,364953823;0;0;0,461086488;0;0;0;0,701323676;0;0;0,145737874
X652;0;0;0;0;0;0;0;0;0;0;0;0;0;0;0;0
X653;0;0;0;0;0;0;0;0;0;0;0;0;0;0;0;0
X654;1,830307077;1,528983809;4,364528016;2,725967694;2,164891637;5,132551055;5,665781208;7,352106287;1,596733135;2,649708901;7,826249838;1,231910491;2,900958366;1,541720958;3,911946781;4,55871973
X655;0;0;0;0;0;0;0;0;0;0;0;0;0;0;0;0
X656;0;0;0;0,195574311;0;0;0;0;0;0;0;0;0;0;0;0
X657;0;0;0;0;0;0;0;0;0;0;0;0;0;0;0;0
X658;1,876109986;1,409590647;0,545890269;0,243876061;0,929909883;1,098480369;0,660632928;0,925276649;0,757097765;4,232584575;2,32363986;0;0;0;0;0
X659;18421,94603;1435,29747;440,6255582;706,3856775;958,9357017;643,4168763;486,9544204;496,336006;430,5165881;190,0917453;396,5866427;557,8617063;356,9434131;409,3803925;325,6512436;301,6039348
X660;0;0;0;0;0;0;0;0;0;0;0;0;0;0;0;0
X661;0,144155903;0;0;0;0;0;0;0;0;0;0;0;0;0,973213589;0;0
X662;1993,09605;5080,582227;3277,680594;5500,352213;5820,759765;6168,233383;6382,07179;10081,50795;9167,773663;6894,4696;4817,920511;5056,167175;6539,713169;4338,504876;4534,71608;3895,039778
X663;0;0;0;0;0;0;0;0;0;0;0;0;0;0;0;0
X664;0;0;0;0;0;0;0;0;0;0;0;0;0;0;0;0
X665;0;0;0;0;0;0;0;0;0;0;0;0;0;0;0;0
X666;0;0;0;0;0;0;0;0;0;0;0;0;0;0;0;0
X667;0;0;0;0;0;0;0;0;0;0;0;0;0;0;0;0
X668;1,223025706;0;0,818835404;0;0;0;0;0,337626415;0;0;0;0;0;0;0;0
X669;0;0;0;0;7,396578063;0;0,990949392;0,699964551;1,892744412;3,451218427;4,206467089;46,70142068;0;5,636928424;2,72347419;6,174381859
X670;0,19584576;0;0;0;0;0;0;0;0;0;0;0;0;0;0;0
X671;0;0;0;0;0;0;0;0;0;0;0;0;0;0;0;0
X672;7,976395833;3,743638877;5,850613449;2,588400481;7,283977015;6,973813593;5,800145219;6,035290635;7,079449217;5,149415947;1,499349251;0,918105027;0;5,921182109;2,54145553;2,104956546
X673;0;0;0;0;0;0;0;0;0;0;0;0;0;0;0;0,35610206
X674;1,239826322;0,939727098;0,545890269;0,416879556;1,859819767;0,361868615;2,177851238;1,321304794;3,539724608;1,372443684;2,662069726;2,458143041;0,391502205;3,285795026;4,052594793;8,775635063
X675;0;0;0;0;0;0;0;0;0;0;0;0;0;0;0;0
X676;0,58753728;0;0;0,487752121;0;0;0;0;0,757097765;0;0,872040356;0;1,174506616;0;0;0,145737874
X677;0;0;0;0;0;0;0;0;0;0;0;0;0;0;0;0
X678;0;0;0;0,243876061;0;0;0;0;0;0;0;0;0;0;0;0
X679;0;0;0;0;0;0;0;0;0;0;0;0,778535918;0;1,358643829;1,438505187;0
X680;0;0;0;0;0;0;0;0;0;0;0;0;0;0;0;0
X681;0;0;0;0;0;0;0;0;0;0;0;0;0;0;0;0
X682;0;0;0;0;0;0;0;0;0;0;0;0;0;0;0;0
X683;0,144155903;0;0;0;0;0;0;0;0;0;0;0;0;0;0;0
X684;0;0;0;0;0;0;0;0;0;0;0;0;0;0;0;0
X685;0;0;0;0;0;0;0;0;0;0;0;0,68857877;0;0;0;0
X686;0;0;0;0;0;0;0;0;0;0;0;0;0;0;0;0
X687;0;0;0;0;0;0;0;0;0;0;0;0;0;0;0;0