<configuration>

  <property name="DEV_HOME" value="c:/logs" />
  
  
  
  
  <appender name="ReadableFILE" class="ch.qos.logback.core.rolling.RollingFileAppender">
    <file>${DEV_HOME}/debugLesbar.log</file>
    <encoder class="ch.qos.logback.classic.encoder.PatternLayoutEncoder">
	<Pattern>%msg%n</Pattern>
      <!--Pattern>%d{HH:mm:ss.SSS} [%thread] %-5level %logger{36} - %msg%n</Pattern-->
    </encoder>
 
    <rollingPolicy class="ch.qos.logback.core.rolling.TimeBasedRollingPolicy">
      <!-- rollover daily -->
      <fileNamePattern>${DEV_HOME}/archived/debug.%d{yyyy-MM-dd}.%i.log</fileNamePattern>
	  <timeBasedFileNamingAndTriggeringPolicy class="ch.qos.logback.core.rolling.SizeAndTimeBasedFNATP">
	  <maxFileSize>100MB</maxFileSize>
	  </timeBasedFileNamingAndTriggeringPolicy>
	</rollingPolicy>
  </appender>
  
  
  <appender name="STDOUT" class="ch.qos.logback.core.ConsoleAppender">
    <!-- encoders are assigned the type
         ch.qos.logback.classic.encoder.PatternLayoutEncoder by default -->
    <encoder>
      <pattern>%d{HH:mm:ss.SSS} [%thread] %-5level %logger{36} - %msg%n</pattern>
    </encoder>
  </appender>
  
  
  <appender name="ResultsAsCSV" class="ch.qos.logback.core.FileAppender">
    <file>${DEV_HOME}/debugCSV.log</file>
    <encoder class="ch.qos.logback.classic.encoder.PatternLayoutEncoder">
	<Pattern>%msg%n</Pattern>
      <!--Pattern>%d{HH:mm:ss.SSS} [%thread] %-5level %logger{36} - %msg%n</Pattern-->
    </encoder>
 
  </appender>

  
 <!-- additivity=false ensures analytics data only goes to the analytics log -->
    <logger name="ResultsAsCSV" level="all" additivity="false">
        <appender-ref ref="ResultsAsCSV"/>
    </logger>  
   
  <root level="all">
    <appender-ref ref="ReadableFILE" />
  </root>
</configuration>